:020000040800F2
:10000000000004200DEB000841E9000845E9000864
:1000100049E900084DE9000851E900085DEB0008D6
:1000200000000000000000000000000051930108E3
:1000300055E9000800000000E1920108D5670108B9
:100040005DEB00085DEB00085DEB00085DEB000870
:100050005DEB00085DEB00085DEB00085DEB000860
:100060005DEB00085DEB00085DEB00085DEB000850
:100070005DEB00085DEB00085DEB00085DEB000840
:100080005DEB00085DEB00085DEB00085DEB000830
:100090005DEB00085DEB00085DEB00085DEB000820
:1000A0005DEB00085DEB00085DEB00085DEB000810
:1000B0005DEB000859E9000865E900085DEB000800
:1000C0005DEB00085DEB00085DEB00085DEB0008F0
:1000D0005DEB00085DEB00085DEB000871E90008CE
:1000E0007DE900085DEB000889E900085DEB000888
:1000F0005DEB00085DEB00085DEB00085DEB0008C0
:100100005DEB000895E90008A1E900085DEB000837
:100110005DEB00085DEB00085DEB00085DEB00089F
:100120005DEB0008ADE90008B9E900085DEB0008E7
:10013000C5E900085DEB00085DEB00085DEB000819
:100140005DEB00085DEB0008D1E900085DEB0008FD
:100150005DEB00085DEB00085DEB00085DEB00085F
:100160005DEB0008DDE900085DEB00085DEB0008D1
:100170005DEB0008000000005DEB000800000000DF
:10018000E9E900085DEB00085DEB00085DEB0008A5
:100190005DEB00085DEB00085DEB00085DEB00081F
:1001A0005DEB00085DEB00085DEB00085DEB00080F
:1001B0005DEB000800000000F5E900085DEB0008B9
:1001C0005DEB0008000000005DEB00085DEB00083F
:1001D0005DEB00085DEB00085DEB00085DEB0008DF
:1001E0005DEB00085DEB00085DEB00085DEB0008CF
:0401F000000000000B
:1002000010B5054C237833B9044B13B10448AFF350
:1002100000800123237010BD0804032000000000AB
:10022000FC9E010808B5034B1BB103490348AFF31B
:10023000008008BD000000000C040320FC9E0108A3
:10024000034613F8012B002AFBD1181A0138704716
:10025000704700BF30B5214C214D83B04FF0FF33C4
:10026000022220680DF1060117F04CF9022807D090
:100270002B78012B29D001211A480DF0C3FDEDE7A1
:1002800042F20303BDF806209A42F1D816494FF016
:10029000FF33206817F036F9BDF806108142E7D128
:1002A000114807F079F80028D8D12B78BDF806104E
:1002B000012B0D480DD005F045F90128CED12B7842
:1002C000B3FA83F35B092B70C8E708480DF008FE0A
:1002D000C4E703F0C7FE0128C0D1F0E728050320DA
:1002E000FC04032028AB010840B8002008AB01083B
:1002F0002DE9F04F864C9BB0DFF83082854F864E5B
:100300000AAD4FF0FF3328226946206817F0FAF84B
:100310002828F6D103980DF07FFF8346002840F08F
:100320009A80029B002B77D10098D8F80030984231
:1003300000F099802A46594607F0CEF817F096FE4D
:1003400029460246684607F0F1FF17F08FFE29465E
:10035000024668460AF05EFB17F088FE2946024610
:10036000684606F0FFFF3B78002BCAD0069BB3F52A
:10037000001F00F086800121BBF1080F28BF4FF05D
:10038000080B002289465FFA8BFBDDE9013000286B
:100390006FD13144002B00F0AA805420B054009853
:1003A0000DF0E2FD09EB00035FFA83F9069A06EB14
:1003B0000901B2F5001F6FD00BF00F000DF052FED7
:1003C00009EB00035FFA83FABBF1000F0CD0A946DA
:1003D000AB4419F8010B06EB0A010DF033FED945C9
:1003E00050445FFA80FAF4D1FA78002A5ED17A7923
:1003F0001AB1069AB2F5001F7DD00D220AF1010153
:100400004548C9B206F80A200DF0FCFC00283FF46C
:1004100078AF00233B7074E7B3F1005F9CD1009B81
:10042000B3F5E06F98D13D4801990360039B4160AB
:10043000082B28BF08231A460023C260C0E90533F1
:1004400083600822364937480DF0F2FE35493348BB
:1004500003F068FC80E702464FF0FF33294620682E
:1004600017F050F85DE73049304803F05BFC009826
:1004700060E77BB352204FF0000BB054314400983A
:100480008EE7059B0221B3F5801F14BF3023312373
:1004900001228946337078E7039800F00F000DF0D1
:1004A000E1FD09EB00035FFA83FA8DE717F0DEFD4B
:1004B0004EF6602C1E4B06EB0A01A3FB00E2920BEA
:1004C0000CFB120080B20DF09BFD0AEB00035FFAFB
:1004D00083FA8CE772209B46B0540098314480B276
:1004E0000DF078FD09EB00035FFA83F95EE77420F5
:1004F000B0540098F3E7049AB2F1004F7FF47DAF57
:1005000069220AF1010306F80A205FFA83FA74E708
:10051000A43803208401032040B6002038040320BF
:100520009005FA0B2C040320F8390320003A03202D
:1005300073B2E7452DE9F0431F4D9BB0DFF8808093
:1005400001AE0AAF002404EBC401C4F124024FF051
:10055000FF33286806EB810116F0D4FF0444232CF6
:10056000F1D904980DF058FE039B8146B3F1005F6A
:1005700000D0A0B911480FF005F950B13A46314604
:100580000E480EF0BFFFD8F80C300133C8F80C301D
:10059000D8E74FF0FF32012118F0FEF8EAE7002417
:1005A000A9EB040239194FF0FF33286816F0AAFFAF
:1005B00004444C45F4D3DDE7A03803200828032089
:1005C00010000320F0B583B006F02CFF03F0AEFA64
:1005D00007F0ACFF00F0D8FD0BF0D8F817F046FD9F
:1005E00006F0B8FE214813F083F8214813F048F8CC
:1005F000204921480AF046F9204D08F0DBFF204E43
:10060000204F05E001330CD10A2101A817F0C0FBEF
:1006100017F02CFD32682B6801320190F2D10133C2
:100620000BD04FF47A7401E0013CEDD02846164916
:1006300003F078FB0028F7D0E6E70BF0A5F8019867
:100640000BF0AAF8019800F0A1FD3B784BB101989E
:1006500006F0A4FE019807F067FE01980AF028F959
:10066000D2E7019807F036F8F1E700BF40250320F4
:10067000A824032018180320A8260320D439032017
:10068000003A032092000320CC3903202DE9F043E7
:1006900000262B4DDFF8B490DFF8B480294FA7B0C7
:1006A00016E0630203D52B7943F080032B7198F891
:1006B000003033B10B9B23B1642016F067F903F0CF
:1006C00035FA0022022311463868009618F0E6F841
:1006D0004FF0FF320121002018F05EF818F094FC72
:1006E00019480FF0A5F9044606A917480FF006F8B7
:1006F00002A915480FF02AF85422294611A8AC6027
:1007000019F0A4FB104B1E66189BB3F5003F02D9ED
:10071000AB689A020CD418F085FC99F80030012BD4
:10072000BFD1234611AA06A902A807F007F9B8E726
:10073000012385F820300B9303F082FAEBE700BF2A
:1007400010000320C81C032008280320103E0320AB
:100750002804032000232DE9F04385B05B4C5C4E58
:10076000DFF878815B4D0DF10E078DF80B3005E059
:1007700000214FF0FF32084618F00EF8206816F0FE
:10078000CBFD0028F4D04FF0FF33012220680DF19B
:100790000B0116F0B7FE0128EAD1206816F0BCFD67
:1007A0000128E5D94FF0FF330222206803A916F093
:1007B000A9FE0228DCD1BDF80C20B2F5845FD7D8A1
:1007C000002A56D19DF80B90B9F1000F16D117F001
:1007D0004DFC414B3146BDF80C2000970DF044FA1A
:1007E000BDF80E30002B57D117F040FC31463A4B84
:1007F000BDF80C2000970DF087FAB9E717F036FC2A
:10080000354B3349BDF80C2000970DF055FABDF873
:100810000E3023B330490A787F2A08D1022B1ED923
:100820008B78A3F11102012A19D9312B17D04FF07F
:10083000FF3302223946D8F8000016F07BFD4FF056
:10084000FF332549BDF80E20D8F8000016F072FDE0
:100850000022022311462868009218F01FF817F0B2
:1008600005FC1D4B1A49BDF80C2000970DF04CFA01
:100870007EE74FF00009A2EB090206EB09014FF0F9
:10088000FF33206816F03EFEBDF80C2081441FFAAD
:1008900089F94A45EFD195E739464FF0FF330222F7
:1008A000D8F8000016F046FDBDF80E204FF0FF33DB
:1008B0000949D8F8000016F03DFD02234A46494692
:1008C0002868CDF8009017F0E9FF8DE76804032051
:1008D000BCA50020080A03203895002064040320EA
:1008E0002DE9F843294E2A4DDFF8B08006F19C0728
:1008F00006F5805905E000214FF0FF32084617F059
:100900004BFF286816F008FD0128F4D94FF0FF339B
:1009100002222049286816F0F5FD0228EBD1B6F82E
:100920009420B2F5845FE6D86AB10024121B39190D
:100930004FF0FF33286816F0E5FDB6F89420044424
:10094000A4B2A242F2D117F091FB0146124808F07E
:1009500073F90028CFD117F089FB0DF08DF801282D
:10096000C9D0286816F0D8FC0128C4D898F80030FF
:1009700053B199F8230116F009F817F077FB0DF041
:100980007BF80128B7D0ECE70A20F4E7903E02207C
:1009900064040320243F0220902E022092000320B2
:1009A00010B50C490C480DF0E9F90A4A0B490C48FE
:1009B00018F0DAFE084C0B494FF0FF334FF4006299
:1009C000206816F09FFD01460028F4D005480DF080
:1009D000EDF9F0E758050320000503207C210320F2
:1009E0002805032044D8002006F0EABC002006F0C9
:1009F000EBBC00BF0022024B02481A6012F078BE26
:100A000024040320F4240320014B1868704700BF1E
:100A1000240403200000000010B59EB048220021ED
:100A20000CA819F071F900234FF40070CDE90233DE
:100A3000CDE90433CDE90733CDE9093301930693BA
:100A40000B9310F0E7FF08B172B6FEE70123022214
:100A5000169311931993179210231D9207229FED5D
:100A60001E7BCDE91A320324042312900CA81C9398
:100A70008DED0C7B189411F009FA034608B172B69B
:100A8000FEE70F22214601A8CDE903330593029426
:100A9000019211F0A7F8034608B172B6FEE7104ABA
:100AA0004FF0005C916D4BF67F3441F080719165A1
:100AB000926D069302F08072009208932222202306
:100AC00006A8CDE90A230099CDF81CC0099412F0BC
:100AD0003DF91EB010BD00BF29000000000001005C
:100AE000001002402DE9F04194B072B64FF0006260
:100AF000AC4B9A60BFF34F8F62B600240EF030F813
:100B000008F064FEFFF788FFCDE90F44CDE91144FA
:100B1000A54D1394EB6C4FF4604143F00403EB6478
:100B2000EB6C224603F004030893089BEB6C9F4890
:100B300043F08003EB64EB6C012603F08003099320
:100B4000099BEB6C4FF4007843F00103EB64EB6C12
:100B5000082703F001030A930A9BEB6C43F002039E
:100B6000EB64EB6C03F002030B930B9B0FF0FEFBAB
:100B7000224640F201118E480FF0F8FB224641F266
:100B8000E4018C480FF0F2FB4FF4604387480FA953
:100B9000CDE90F36119412940FF034FA40F201139C
:100BA00083480FA9CDE90F36CDE911440FF02AFA99
:100BB00041F2E4037F480FA9CDE90F36CDE9114496
:100BC0000FF020FA7A480FA9CDE90F8411960FF0A3
:100BD00019FA79480FA9CDE90F7411940FF012FAA0
:100BE000AB6C052143F00403AB64AB6C224603F00D
:100BF00004030593059BAB6C1D203343AB64AB6CC6
:100C000033400693069BAB6C43F00203AB64AB6CC2
:100C100003F002030793079B0DF0D8FF1D200EF091
:100C20000FF8224605211E200DF0D0FF1E200EF0E9
:100C300007F82246052150200DF0C8FF50200DF086
:100C4000FFFF20460FF01AFF08B172B6FEE70FF063
:100C500029FF034648B959484360594B036012F0D5
:100C60009DF8034618B172B6FEE772B6FEE7102291
:100C70004FF4407E4FF03C0C042113250F245148C3
:100C800082618262504A4360C3608374C36313709D
:100C90004E4BC0E907C50360C0E90B41C0E90D66D2
:100CA000068246614662C0F808E00EF05DFA03462F
:100CB00058BB07224FF0FF314FF482754FF4E064C8
:100CC0004348C0E90A32434AC0E90433C2E9053364
:100CD000C2E90133D36011603F4AC0E90833C2E979
:100CE0000533C2E9013383600363D3603B4BC0F833
:100CF00018800360C76147634560C460116012F0EB
:100D000071FA034618B172B6FEE772B6FEE73448D0
:100D1000344AC0E905338380026006620DF0C2FFE9
:100D2000034608B172B6FEE74FF4027102222E4864
:100D3000C3722E4B81800360C0F807200FF0BCFE09
:100D4000034608B172B6FEE741F63F75284C294AC2
:100D5000CDE90F0011902046C4E90133A361226060
:100D6000E56012F0B5FE034608B172B6FEE7204614
:100D70000FA90F93119312F0DDFE034608B172B66E
:100D8000FEE71D481D4ACDE90F33026042F20F72A3
:100D9000C0E9023511938361426012F099FE78B385
:100DA00072B6FEE700ED00E00010024000080242CB
:100DB0000000024200040242001C02420C270320F1
:100DC00000080C42082803202804032000A4004047
:100DD000A8260320003A0320D4390320003800401D
:100DE0006C280320003002408021032000D4004002
:100DF000F42403200014004040250320001000408C
:100E0000002395480FA90F93119312F093FE034608
:100E100008B172B6FEE74F254FF6FF748F48C0E960
:100E20000433836083618E4BC460C0E9003512F0E7
:100E30004FFE034608B172B6FEE78A48C0E9015387
:100E4000C0E90343C0E90533874B036012F040FE5D
:100E5000034608B172B6FEE74FF080414FF0FF3213
:100E6000824CCDE90F00CDE91100C4E901000CADC1
:100E70000C902061A0612046C5E901332160E26049
:100E800012F026FE08B172B6FEE74FF480532046FA
:100E90000FA90F9312F06AFC034608B172B6FEE781
:100EA000204629460C930E9312F044FE044608B1E6
:100EB00072B6FEE76E486F4900902246CDE90144C4
:100EC0006D4B0C7043F69820012116F0CDF90546C4
:100ED0006A4E6B4A00960121CDE90144694B1560C9
:100EE00043F69820224616F0BFF90546664E674A3B
:100EF00000960121CDE90144654B156041F20100E6
:100F0000224616F0B1F90246624E634D0096012169
:100F1000CDE90144614B2A6041F20100224616F0FE
:100F2000A3F95F4B5F4A01210092CDE901442246BB
:100F300018605D4B43F6982016F096F95B4B5C4ABF
:100F400001210092CDE9014422461860594B43F635
:100F5000982016F089F9584B584E1860204607F033
:100F6000B1FA204607F0C8FA07F01AFB17F07EF82E
:100F70002A46534B5349009607F0C4F952480AF0E9
:100F800081FF524806F008F95148524A524902F08E
:100F9000B3FD0FA80F9407F051FA10B90F9B002B67
:100FA00055D015F025FC18F0CBFA00214B4A4C48DF
:100FB00015F06EFC04464B4B00214B4A4B481C601D
:100FC00015F066FC04464A4B00214A4A4A481C6018
:100FD00015F05EFC0446404B0021484A48481C601E
:100FE00015F056FC0446474B0021474A47481C6011
:100FF00015F04EFC0446374B0021454A45481C601D
:1010000015F046FC04462F4B0021434A43481C6020
:1010100015F03EFC0446424B0021424A42481C6007
:1010200015F036FC0446414B0021414A41481C6002
:1010300015F02EFC0446404B0021404A40481C60FD
:1010400015F026FC3F4B186015F0F4FBFEE73E4818
:1010500007F0CCF9A5E700BF40250320A824032012
:10106000004401405C240320004801408C250320FB
:101070002C050320FC040320DC1A012004050320B6
:101080002805032044E00020D804032000050320A5
:1010900034850020B4040320680403203075002048
:1010A0006404032090040320983A0020A43803200D
:1010B0006C04032000000020A03803205C040320FF
:1010C00060040320B80E03200C2703206C280320A3
:1010D0000828032068130320C81C0320F8DE010839
:1010E000550200087C210320D4DE0108F10200082B
:1010F00078210320B0DE0108350500088CDE0108E8
:10110000C50500081818032068DE01088D060008D0
:1011100044DE01085507000820DE0108E108000848
:10112000080A0320FCDD0108A10900085805032076
:10113000D8DD0108E909000854050320B4DD0108E1
:10114000ED09000850050320040029C0094A03687E
:10115000934206D0084A93420AD0084A934205D0E7
:101160007047074A136801331360704706F020B9CF
:101170000DF008BD00140040002C0140001000409C
:101180002404032072B6FEE7704700BF034B044AF5
:101190001B68D07D1B6803491B6D18473401032071
:1011A000700003204C3D032040F69E732DE9F0476C
:1011B000DFF89CA02349244ADAF80040B1F800E0A7
:1011C00012889C4204FB0E2238D800204FF0804148
:1011D00040F69F764FF030083127DFF878901B4DAE
:1011E00009EB040C4B6A9342FCD32B69013013F4D6
:1011F0008073C0B204F1010472440ED118468CF819
:101200000080B4420CF1010CECD10120CAF800407E
:10121000002309F80430BDE8F0870A288CF8007034
:10122000EFD9142C02D80CF1010CDBE7002309F8EC
:1012300004300020CAF80040BDE8F0870120DFF844
:101240001490E5E70A00032008000320000402428E
:10125000FC2803200029032070B500244FF08041B2
:1012600001254FF6FF7086B0CDE90044CDE9024478
:1012700004940A681A4E22F001020A603288194B5F
:10128000013A8A624C624D610A682A430A601A6810
:1012900022F001021A6098625C625D611A682A435A
:1012A0001A6002F0CDFC2A464FF400710E480FF090
:1012B0005DF84FF48072002369460B48CDE90023A6
:1012C00002940EF09FFE4FF4007303226946064815
:1012D000CDE90035039202940EF094FE06B070BD85
:1012E0000C0003200048014000040242F0B5BDF8A4
:1012F0001440012C45D94FF0300C0127013C83F8F4
:1013000000C000293FD10A263D4604E08C467546C0
:101310000127013E15D320FA06F101F0010105F184
:10132000010EA54201F130011FFA8EFE29DA8C452B
:101330005955EBD10137FFB2052F4FD0013E75460D
:10134000E9D2002A0CBF30263126A54219DA691CE1
:10135000B4455E5589B200F0C1800127A14210DA80
:1013600030224D1C9642ADB25A5400F0D980A542AD
:1013700007DA881C80B25A5500221A54F0BDA542E3
:1013800039DB0020F0BD1C263D4605E08C46754645
:101390000127013E112EF2D020FA06F101F00101E1
:1013A00005F1010EA54201F130011FFA8EFEE8DAC7
:1013B0008C455955EAD10137FFB2052F01D075464A
:1013C000E7E7CCF1610CA6455FFA8CFC05F102055C
:1013D000D7DA012703F80EC0ADB2DAE7CCF1610C21
:1013E000A6455FFA8CFC05F10205CADA012703F86D
:1013F0000EC0ADB28DE74FF0310E691CF44589B2D5
:1014000003F805E04FD0A142BBDA03F801E0A91CC4
:10141000F44602271FFA81FE04E08C46AE460127FF
:10142000013E22D320FA06F101F00101A64501F1A7
:101430003001A6DA0EF10105614503F80E10ADB2D8
:10144000EBD10137FFB2052F01D0AE46E8E7CCF172
:10145000610CA5425FFA8CFC0EF1020E91DA0127B5
:1014600003F805C01FFA8EFEDAE7002A0CBF30250C
:101470003125A64585DA0EF10102AC4503F80E5080
:1014800092B262D00121A242BFF67BAF3027561C38
:10149000BD42B6B29F5477D0A642BFF672AF0232B9
:1014A00090B29F5568E7042F28D0A142BFF669AFDC
:1014B0000237FFB205F1020E052F03F801C01FFA33
:1014C0008EFEAFD1A645BFF65CAF4FF0300C0335B2
:1014D00003F80EC001271FFA85FEA3E70137FFB20C
:1014E000052F7FF43BAFA142BFF64BAFC6F16106BB
:1014F000F6B202355E540127A9B22FE7A142BFF62A
:1015000040AF30275F54A91C89B28C427FF739AFB6
:1015100005F1030E012703F801C01FFA8EFE81E7D3
:101520007A1CD2B2052A21D0A542BFF62AAF881C68
:10153000042A5E5580B27FF41FAFA042BFF621AFF0
:10154000312203311A5488B216E7791CC9B2052931
:1015500099D1A242BFF615AFC5F16105EDB20EF10A
:10156000020E9D5401211FFA8EF28CE7A542BFF6B0
:1015700008AF31225A558A1C92B294427FF701AFCC
:10158000C81C80B29E54F7E60131C9B2052910D0BB
:10159000A642BFF6F6AE9D55042902F10205ADB292
:1015A00015D1A542BFF6EDAE3121033290B25955A7
:1015B000E2E6A642BFF6E5AE31219955911C89B20B
:1015C000A142BFF6DEAE033290B25D54D4E62846A7
:1015D000D2E600BF4B4B1868831C70D02DE9F04F4A
:1015E000C71C91B077D0411C02D14FF000090BE02D
:1015F0003024454B454A1978127804AB0094FFF724
:1016000075FE8146002860D04FF0804C404B414A27
:101610001B88B2F800A003933F4B0AEB8A0E1F8889
:101620003E4B3F491C683F4E4FEA4E0E0B69DA05B0
:10163000FCD5DCF8242092B20B69DB05F6D5DCF88A
:1016400024309B1A9E45F7D80B6913F4807306D09B
:10165000736ABB422DD80B6913F48073F8D1CCF8B0
:101660002430B9F1000F1AD01C464FF08040039A85
:10167000DFF8B880DFF8A8B004AD436A9342FCD32A
:10168000DBF81030524413F4807F15F8013B0DD085
:10169000312BCBD10134A14508F8013BEDD11F4BD3
:1016A000C3F80090002011B0BDE8F08F302BF1D0CE
:1016B000BCE70120194B1C6011B0BDE8F08F4FF062
:1016C0008043002200205A62704717480CF008FC43
:1016D0004FF0000998E74FF080440E4B104A1888ED
:1016E00000EB800040001369DE05FCD5616A89B219
:1016F0001369DD05F7D5636A5B1A8342F8D30023CB
:101700006362CFE704000320F9280320F8280320B0
:10171000080003200A00032000000320FC28032007
:101720000004024200480140C4AB01080029032024
:1017300002783AB34FF0000C30B563468646312547
:101740000BE02A2A07D10CF1010C1FFA8CFC8EF851
:10175000005000EB0C0EC25C82B1A2F130010133EB
:1017600001290CF101049BB2EBD88EF80020C25C79
:101770001FFA84FC00EB0C0E002AEED100238EF839
:10178000003030BD00230370704700BF70B50446C1
:101790000CF062FD14281ED900F1FF3E1FFA8EFEE8
:1017A00014F80E3004EB0E05312B2A4615D1831E9A
:1017B0009BB200EB040C0CEB03002A262344A0EBA5
:1017C0000E0005E016701A461178013B312906D14A
:1017D000C11A0C29F6D9002070BD00EB040C0022C0
:1017E00020460126144610F8013BA3F130010129DF
:1017F0002FD862B386B3052A42D0A3420FD0312B33
:101800005ED0844515D010F8011B0122A1F13003F0
:10181000012B79D830231C460B46A342EFD101326D
:10182000312CD2B256D084454FF001064FF030042F
:10183000D9D10FFA8EFEBEF1000F06DB2A4615F84D
:1018400001392A2B58D05F2B37D0012070BD1C46A0
:1018500001228445C7D1ECE7A3420DD08445E8D0EE
:1018600010F8011B1C46A1F13002012A22D80B46B8
:10187000A3424FF00102F1D101320026D2B2E8E7D3
:10188000A342A8D05F23844500F8013CD1D0034691
:1018900013F8011BA1F13002012A20D86345C8D0FA
:1018A00043783246A3F13004012C00F102000C46CB
:1018B000A0D9CEE700260122CBE730231370C4E77E
:1018C0008445B6D010F8011BA1F13002012A1ED8C0
:1018D0000122A0E7062A8CBF00260126B9E763454E
:1018E000A7D01A780230A2F13003DBB2012B96BFE9
:1018F000144600223246ACE70EF1FF3E0FFA8EFE90
:10190000BEF1FF3F9AD1A0E730241646A1E701229D
:101910001C4616469DE700BF70B571B3002344F224
:10192000995600F1FF3C0CEB01051CF8012F5C00FF
:10193000A2F13102B2FA82F24FEA933E47F6FE7309
:101940005209724503EA040318BF7340AC45ECD159
:101950004A1E00F10E0C024400208C4412F8011FB4
:101960004000312908BF40F00100944580B2F5D114
:10197000C01AB0FA80F0400970BD0B46E8E700BF1E
:101980002DE9F04F8FB004460CF066FC122840F2AF
:101990004B812378302B05D0B4480FB0BDE8F04F11
:1019A0000CF09EBA074606AEB1480CF099FA002535
:1019B0003146234604F10B0C13F8012FA2F131003C
:1019C000B0FA80F09C454FEA501001F8012B40EA34
:1019D0004505F1D14FF00008A6488DF823800CF0A2
:1019E0007FFA06A80CF07CFAA3480CF079FA03A958
:1019F00028460CF0B9FA03A88DF814800CF070FAA0
:101A00009E480CF06DFA94F80CA09D48657B8DF80B
:101A100019808DF818A00CF063FA06A80CF060FA93
:101A200098480CF05DFA98488DF818500CF058FA68
:101A300006A80CF055FA93480CF052FA312D40F0FC
:101A4000FD80262F40F2F680454606AA04F10D01DE
:101A50000DF12A0011F8013F02F8013BA3F1310317
:101A6000B3FA83F390424FEA531343EA4505F1D1A9
:101A70004FF0000885488DF82A800CF031FA06A84E
:101A80000CF02EFA7C480CF02BFA03A928460CF037
:101A90006BFA03A88DF814800CF022FA77480CF04A
:101AA0001FFA94F820A07A488DF819808DF818A0B4
:101AB0000CF016FA06A80CF013FA72480CF010FAA3
:101AC00094F8213073488DF818300CF009FA06A804
:101AD0000CF006FA6B480CF003FA94F822306E48CA
:101AE0008DF818300CF0FCF906A80CF0F9F96548EF
:101AF0000CF0F6F92322002504F1040C06A8944406
:101B0000A11811F8013B00F8013BA3F13103B3FA2E
:101B100083F38C454FEA531343EA4505F1D14FF067
:101B200000095E4802F1040801928DF81C900CF047
:101B3000D7F906A80CF0D4F9EDB24F480CF0D0F963
:101B400003A928460CF07EFA03A88DF80E9008EB46
:101B5000C50B0CF0C5F949480CF0C2F90BF10F03A5
:101B6000BB42019A00F2E780BAF1300F00F0A68084
:101B7000002506A90BF1FF30204401F10F0710F8F2
:101B8000012F01F8012BA2F13102B2FA82F28F4249
:101B90004FEA521242EA4505F1D10027404801932D
:101BA0008DF827700CF09CF906A80CF099F93248D2
:101BB0000CF096F903A9A8B20CF022FA03A88DF84C
:101BC00010700CF08DF937480CF08AF95946204610
:101BD000FFF7A2FE019B002840D033480CF080F9AB
:101BE000019BE25CE118A2F13003012B98BF0123B5
:101BF00003D916E00133202B36D006F8012B11F85B
:101C0000012FA2F130000128F4D900226B442748AB
:101C10001A760CF065F906A80CF062F919480CF078
:101C20005FF90FB0BDE8F08F21480FB0BDE8F04F6D
:101C30000CF056B91F480CF053F9F2E7A37B164895
:101C40008DF818308DF819800CF04AF906A80CF0C0
:101C500047F90C480CF044F90F224CE71648019361
:101C60000CF03EF9019BBCE71F23CEE700AC010856
:101C700014AC010828AC010838AC010884D3010871
:101C800040AC010850AC010854AC010878AC010824
:101C900088AC010898AC0108A8AC0108B8AC0108F0
:101CA000F4AC010804AD010808AD01081CAD010841
:101CB000ECAB010864AC010810AD0108082D3FF63B
:101CC00057AF002D3BD06B1EDBB20C3202EBC30BC7
:101CD0000DF11F0700250DF1170204EB080111F8A3
:101CE000013B02F8013FA3F13103B3FA83F39742BA
:101CF0004FEA531343EA4505F1D113488DF820907C
:101D00000CF0EEF806A80CF0EBF810480CF0E8F830
:101D100003A9E8B20CF096F903A808F108088DF8B9
:101D20000E900CF0DDF80A480CF0DAF8C345D1D17A
:101D30000BF10F031CE707480CF0D2F871E7C3461C
:101D400002F1130314E700BFE4AC010838AC01084A
:101D500084D30108C8AC0108002800F0F98030B530
:101D600083B004460CF078FA0130235C25180BB9D7
:101D7000012038E0204677490CF086FA48BB20461F
:101D800075490CF081FA20BB204674490CF07CFAAE
:101D9000002856D1204672490CF076FA002862D00D
:101DA0000A2128460DF107020CF0D8FA9DF80730F9
:101DB000002BDDD04FF6FE73421E9A42D8D8694BF5
:101DC00080B21A886849824208800BD34008188084
:101DD00008E0284665490CF057FA30B16FF001026F
:101DE000634B1A60002003B030BD284661490CF0F7
:101DF0004BFA20B14FF0FF325D4B1A60F2E72846F4
:101E00005D490CF041FA20B16FF00202584B1A60A4
:101E1000E8E7102128460DF107020CF09FFA9DF823
:101E200007300446002BA3D0B0F1005FA0D2B0F57C
:101E3000006F03D3514B1A78002A50D04C4B1C60D2
:101E4000D0E70A2128460DF107020CF087FA9DF829
:101E50000730002B8CD04FF6FE73421E9A4287D873
:101E6000474B1880BEE7204646490CF00DFA90B16A
:101E70000A2128460DF107020CF070FA9DF8073090
:101E8000002B3FF475AF384B1B8883427FF670AF51
:101E9000344B1880A6E720463B490CF0F5F980B199
:101EA00028463A490CF0F0F9002837D0304B384A30
:101EB0001B68A3F50063934246D900222F4B1A708A
:101EC00090E7204633490CF0DFF970B128462F49DE
:101ED0000CF0DAF968B300222F4B1A7082E7012266
:101EE0002E481A700BF0FCFFA8E720462C490CF096
:101EF000CBF900283FF43CAF0DF107020A21284638
:101F00000CF02CFA9DF80720002A3FF431AFB0F511
:101F1000803FBFF42DAF234A108063E72846224953
:101F20000CF0B2F900283FF423AF0122134B1A70D2
:101F300058E728461C490CF0A7F900283FF418AFD1
:101F40000122154B1A704DE718480BF0C9FF0FE737
:101F5000012070472CAD010838AD010878AD0108AB
:101F600084AD0108080003200A00032034AD0108F5
:101F70000400032040AD010844AD0108F928032006
:101F80000C00032090AD0108A0AD0108ACAD010824
:101F9000FFF7FF1FDCAD0108F82803204CAD010856
:101FA000E0AD010800000320D8AD0108B0AD010884
:101FB00010B5364884B00BF093FF354B01A9188853
:101FC0000CF0FAF901A80BF08BFF324C32480BF001
:101FD00087FF32480BF084FF01A920680BF0C4FF93
:101FE000002301A88DF80C300BF07AFF2368991CB0
:101FF00040D05A1C42D0033344D029480BF070FF24
:10200000284B01A918780CF0D7F901A80BF068FF4C
:1020100025480BF065FF254B01A918780CF0CCF989
:1020200001A80BF05DFF22480BF05AFF214B01A9DC
:1020300018880CF0C1F901A80BF052FF1E480BF0F4
:102040004FFF1E4B01A918880CF0B6F901A80BF040
:1020500047FF1B480BF044FF1A4B01A918880CF0EE
:10206000ABF901A80BF03CFF17480BF039FF00203B
:1020700004B010BD15480BF033FFBEE714480BF059
:102080002FFFBAE713480BF02BFFB6E7E8AD0108C6
:102090000000032004000320F4AD0108FCAD01089A
:1020A0001CAE0108F928032028AE0108F8280320F7
:1020B00030AE01080C00032054AE01080A000320D2
:1020C00064AE01080800032050AC010804AE01080A
:1020D0000CAE010814AE01082DE9F0410026104DA8
:1020E000104FFFF7B9F86E626A6A3B889A4212D2C3
:1020F0004FF08044DFF83480B8F800206662636AED
:102100009342FCD34FF4007107480EF035F96A6A28
:102110003B889A42F0D301F009FD0020BDE8F08130
:102120000048014000000320000402420A0003208E
:102130002DE9F04F7A4B91B01B88B3F57A7F60D9C7
:10214000FFF78AF872B6774B1868831C00F0D780C7
:10215000C71C6DD0411C5BD14FF000094FF0804C83
:10216000714B724A1B88B2F800A00393704B0AEBC4
:102170008A041D686A4B6F49B3F800E06E4F640033
:102180000B69DA05FCD5DCF8242092B20B69DB057B
:10219000F6D5DCF824309B1AA342F7D30B6913F46D
:1021A000807307D07B6A734500F2B1800B6913F42A
:1021B0008073F7D1CCF82430B9F1000F1AD01D4646
:1021C0004FF08040039ADFF88C81DFF868B104AEED
:1021D000436A9342FCD3DBF81030524413F4807FFF
:1021E00016F8013B0AD0312BCAD10135A94508F8B0
:1021F000013BEDD14E4BC3F8009032E0302BF4D0D0
:10220000BEE74E480BF06CFE002011B0BDE8F08F29
:1022100030244B4B4B4A1978127804AB0094FFF7EB
:1022200065F88146002899D147480BF059FE93E79D
:102230004FF080443D4B3F4A188800EB800040003F
:102240001369DE05FCD5616A89B21369DD05F7D52E
:10225000636A5B1A8342F8D300236362304BB3F89E
:1022600000E00026344D6E626B6A73452FD22E4B10
:102270004FF08041B3F800C02C4B2E4C1F8802E079
:102280006B6A73452ED2236913F48073F8D16246CA
:102290001846D5F824804B624B6A9342FCD32369DD
:1022A000013013F48073C0B219D00B283A44F3D133
:1022B000A2EB0C024B6A9342FCD36B6AA3EB0803BC
:1022C0001E446B6A7345DED3204B03FB06F662B6F1
:1022D00001F02CFC124B1B88B6FBF3F095E7184677
:1022E0003A44D9E762B601F021FC184B0C4A06FBD0
:1022F00003F31088B3FBF0F011B0BDE8F08F4FF09E
:10230000804300225A62064BB3F800E0A9E7084B6D
:102310001D6062B60E480BF0E3FD01F007FC73E7A9
:102320000000032004000320080003200A0003200B
:10233000FC280320000402420048014078AE010856
:10234000F9280320F8280320C4AB0108A086010067
:1023500094AE0108002903202A4B70B51B68033393
:10236000012B37D9FEF778FF72B60022264B5A624E
:10237000FFF730F928BBFEF717FF044600283AD1D3
:1023800062B6224E3368072B2ED9214D28460BF01A
:10239000A7FD20480BF0A4FD33682846EC54FFF756
:1023A000F5F9D8B128460BF09BFD1B480BF098FDC2
:1023B0002846FFF7BDF9FFF7E3FA01F0B7FB204627
:1023C00070BD62B615480BF08BFD01F0AFFB012428
:1023D000204670BD12480BF083FDF8E711480BF062
:1023E0007FFD01F0A3FBF3E70F480BF079FD01F04F
:1023F0009DFB204670BD62B60C480BF071FD01F0EC
:1024000095FBE4E70400032000480140FC2803207A
:102410000029032028AF010840AF0108DCAE010805
:10242000A8AE010830AF010810AF0108F8AE0108EE
:102430002DE9F04F91B0FEF70FFF72B600254FF077
:10244000804270497048714B556205604D62186852
:10245000811C00F0A180C31C00F0B380421C7FD11E
:10246000AB464FF0804E6A4B6A481E886A4B06EBBB
:1024700086041A88694BDFF88C81B3F800906400F9
:102480000369DB05FCD5DEF8241089B20369DF059A
:10249000F6D5DEF824305B1AA342F7D3036913F4B0
:1024A000807307D0D8F824304B457ED8036913F4E5
:1024B0008073F7D1CEF82430BBF1000F00F09B8081
:1024C0001D46574B11469A464FF0804703930DF136
:1024D000100C7B6A8B42FCD34E4B31441B6913F4C6
:1024E000807F1CF8013B54D0312BC9D10135AB455D
:1024F0000AF8013BEDD1444B06FB0B22C3F800B0B8
:1025000040F69E739B451AD84FF080414FF0300C37
:102510003127039B0BF1FF30424D3E4C18444B6A70
:102520009342FCD32369DB052DD500F8017FA84237
:102530003244F4D140F69F739B46334A1360002423
:10254000039B03F80B4062B601F0F0FA34480BF03D
:10255000C7FC35480BF0C4FC204611B0BDE8F08F35
:10256000324B334A197830231278009304ABFEF7CC
:10257000BDFE834600287FF474AF2E480BF0B0FCFC
:10258000214B1D686DE700F801CFA8423244C6D147
:10259000D0E7302BAAD073E71D4B1F491E88204B74
:1025A0005562AB460A880393AEE7174B1D6062B6CF
:1025B00021480BF095FC01F0B9FA012011B0BDE8FB
:1025C000F08F134B13491E8806EB860464000B69D9
:1025D000DF05FCD5506A80B20B69DD05F7D5536A7B
:1025E0001B1AA342F8D300230B490D489B460390C6
:1025F00053620A8888E70A4B0393034BC3F800B081
:1026000082E700BF00480140FC28032004000320AB
:102610000A000320000402420800032000000320F7
:10262000002903209E38032050AC0108F92803201C
:10263000F8280320C4AB010894AE0108002800F07C
:1026400019812DE9F04F95B083460BF005FEB0F5EA
:102650007A6F28BF4FF47A60894E8146336803331E
:1026600040F0C480FEF7F8FD72B600254FF08044BC
:10267000844B65625D623068834B1D60831C00F093
:10268000E380C71C00F0C580471C00F0BA803023EF
:1026900000937E4B1A787E4B197808ABFEF726FE26
:1026A0008246002800F0AF807A4B4FF0804E1A88A7
:1026B00079491346098802EB8204059177497848E5
:1026C000B1F800806F4F64000169CE05FCD5DEF8DB
:1026D0002460B6B20169C905F6D5DEF82410891B5D
:1026E0008C42F7D8016911F4807107D0796A4145AD
:1026F00000F2B480016911F48071F7D1CEF8241092
:10270000BAF1000F00F0B8804FF0804C0D466549DB
:10271000059E0691049108A903910794DCF8241002
:10272000B142FBD35E49039C0969164411F4807FD2
:1027300014F8011B039460D0312960D1049C013549
:1027400004F8011BAA450494E8D10599002411441A
:1027500018464FF080424FF4007E4FF0300840F6AC
:102760009F7C494D504E4E4F2C60556A8542FCD39C
:10277000A1453FD91BF80450312D3BD0302D04D159
:102780004FF0007A464DC5F818A0556A8D42FCD32B
:102790003D690134ED0544BF312506F8015F3A4D2E
:1027A00058BF06F8018F64452C6018441944DCD1E9
:1027B0004FF47A6000224FF0804100FB03F306984B
:1027C00080F89F2F4A6A9A42FCD34FF40072344B30
:1027D0009A6162B601F0AAF932480BF081FB3348E6
:1027E0000BF07EFB002015B0BDE8F08F30480BF0F9
:1027F00077FB37E7C7F818E0C7E730299ED0079C7A
:1028000062E7AA4650E72B480BF06AFB1E4B1D6897
:102810004AE7204B224D1A88134602EB82014900F9
:102820002869C605FCD5666AB6B22869C005F7D521
:10283000606A801B8842F8D30021616216490988CA
:1028400005911849069180E7124A134B12881B889C
:102850001449656205930691134676E70A4B1D609D
:1028600062B615480BF03CFB01F060F9012015B091
:10287000BDE8F08F012070470A49069165E700BF67
:102880000400032000480140FC280320F82803200E
:10289000F92803200A000320080003200000032079
:1028A0000004024200290320FF28032050AC010845
:1028B00050AF0108C4AB0108DCAE01082DE9F04FB0
:1028C00091B0FEF7C9FC72B600229C499C4B4A624B
:1028D0001868831C00F01881C71C00F04981441C53
:1028E00002D14FF0000E0CE03024964B964A197836
:1028F000127804AB0094FEF7F9FC8646002800F03D
:1029000017814FF08044914A914B1288B3F800C070
:102910000392904B904A0CEB8C05B2F800B01E6805
:102920008E49864F6D000A69D005FCD5606A80B279
:102930000A69D205F7D5626A121A9542F8D80A696F
:1029400012F4807207D07A6A5A4500F2D2800A697E
:1029500012F48072F7D16262BEF1000F00F025819F
:1029600016467F4A4FF080489146039802920DF137
:10297000100AD8F824208242FBD3784A60441269B6
:1029800012F4807F1AF8012B00F0AA80312ACAD1F4
:102990000136B64509F8012BEBD1039A0CFB0E2248
:1029A00000244FF0804040F69E764FF031083027EB
:1029B0006A4D416A9142FCD32969013411F4807156
:1029C0000AD1B64598BF029C624498BF04F80E70C5
:1029D0000C460EF1010EECE7B64598BF0299624431
:1029E00098BF01F80E80092C0EF1010EE1D1039978
:1029F000DFF848A1594EC3F800E0511A0393DAF802
:102A00002400584533D840F68E739E452FD8029B3C
:102A10000EF1FF351D4400204FF080434FF0310987
:102A20004FF030080EF101045F6A8F42FCD3052895
:102A300094BF4FF000774FF40077B7615F6A974219
:102A4000FCD337696144FF0554BF05F8018F05F8D1
:102A5000019FDAF8247062445F4504EB000ECED883
:102A600001301028E0D1DAF824305B45CBD94FF0A3
:102A70008042039BC3F800E0536A8B42FCD32F4C87
:102A8000636A5B4518D84FF0804300274FF000760B
:102A90004FF400750CEB4C01304849004FEA0C1C18
:102AA0005F6286615A6A8A42FCD385615A6A6245CE
:102AB000FCD3626A5A45F3D9BEF57A6F14D200236B
:102AC000029A02F80E3062B601F030F824480BF09A
:102AD00007FA24480BF004FA002011B0BDE8F08F8B
:102AE000302A3FF455AF1EE70023029A82F89F3F39
:102AF000E9E71E6062B61C480BF0F2F901F016F827
:102B0000012011B0BDE8F08F4FF08045104C144EFD
:102B1000104B0E481049B4F800C002966A62028851
:102B2000D3F800E00392B1F800B00EFB0C2237E7B7
:102B30000E480BF0D5F94FF0000EE2E600480140D8
:102B400004000320F9280320F828032008000320AC
:102B50000A000320FC280320000003200004024296
:102B60000029032050AC0108DCAE0108C4AB010809
:102B70004FF080420F4B1048B3F800C00CEB8C01B3
:102B800049000369DE05FCD5546AA4B20369DD057A
:102B9000F7D5536A1B1B8B42F8D30024074D084B13
:102BA0000295084808495462B9E70449039A02911A
:102BB000F6E600BF0A0003200004024200290320B9
:102BC000FC28032008000320000003202DE9F04F1B
:102BD000A24C93B023680333012B40F21481834647
:102BE000FEF73AFB72B600264FF080429C4B5E62C5
:102BF0009C4B1E6056622068811C00F02581C31C1E
:102C000000F04A81421C72D134464FF0804C964B02
:102C1000DFF864A21D88954B05EB850E1B8894494F
:102C20000593944BDFF83882B3F800904FEA4E0ECC
:102C30000B69DB05FCD5DCF8242092B20B69DF05BB
:102C4000F6D5DCF824309B1A9E45F7D80B6913F4AF
:102C5000807308D0D8F824304B4500F2C6800B6949
:102C600013F48073F6D1CCF82430002C00F02E81C0
:102C70004FF080401E46804B06AF059A04930397A1
:102C8000436A9342FCD37A4B039F1B692A4413F493
:102C9000807F17F8013B03973BD0312BC8D1049FAD
:102CA000013607F8013BB4420497E9D16D4B1C6033
:102CB000059B05FB043300264FF0804240F69E7CC6
:102CC0004FF031094FF03008694F0BF1060E516A91
:102CD0009942FCD33969013611F4807104F1010085
:102CE0001AD1644521D90E4604462B44EFE7634BC5
:102CF0001A7830230093624B197806ABFEF7F6FA88
:102D00000446002881D15F480BF0EAF8554B1E6855
:102D10007BE7302BC3D08BE7644598BF0AF804905B
:102D2000B6452B4407D90446D1E70AF804800E467D
:102D300001342B44CBE701464FF08040059A9E1AA0
:102D4000426AB242FCD34FF000774FF08040484ACD
:102D50009761426A9A42FCD3454A0234126912F4DE
:102D6000807F40F69E7255D1914261D93D48944290
:102D700004602E442B4442D84FF080424FF4007C34
:102D80004FF031084FF0300E3F4F394C5144506AEC
:102D9000B042FCD3C4F818C0506A8342FCD8206902
:102DA000C0051BD401F801EFB9422E442B44EED1EB
:102DB00040F69F732B4A136040F69F7300220AF877
:102DC000032062B600F0B2FE2B480BF089F82F48C2
:102DD0000BF086F8002013B0BDE8F08F01F8018FEA
:102DE000B9422E442B44D2D1E2E71E4B28481C4660
:102DF0001E600BF075F82368B3F57A6FDED30023FD
:102E00008AF89F3FDDE723480BF06AF8012013B0F2
:102E1000BDE8F08F9142A9D8124A2E4414603122A5
:102E20000AF8012040F69F7294422B44A4D1C3E7D4
:102E30000C4A2E44146030220AF8012040F69F729A
:102E400094422B4498D1B7E7084B56621B88064A38
:102E500034461588DFF820A005932CE704000320F2
:102E600000480140FC2803200A000320080003203A
:102E7000000402420000032000290320F828032058
:102E8000F9280320C4AB01089E38032050AC010888
:102E900094AF010880AF01080D4B0E491D8805EB6A
:102EA000850464000B69DF05FCD5506A80B20B69AC
:102EB000DE05F7D5536A1B1AA342F8D30024064B4C
:102EC00054621B88DFF814A00593F4E6059BF2E634
:102ED0000A00032000040242080003200029032006
:102EE0009B4B2DE9F04F1B6893B00333012B40F24D
:102EF00024818146FEF7B0F972B60023DFF87CB278
:102F0000944ACBF82430DBF824301688B34280F0A2
:102F1000DA80914C09F1060900274FF080428C4B72
:102F200057621D688D4BA91C1F6000F0D680EB1CFA
:102F300000F0E480691C00F0CD8030230093884BC2
:102F400028461A78874B197806ABFEF7CFF98246E8
:102F5000002800F0CB8038464FF08047824BB3F812
:102F600000E0824B0EEB8E0C1B884FEA4C0C049356
:102F70002369DA05FCD57A6A92B22369DB05F7D5B5
:102F80007B6A9B1A6345F8D3236913F4807308D0D6
:102F9000DBF82430B34200F2CA80236913F4807353
:102FA000F6D17B62BAF1000F00F0C4804FF080418F
:102FB00018466F4B049A03930DF1180805954B6A58
:102FC0009342FCD32369724413F4807F18F8013BC9
:102FD0001FD0312B1FD1039D013005F8013B8245E5
:102FE0000395ECD1DDE9043500FB0E3200274FF0EC
:102FF000804101304B6A9342FCD32369013713F4BB
:10300000807300F1010C08D0B945724409D96046BB
:10301000F0E7302BDFD0059DAAE71F467244013050
:10302000E8E74FF080414D4B1860049BD21A4B6A81
:103030009342FCD34FF000734FF080417244A36180
:103040004B6A9342FCD34FF4007CC4F818C0DBF801
:103050002430B34237D202357FF45EAF4FF0804167
:103060004FF0000E4FF0007B3F4B3B4D1F883F4B16
:10307000DFF808A1B3F80080002442462046C1F8DA
:1030800024E0C1F824E04B6A9A42FCD82B69013055
:1030900013F4807358D0814504F101043A44F2D806
:1030A000A2EB08024B6A9A42FCD8C5F818B03A4421
:1030B0004B6A9A42FCD8C5F818C0DAF824309E4210
:1030C000DAD8264B1C6062B600F030FD002013B049
:1030D000BDE8F08F3846BA463EE7244B57621A885F
:1030E000214B3846B3F800E004927FE721480AF00C
:1030F000F7FE184B1E88194B18682DE71A4B164916
:10310000B3F800E00EEB8E077F000B69D805FCD505
:10311000506A80B20B69DB05F7D5536A1B1ABB42B4
:10312000F8D30020114B50621A8804925EE70B4BD3
:103130001860C8E75046049A58E70F480AF0D0FED6
:10314000012013B0BDE8F08F184601343A449AE7E5
:10315000040003200000032000040242FC28032096
:10316000F8280320F92803200A0003200800032080
:1031700000290320C4AB010880AF010800480140CA
:103180000870704700787047030A08704B707047EA
:10319000012994BF00780088704700BF012908D931
:1031A0004FF6FE2302889A4203D8981AC0F34F00C4
:1031B00070470020704700BF012911D94378FA2BCE
:1031C00007D8084AC3EB0330A2FB0020C0F30F105E
:1031D000704740F6FF72FF2B0CBF0020104670476F
:1031E00000207047D34D6210022907D94FF6FF73B4
:1031F000B0F80100984208BF0020704700207047D7
:10320000042907D94FF6FF73B0F80300984208BFAE
:103210000020704700207047012907D94FF6FF733F
:103220000088984208BF4FF4006070470020704744
:1032300001290ED94FF6FF730088984209D047F252
:103240007F53984238BF1846A0F5EA407F3880B2D5
:1032500070474FF400607047032986BFC078C0F301
:1032600081000020704700BF09B100787047084610
:10327000704700BF012906D9437803F00F03013BD3
:10328000DBB2022B01D900207047024A32F813004A
:10329000704700BF1CDF010819B10178C1F381003C
:1032A00070470846704700BF032986BFC07800F00A
:1032B00003000020704700BF034600B583B00846F6
:1032C0005BBA02220DF10601ADF806300AF0B0FF3C
:1032D00003B000BD8446002310B50C4682B00DF14A
:1032E000060002226146ADF806300AF0A1FFBDF8E3
:1032F0000600012C98BFC0B240BA80B202B010BD27
:10330000002300B5012983B0ADF8063002D8184675
:1033100003B000BD014602220DF106000AF088FF4D
:103320009DF8060003B000BD38B50D4604460822DE
:10333000FF2128460AF078FFB4F5FB4F0ADAC4F5FE
:10334000FA447F34640004F0FE03C4F307242B70B6
:103350006C7038BD002423466C702B7038BD00BFE4
:1033600038B50D460822FF21044628460AF05CFFC6
:10337000FA2204FB02F2044BA3FB0213D21A03EB62
:103380005203DB0A6B7038BD0101100038B50C46E2
:1033900005460822FF2120460AF046FF2B0A6570E9
:1033A000A37038BD38B50C4605460822FF212046DB
:1033B0000AF03AFF2B0AE570237138BD38B50C4688
:1033C00005460822FF2120460AF02EFF2B0A257011
:1033D000637038BD38B50C4608220546FF212046EB
:1033E0000AF022FF48F6802247F27F53954294BFAD
:1033F0005B199B189BB21A0A2370627038BD00BF1C
:1034000038B50D4604460822FF2128467D340AF0CF
:103410000BFFAC7038BD00BF38B50D46044608221E
:10342000FF2128460AF000FFEB78A40023F00C03EC
:1034300004F00C042343EB7038BD00BF38B50C46D4
:1034400005460822FF2120460AF0EEFE257038BD11
:10345000FF2838B50D460FD9C3B2002B0CBF01248D
:1034600003240822FF2128460AF0DEFE6B7823F0B1
:103470000F031C436C7038BD031E18BF01235C0092
:10348000EFE700BF38B50D4604460822FF21284665
:103490000AF0CAFE2B78A40023F00C0304F00C04FD
:1034A00023432B7038BD00BF38B50C4605460822B3
:1034B000FF2120460AF0B8FEE37805F0030523F06B
:1034C00003032B43E37038BD38B50D46044608228C
:1034D000FF2128460AF0A8FE012C0AD0022C05D0B4
:1034E000032C0CBFD723FF23AB7038BDC723AB70B1
:1034F00038BDC323AB7038BD38B50C46054608222D
:10350000FF2120460AF090FEEBB2022B12D0032BD3
:1035100009D0042B0CBF51230023FF2D88BF43F09B
:103520000403237038BD1123FF2D88BF43F004032B
:10353000237038BD0123FF2D88BF43F0040323709F
:1035400038BD00BF38B50C4605460822FF2120468D
:103550000AF06AFE15F0080F0CBF0021FA2115F0E1
:10356000100F0CBF0022FA2215F0200F0CBF002311
:10357000FA2315F0400F0CBF0020FA2015F0800F41
:10358000E0700CBF0020FA2015F0010F21700CBF75
:103590000021FA2115F0020F62700CBF0022FA22FE
:1035A00015F0040FA3700CBF0023FA232071617182
:1035B000A271E37138BD00BF022906D980787D3839
:1035C000C0B2812888BF002070470020704700BF2C
:1035D000032906D9C0787D38C0B2812888BF002071
:1035E00070470020704700BF02290FD9837803F08D
:1035F0000C02042A01D001207047C3F30113012BF0
:1036000006D0002B0CBF022001207047002070471D
:103610000320704707292DD903784278A3F1FA03D4
:10362000B3FA83F3FA2A4FEA531382784FEAC303BB
:1036300008BF43F01003FA2AC27808BF43F0200302
:10364000FA2A027908BF43F04003FA2A427908BFF8
:1036500043F08003FA2A827908BF43F00103FA2A73
:10366000C27908BF43F00203FA2A08BF43F00403FB
:10367000184670470020704700787047D9B103782A
:103680009A09012A0ED003F03002102A15D003F057
:103690000302012A14BF0120022003F00C03042BB3
:1036A00006D0704703F00C03042B4FF00400F8D150
:1036B00040F47F407047084670470320EDE700BFA5
:1036C000007870470078704700787047007870473E
:1036D000087070470870704708707047087070472E
:1036E0000870704738B50D460822FF210446284669
:1036F0000AF09AFDFA2204FB02F2044BA3FB021328
:10370000D21A03EB5203DB0A6B7038BD01011000C3
:10371000012911D94378FA2B07D8084AC3EB0330A3
:10372000A2FB0020C0F30F10704740F6FF72FF2B82
:103730000CBF00201046704700207047D34D621028
:10374000034600B583B008465BBA02220DF10601BC
:10375000ADF806300AF06CFD03B000BD034600B5BD
:1037600083B008465BBA02220DF10601ADF80630BF
:103770000AF05EFD03B000BD034600B583B0084605
:103780005BBA02220DF10601ADF806300AF050FDD9
:1037900003B000BD034600B583B008465BBA022201
:1037A0000DF10601ADF806300AF042FD03B000BD90
:1037B000034600B583B008465BBA02220DF106014C
:1037C000ADF806300AF034FD03B000BD034600B585
:1037D00083B008465BBA02220DF10601ADF806304F
:1037E0000AF026FD03B000BD034600B583B00846CD
:1037F0005BBA02220DF10601ADF806300AF018FDA1
:1038000003B000BD034600B583B008465BBA022290
:103810000DF10601ADF806300AF00AFD03B000BD57
:103820008446002310B50C4682B00DF1060002223A
:103830006146ADF806300AF0FBFCBDF80600012C2D
:1038400098BFC0B240BA80B202B010BD8446002317
:1038500010B50C4682B00DF1060002226146ADF8AB
:1038600006300AF0E5FCBDF80600012C98BFC0B296
:1038700040BA80B202B010BD8446002310B50C4699
:1038800082B00DF1060002226146ADF806300AF062
:10389000CFFCBDF80600012C98BFC0B240BA80B280
:1038A00002B010BD8446002310B50C4682B00DF165
:1038B000060002226146ADF806300AF0B9FCBDF8F8
:1038C0000600012C98BFC0B240BA80B202B010BD51
:1038D0008446002310B50C4682B00DF1060002228A
:1038E0006146ADF806300AF0A3FCBDF80600012CD5
:1038F00098BFC0B240BA80B202B010BD8446002367
:1039000010B50C4682B00DF1060002226146ADF8FA
:1039100006300AF08DFCBDF80600012C98BFC0B23D
:1039200040BA80B202B010BD8446002310B50C46E8
:1039300082B00DF1060002226146ADF806300AF0B1
:1039400077FCBDF80600012C98BFC0B240BA80B227
:1039500002B010BD8446002310B50C4682B00DF1B4
:10396000060002226146ADF806300AF061FCBDF89F
:103970000600012C98BFC0B240BA80B202B010BDA0
:10398000002300B5012983B0ADF8063002D81846EF
:1039900003B000BD014602220DF106000AF048FC0A
:1039A000BDF80600000A03B000BD00BF012918D908
:1039B000037803F00302012A17D003F00C02042A53
:1039C00015D003F03002102A0DD003F0C003402BB5
:1039D0000FD0437803F00303012B0CBF0620012016
:1039E0007047002070470520704702207047032071
:1039F00070470420704700BF2DE9F04F3A4B8346D3
:103A0000984283B007D8394B984260D94FF02809C3
:103A10004FF4487609E036494FF02509B1FBFBF138
:103A2000C9B2192940F2EE265BD90124304B01348A
:103A3000A4B2B3FBF4F1B1FBFBF1C9B21929F6D87A
:103A4000B4F5806F3FD201202A4BCDF804B01F6837
:103A500023186FF0004C4FF47A759B461FFA83FAD7
:103A6000A1F1020EBEEB510F4FEA51031ADD01F135
:103A7000FF385FFA88F805FB03F2B2FBF1F2B21AE5
:103A8000002AB8BF5242624509DA914507DB00209F
:103A90009446A8EB0302D2B2FB617C613A62013327
:103AA0007345E8DB124B1FFA8BF4B3FBFAF1019B71
:103AB000B4F5806FB1FBF3F10AF1010AC9B203D08A
:103AC00004F1010BCCE7012003B0BDE8F08F0849F9
:103AD0004FF02B09B1FBFBF1C9B2192940F26B364B
:103AE000A3D80124AFE700BF00350C0020A10700D8
:103AF000005A62029839032038B50C46064D074932
:103B0000074B0A602860074901201C6013F04CF93C
:103B1000054B186038BD00BF983903209039032049
:103B200094390320A8380320F838032030B53F4CDF
:103B300083B020680BF0D0FC20680BF015FB002848
:103B400051D100223A4D40213A482A71EA602A6157
:103B50006A61AA61AA60EA6185F820200CF006FC7F
:103B6000206805F124010BF0E9FB00285BD1324904
:103B700020680BF0E3FB002852D1002302222068CA
:103B8000114600930BF006FC002846D120680BF08C
:103B900047FC00283ED10022012120680BF0F8FDEF
:103BA000A8BB0022062120680BF0F2FD60BB0722B3
:103BB0004FF4F05120680BF0EBFD10BB0722802181
:103BC00020680BF0E5FDC8B900221C4920680BF005
:103BD000DFFD80B900224FF4602120680BF0D8FD92
:103BE00020B903B030BDFDF7CDFAAAE703B0BDE8B8
:103BF0003040FDF7C7BAFDF7C5FAEBE7FDF7C2FAAB
:103C0000E2E7FDF7BFFAD9E7FDF7BCFACFE7FDF72A
:103C1000B9FAC6E7FDF7B6FABDE7FDF7B3FAB5E7BF
:103C2000FDF7B0FAA9E7FDF7ADFAA0E79839032050
:103C300010000320000402424C00032000407100E9
:103C4000014B18680BF048BC98390320704700BF3F
:103C5000082824D8DFE800F0080C1014171A1D20DB
:103C600005001448FFF7C8BE42F21070FFF7C4BE4B
:103C700044F62060FFF7C0BE4CF25030FFF7BCBEE8
:103C80000D48FFF7B9BE0D48FFF7B6BE0C48FFF769
:103C9000B3BE0C48FFF7B0BE0B48FFF7ADBE0B4AF2
:103CA000A0F51C53103B934201D901207047FFF748
:103CB000A3BE00BF40420F00A086010048E80100FB
:103CC00090D0030020A1070000350C00301B0F002E
:103CD0000346054A1978002051615978D1619978D5
:103CE0001162DB7893617047082803200246024B7B
:103CF00000209A61704700BF08280320034600B5E2
:103D0000064A93F801E093F800C082F810E00449F5
:103D10009B7881F800C05374002000BD0828032060
:103D2000280403202DE9F047054682B0C0680F46FD
:103D30000AF072FAAB68B3F1005F3ED006468246E5
:103D400000F12409264C4FF0FF31206813F0EAF807
:103D50000128F8D1DFF89480D8F8000013F0C8FAF1
:103D6000484517D202251F4A13792B4313710023AC
:103D700020681A46194612F07BFF1B4A022312687C
:103D8000106800221146009214F088FD284602B007
:103D9000BDE8F08729464FF0FF332422D8F8000011
:103DA00013F0C8FA054686B94D450CD00D4A0125D9
:103DB000137943F008031371D9E74FF0000A4FF06D
:103DC00024095646BEE70025D1E7524639464FF052
:103DD000FF33D8F8000013F0ADFA0544E4E700BF64
:103DE000F83803201000032094390320A038032062
:103DF00030B40122002410200A4B04211B684FF428
:103E000040751C82C3E90520DC6018623F240F2046
:103E10009A74C3E90125DC61C3E9092130BC196347
:103E2000D8627047983903202DE9F04700250C46E9
:103E300082B0C9070646019516D4A20707D502210C
:103E4000314A137943F0010313713368196563072D
:103E500038D4019B2BB14FF0E0234FF08052C3F8D0
:103E6000042D02B0BDE8F087DFF8A890DFF8988055
:103E700040214A46254B0BF0A7FBD8F81430D9F85F
:103E80000C000133C8F814300AF0C6F9DFF888A036
:103E90000746DAF8000013F02BFA07F128039842DE
:103EA00024D349462822DAF8000001AB13F0DCFAEB
:103EB000002FC2D03A46DAF80000144901AB13F0E3
:103EC000D3FABAE70424104B11499A690868013201
:103ED0009A611A79002142F008021A713368006869
:103EE0000DEB04021C6514F0F9FDB2E7D8F81830A8
:103EF00029460133C8F81830054B01AA1B68186819
:103F000014F0ECFD99E700BF1000032050390320A6
:103F10009039032028390320A4380320002110B54C
:103F20000A4A0B4C1268236982B01068013301AA57
:103F30002361019114F0D2FD019B2BB14FF0E023DE
:103F40004FF08052C3F8042D02B010BD9439032005
:103F500010000320002110B50A4A0B4C1268E369D7
:103F600082B01068013301AAE361019114F0B6FD3B
:103F7000019B2BB14FF0E0234FF08052C3F8042D8A
:103F800002B010BD903903201000032038B50C4654
:103F9000104D29460BF0B2FBA10303D5EB68A3B982
:103FA0000D4A1360620309D52B690B4A012B137963
:103FB0000CBF43F0040303F0FB031371230303D589
:103FC0000122054B83F8202038BD4FF00042024B00
:103FD0001A60E7E7FC38032010000320F0B5002545
:103FE0000B7885B0074602950395CBB10C460DF1D1
:103FF000FF3608E02046D5B20AF0B2F814F8023FC6
:1040000006F8010F23B163786A1C0BB3072DF1D1B9
:104010008DF808502A4669460DF1090015F016FF83
:1040200000230E4C0820C4E90533C4E9013327609E
:104030000AF0F8F8082203460DEB02010848E36095
:104040000AF0F6F820460649FFF76CFE05B0F0BD11
:104050008DF80850002DDDD1E2E700BFA83903201C
:104060009C39032042F202032DE9F04300249942D7
:104070008BB0445400F2BA80002900F0808100F136
:10408000FF3E0139F4467346014405E00A2A1CBF8D
:10409000025501348B4209D013F8012F082AF5D1BB
:1040A000002CF7D08B4204F1FF34F5D10025AC424F
:1040B000055540F35E812A460EEB04031CF8011FF0
:1040C000202900F0898082B99C4505F101050CF199
:1040D00001010CD09CF80140202C7FD0994206D0E1
:1040E0001CF8022F203A18BF01229C45E6D1A549B1
:1040F00001AA0AF0FFF80446002800F08180A249D6
:104100000AF0C2F8002800F00F81012D40F3B180C1
:104110009C49002001AA0AF0EDF89C4904460AF0E7
:10412000B3F8002870D1204699490AF0ADF800286C
:1041300000F0A481974809F0D3FE974809F0D0FE1B
:10414000944809F0CDFE954809F0CAFE944809F05C
:10415000C7FE924809F0C4FE924809F0C1FE924899
:1041600009F0BEFE8D4809F0BBFE904809F0B8FE8C
:104170008F4809F0B5FE894809F0B2FE8D4809F074
:10418000AFFE8D4809F0ACFE844809F0A9FE8B48CB
:1041900009F0A6FE8A4809F0A3FE8A4809F0A0FEAD
:1041A000894809F09DFE894809F09AFE884809F07F
:1041B00097FE884809F094FE874809F091FE8748E9
:1041C00009F08EFE754809F08BFE724809F088FEF2
:1041D000834809F085FE0CE0002286E7994286D0EC
:1041E0001CF8021F20297FF46FAF7EE77D4809F09D
:1041F00077FE7D4809F074FE00200BB0BDE8F08327
:104200007A4809F06DFEF4E7624809F069FE6248F9
:1042100009F066FE5F4809F063FE604809F060FE41
:10422000734809F05DFE5D4809F05AFE5D4809F0EB
:1042300057FE704809F054FE584809F051FE5B489B
:1042400009F04EFE6C4809F04BFE544809F048FE58
:10425000584809F045FE694809F042FE4F4809F008
:104260003FFE564809F03CFE654809F039FE6548B6
:10427000A6E7484809F034FE474809F031FE4548B2
:1042800009F02EFE454809F02BFE5F4809F028FE94
:10429000424809F025FE5D4809F022FE5C4809F01D
:1042A0001FFE5C4809F01CFE5B4809F019FE5B48E4
:1042B00009F016FE5A4809F013FE5A4809F010FE9C
:1042C000594809F00DFE594809F00AFE584809F00E
:1042D00007FE584809F004FE574809F001FE574808
:1042E00009F0FEFD564809F0FBFD564809F0F8FDBF
:1042F000554809F0F5FD554809F0F2FD544809F01C
:10430000EFFD544809F0ECFD534809F0E9FD53482E
:1043100009F0E6FD214809F0E3FD514809F0E0FD10
:104320001C4809F0DDFD64E720464E4909F0ACFF6A
:1043300000287FF4EAAE20464B4909F0A5FF00288B
:104340007FF4E3AE2046494909F09EFF0746002866
:104350007FF4DBAE2046464909F096FF80460028F0
:1043600000F00A81022D00F0DA80424809F0B8FD21
:104370003FE77FF4BCAE404809F0B2FD39E7017079
:10438000F9E700BFD8AF010808B0010824B0010860
:10439000C4B101082CB001086CB0010850AC010890
:1043A000CCB10108A8B00108E0B10108ECB00108E7
:1043B0001CB2010810B1010830B2010864B1010853
:1043C0007CB201089CB20108ACB20108CCB2010871
:1043D000DCB20108FCB201080CB3010838B30108D3
:1043E00008B50108C0AF010854D20108DCAF0108CC
:1043F00098B00108B8B00108F4B001081CB1010878
:1044000070B10108B4B101085CB5010800B601083B
:104410000CB6010880B6010808B7010834B70108D6
:1044200084B70108D4B7010824B801087CB8010892
:10443000E8B8010810B901083CB901089CB90108A5
:1044400004BA010850BA010894BA0108C0BA0108B8
:1044500018BB010870BB0108DCBB010828BC0108BF
:104460005CBC010810B0010818B0010820B00108B8
:104470004CB301087CBC0108D4AF01082046914927
:1044800009F002FF002846D08F4809F029FD8F4827
:1044900009F026FD8C4809F023FD8D4809F020FD28
:1044A0008C4809F01DFD8A4809F01AFD8A4809F078
:1044B00017FD8A4809F014FD854809F011FD884868
:1044C00009F00EFD874809F00BFD814809F008FD51
:1044D000854809F005FD854809F002FD7C4809F092
:1044E000FFFC834809F0FCFC824809F0F9FC824893
:1044F00009F0F6FC814809F0F3FC814809F0F0FC72
:10450000804809F0EDFC804809F0EAFC7F4809F09A
:10451000E7FC7F4854E67F4809F0E2FC58E638465D
:104520007D4901AA09F0E6FE03780446002B3FF41A
:1045300060AE051D413B232B13D8DFE803F0413962
:104540003129121212121212121212121212121215
:1045500012121212121212121212121212124139E5
:1045600031296E4809F0BCFC14F8013F002B3FF4E0
:1045700040AEA542DED13CE62046694909F084FE02
:1045800000284ED0022D1FD0664809F0A9FC30E665
:10459000654809F0A5FC0021442003F059FFE3E73A
:1045A000624809F09DFC0021432003F051FFDBE746
:1045B0005F4809F095FC0021422003F049FFD3E752
:1045C0005C4809F08DFCCFE74046534901AA09F049
:1045D00091FE03780446002B3FF40BAE051D413BD2
:1045E000232B13D8DFE803F03E36422E12121212AC
:1045F000121212121212121212121212121212129B
:1046000012121212121212123E36422E434809F0B2
:1046100067FC14F8013F002B3FF4EBADA542DED15F
:10462000E7E52046444909F02FFE002800F0B1805C
:10463000012D00F0A680AE1E012E1FD93F4809F0C3
:104640004FFCD6E53E4809F04BFC0121442003F025
:10465000FFFEDEE73B4809F043FC0121422003F066
:10466000F7FED6E7384809F03BFCD2E7374809F0B7
:1046700037FC0121432003F0EBFECAE7264901AADB
:10468000002009F037FE09F08FFDB0F5006F80F0D3
:1046900098802F4F022D386000F08A801E4901AAB1
:1046A000002009F027FE064609F0D6FDC1070446A2
:1046B00000F18B80102800F288803546DFF8948066
:1046C00050E000BF4CB301082CB001086CB00108E9
:1046D00050AC010854B30108A8B0010868B3010840
:1046E000ECB00108A4B3010810B10108B8B3010887
:1046F00064B1010804B4010824B4010838B4010805
:1047000058B401086CB401088CB40108A0B40108C5
:10471000CCB40108E0B40108D8AF010884BD010899
:10472000C4B10108ACBD010860BD01083CBD010871
:1047300018BD0108CCBC010884BE0108A4BE010854
:1047400060BE010818BE0108FCBD01083CBE01089E
:10475000003A0320F8390320284609F001FD02350C
:1047600008F8010BAB1B9BB29C42F5D8601CC0F350
:10477000470009F057FD0346AC48FB6009F0B0FB69
:1047800037E54FF0FF32AA4BAA481A6009F0A8FBA0
:104790002FE52046A84909F077FD002861D0012DBA
:1047A00052D0AE1E012E14D9A44809F099FB20E581
:1047B000002009F037FD0346A148FB6009F090FB9B
:1047C00017E5A04809F08CFB13E59F4809F088FB2A
:1047D0000FE59E4901AA002009F08CFD09F0E4FCD8
:1047E000B0F5006F80F0AB80994F022D386000F07B
:1047F0009D8012F0A7F8282112F0A6F801AA93498B
:10480000002009F077FD064609F026FDC2070446A0
:10481000DBD41028D9D83546DFF89C8205E028463D
:1048200009F09EFC023508F8010BAB1B9BB2A342BA
:10483000F5D3601CC0F3470009F0F4FC034685483B
:10484000FB6009F04DFBD4E44FF0FF32804B82480F
:104850001A6009F045FB12F075F8182112F074F88F
:10486000C7E420467D4909F00FFD10B3032D03D0A6
:104870007B4809F035FBBCE4744901AA002009F02B
:1048800039FD7249054601AA002009F033FD0A21CD
:10489000002209F063FD73490446284609F0F4FC40
:1048A000A0B1714B71485C6109F01AFBFFF73EF94A
:1048B0009FE420466E4909F0E7FC0746002842D0F5
:1048C000032D0FD06B4809F00BFB92E428466A4990
:1048D00009F0DAFC002843D0634B6848DC6109F03A
:1048E000FFFAE3E75949002001AA09F003FD6449F2
:1048F000044609F0C9FC002874D040F2DF7401AA14
:104900005249002009F0F6FC054609F0A5FC421EBC
:1049100092B20D2A034661D8DB075FD420462946B0
:10492000FFF75CFB574809F0DBFA62E4002009F06E
:1049300079FC03465448FB6009F0D2FA59E4534825
:1049400009F0CEFA55E42046514909F09DFC06468F
:10495000002851D0022D10D04E4809F0C1FA48E489
:1049600028464D4909F090FC002800F0BD803E4BE0
:104970004A481C6209F0B4FA98E73846334901AA5C
:1049800009F0B8FC451E041D15F8012FA2F12A03F9
:10499000002A3FF42EACA5423FF42BAC1A2B00F2B8
:1049A0000E81DFE813F003010C010C010C010C0176
:1049B0000C010C010C010C010C010C010C010C018F
:1049C0000C010C010C010C010C010C010C010C017F
:1049D0000C010C018B00390098008F00304809F061
:1049E0007FFA06E420462F4909F04EFC002800F02B
:1049F000868040F2E17482E720462B4909F044FCAE
:104A00000746002800F00281022D00F0DC802748D4
:104A100009F066FAFFF7EDBB254809F061FA40F2AC
:104A2000E1702449FFF7DAFAAEE700BF28BF0108BA
:104A3000003A03208CBE010854BF010878BF01086A
:104A4000F0BE0108CCBE010810BF0108D8AF0108B4
:104A5000D4390320ECBF01085CBF010814C0010871
:104A600018C0010878AD01080828032034C00108E7
:104A700078C101087CC101084CC0010854C001087C
:104A8000B8C1010850C20108CCBF0108A0BF01088D
:104A900064C201086CC2010868C0010870C0010846
:104AA00024C20108BCC101081CC3010824C30108B9
:104AB000E0C20108ACC20108CC390320964809F0D5
:104AC0000FFA61E7954809F00BFA40F2E370944958
:104AD000FFF784FA58E7934809F002FA40F2E270CF
:104AE0008F49FFF77BFA4FE728468F4909F0CCFB47
:104AF00068B18E4B8E489C6109F0F2F9D6E62046EB
:104B00008C4909F0C1FB80B140F2E274F7E6284617
:104B1000894909F0B9FB80B1003C18BF0124834BDF
:104B200086481C7409F0DCF9C0E62046844909F087
:104B3000ABFB80B140F2E374E1E62846814909F01D
:104B4000A3FB90B1003C18BF0124784B7E485C74F5
:104B500009F0C6F9AAE620467C4909F095FB90B118
:104B60007B4809F0BDF90024C9E62846794909F0D7
:104B70008BFB60B1003C18BF0124774B77481C7059
:104B800009F0AEF992E6764809F0AAF9EBE7284673
:104B9000744909F079FB002872D0002C69D1724861
:104BA00009F09EF90222614BDA607FE66F4809F056
:104BB00097F940F2DF705A49FFF710FAE4E66848C7
:104BC00009F08EF9E0E63046694901AA09F092FB46
:104BD000451E041D15F8012FA2F12A03002A3FF4F7
:104BE00008ABA5423FF405AB1A2B3ED8DFE803F033
:104BF000343D3D3D3D3D3D3D3D3D3D3D3D3D3D3DEE
:104C00003D3D3D3D3D3D3D30274C1E002046594930
:104C100009F03AFB0646002867D0012D5AD0022D34
:104C20003BD0554809F05CF9FFF7E3BA534809F067
:104C300057F940F2E3705249FFF7D0F9CAE75148FB
:104C400009F04EF940F2E1704D49FFF7C7F9C1E7AD
:104C5000314809F045F9BDE74B4809F041F940F208
:104C6000DF704749FFF7BAF9B4E73D4809F038F972
:104C7000B0E7464809F034F900222C4BDA6015E61B
:104C8000434809F02DF911E6424809F029F940F2AC
:104C9000E2703B49FFF7A2F99CE73549384601AA83
:104CA00009F028FB3C49044609F0EEFA88BB20468F
:104CB0003A4909F0E9FA38B3394C3A4802F0D8FBDE
:104CC000214640F2DF70FFF789F9374809F008F90B
:104CD000FFF78FBA354A334B12689A420CBF3448FB
:104CE000344809F0FDF8FFF784BA2046324909F04C
:104CF000CBFA0746002800F08D80012D66D02F48A2
:104D000009F0EEF8FFF775BA2D4809F0E9F8FFF75A
:104D100070BA2C4C2C48D1E7B8C2010808C301086E
:104D2000ACC20108F4C2010884C0010808280320AD
:104D300088C00108C0C101089CC00108A8C00108C2
:104D4000C4C10108D0C00108E0C00108C8C1010801
:104D5000CCC10108FCC001082804032008C10108D7
:104D600000C2010828C101082CC1010888C201083D
:104D7000D8AF0108D0C30108B4BB0108B0C3010813
:104D800064C3010870C301083CC3010848C101089D
:104D900060C1010890C301082CC4010834C4010893
:104DA000A8AF01085005020870C4010834010320AF
:104DB000DCC3010804C4010894C40108A0C40108AC
:104DC0003CC40108B4AF01086405020801AABB494C
:104DD000304609F08FFABA4809F082F8304603F0FD
:104DE00071FB322011F0D2FD2946422003F030FB46
:104DF00007F050F811F0CAFD2946432003F028FBC4
:104E000007F048F811F0C2FD2946442003F020FBCA
:104E1000FFF7EFB92046AB4909F036FA30B1022D61
:104E200020D0A94809F05CF8FFF7E3B92046A7496C
:104E300009F02AFA002800F0C580012D40F3BD805A
:104E400000209E4901AA09F055FA044600283FF4C3
:104E5000D0A99F4909F018FAE0B19E4809F040F83E
:104E6000FFF7C7B93846954901AA09F043FA451E2C
:104E7000041D15F8012FA2F14103002A3FF4B9A93E
:104E8000A5423FF4B6A9032B00F24683DFE803F006
:104E9000912D240B2046904909F0F6F960B1FDF7F9
:104EA0005BFAFFF7A6B98D4809F01AF840F2E370F3
:104EB0008B49FFF793F8DCE720468A4909F0E4F9CB
:104EC0000646D8B1884809F00BF8FDF705F9874880
:104ED00009F006F8FFF78DB9854809F001F840F2AE
:104EE000E2707F49FFF77AF8C3E7824808F0F8FFDD
:104EF00040F2E1707A49FFF771F8BAE720467E493F
:104F000009F0C2F9002870D07C4808F0E9FFFDF7ED
:104F10000FF94FF47A730446B0FBF3F002A903FBD8
:104F2000104409F049FA0A210346B4FBF1F24FF0AC
:104F30002E09642503F12808E84408F8209CB2FBF8
:104F4000F1F8B4FBF5F54FF0200E4FF0250C0D27CE
:104F500001FB124401FB18220DF12808591C58FAD4
:104F600081F1303501F8205C991C303258FA81F11A
:104F700001F8202CDA1C58FA82F2303402F8204C66
:104F80001A1D58FA82F202F820EC5A1D58FA82F2E1
:104F900002F820CC9A1D073358FA82F258FA83F3AC
:104FA00002F8207C02A803F8206C08F099FFFFF7B4
:104FB00020B9534808F094FF5BE7524808F090FF8F
:104FC000FFF717B92046504909F05EF900287FF431
:104FD00034AF20464D4909F057F928B3022D11D0BE
:104FE0004B4808F07DFFFFF704B92046494909F016
:104FF0004BF9064600B3484808F072FFFDF718FA6F
:10500000FFF7F7B82D49002001AA09F073F94349C9
:10501000044609F039F9E8B1012006F0D9F8404812
:1050200008F05EFFFFF7E5B820463E4909F02CF98D
:10503000F8B10120FFF7E1B820463B4909F024F917
:10504000002800F0BC80032D7ED0384808F048FFCF
:10505000FFF7CFB82046364909F016F9002800F0CE
:105060008880022006F0B4F82D4808F039FFFFF7D9
:10507000C0B820462F4909F007F90028D9D12046A9
:105080002D4909F001F90028D3D120462B4909F018
:10509000FBF806460028CCD12046294909F0F4F84F
:1050A000002800F0A480012D00F09780022D40F32D
:1050B000AA80244808F014FFFFF79BB8D8AF010876
:1050C000C8C4010824C5010830C50108E4C50108A9
:1050D00008B001082CC60108F4CC0108A0C50108DD
:1050E00070C50108FCCC010800CD01080CCD0108F9
:1050F0007CC501084CC5010814CD01081CCD010870
:10510000B8C20108F0C50108E8C5010824B00108CB
:1051100094CE010834CD01083CCD0108D8AD01087A
:10512000E4CE010838CF010854CD01085CCD010858
:10513000F0CE01083CCF010844CF01084CCF010854
:1051400054CF0108ACCF0108BD4901AA304609F08F
:10515000D1F80A2102AA8DF8086009F0FFF89DF83D
:105160000830C4B2012B11D0B64808F0B9FEFFF7E1
:1051700040B82046B44909F087F890B1032006F002
:1051800027F8B24808F0ACFEFFF733B8B04808F093
:10519000A7FE2046FDF7A4FEAE4808F0A1FEFFF7EB
:1051A00028B82046AC4909F06FF800285CD00420EC
:1051B00006F00EF8A54808F093FEFFF71AB820464F
:1051C000A64909F061F8002800F08980032D32D04B
:1051D000A34808F085FEFFF70CB8A24808F080FE4F
:1051E000C82011F0D3FB09F04BFDFFF702B82046B1
:1051F0009D4909F049F80646002843D09B4808F02D
:105200006FFEFEF7F6BF30468D4901AA09F072F82D
:10521000451EC41C15F8012FA2F14103002A3EF4DB
:10522000E8AFA5423EF4E5AF032B00F27981DFE859
:1052300003F0D0473865824901AA002009F05AF8E6
:1052400000230A2102AA8DF8083009F087F89DF89A
:105250000830C4B2012B87D17D4808F041FE2046BA
:10526000FDF7B4FCFEF7C5BF2046814909F00CF8F4
:10527000002868D0052005F0ABFF744808F030FE28
:10528000FEF7B7BF20467B4908F0FEFF002800F07C
:10529000B680022D00F0A180774808F021FEFEF7CD
:1052A000A8BF764808F01CFE0021432003F0D0F888
:1052B000322011F06BFB0121432003F0C9F8A9E76C
:1052C0006F4808F00DFE0021422003F0C1F83220A3
:1052D00011F05CFB0121422003F0BAF89AE7204666
:1052E000684908F0D1FF08B3674808F0F9FD032DBD
:1052F00013D0664808F0F4FDFEF77BBF644808F061
:10530000EFFD0021442003F0A3F8322011F03EFB12
:105310000121442003F09CF87CE7494901AA0020C0
:1053200008F0E8FFFDF78AF9FEF763BF2046594908
:1053300008F0AAFF064698B1574808F0D1FDFDF7DE
:10534000BDFAFEF756BF2046544908F09DFFD8B17C
:10535000062005F03DFF3D4808F0C2FDFEF749BFBD
:1053600020464F4908F090FF00B3042DC1D13449C5
:1053700001AA304608F0BEFFFCF7EEFC88B93548BC
:1053800008F0AEFDFEF735BF2046464908F07CFF29
:10539000A8B1072005F01CFF2C4808F0A1FDFEF77E
:1053A00028BF414808F09CFDFEF723BF20463F4937
:1053B00008F06AFF40B1FCF7FBFDFEF71ABF3C485E
:1053C00008F08EFDFEF715BF3A4808F089FDFEF79C
:1053D00010BF394808F084FD1CE71949304601AA7E
:1053E00008F088FF3549044608F04EFFC8B1012097
:1053F00005F01CFB324808F073FDFEF7FABE2046AC
:10540000304908F041FF002869D000F013FF002860
:1054100060D02D4808F064FD012000F01BFFFEF76E
:10542000E8BE2046294908F02FFF002862D0284610
:1054300005F0FCFA264808F053FDFEF7DABE00BF7F
:10544000D8AF010894CD0108F4CE0108E4CE0108DC
:1054500080CD01088CCD0108F8CE0108A8CD010847
:10546000B4CD01085CCF0108B8D00108C0D0010854
:10547000FCCE01083CD1010844D1010890D00108BC
:105480007CD00108DCCD0108E4CD0108F0CD010895
:10549000A4D0010810CE010818CE010800CF0108E1
:1054A00034CE010804CF010838CE010854CE0108DB
:1054B00008CF01085CCE010830D00108D8AD010842
:1054C00064D10108D0D10108D8D10108F0CE01087B
:1054D00078D10108144808F003FDFEF78ABE13488E
:1054E00008F0FEFC204608F0FBFC114808F0F8FC30
:1054F000FEF77FBE20460F4908F0C6FE38B10320F4
:1055000005F094FA0C4808F0EBFCFEF772BE0B486D
:1055100008F0E6FCFEF76DBE094808F0E1FCA8E4DF
:10552000074808F0DDFC75E6E8D10108FCD1010868
:1055300010D20108F4CE01088CD10108A0D10108D5
:10554000C4C501082DE9F04703780546A3F13002F0
:10555000012A0E46A0B040F28F800022824FCDE992
:105560000B227979012910D00024DFF80082752BF5
:10557000D8F80020CDE90D440A9213D1132E00F083
:105580006E81002020B0BDE8F087701E295C0024E9
:10559000692904BF4FF000420646752BCDE90D4442
:1055A0000A92EBD0295D2246722905EB040900F02E
:1055B000E58000F2458152297FD054297DD0233BDC
:1055C000562B00F23881DFE813F0ED033601AE030D
:1055D0003601360136013601360136013601360113
:1055E0003601360136013601360136013601360103
:1055F00036013601360136013601360136013601F3
:1056000036015B01530336013601A403830376039D
:105610006E031C045B0117040F04F6036D042D04D4
:1056200053046003360136013601B30136013601F9
:1056300099018D0184017A0160013601360136013C
:105640003601360136016D01680146033803360123
:10565000280336015B011D030C03F402E902D602A4
:10566000C00236014B02230236010D02360136011B
:105670000302FC01EA01D9014FF4001142780C91B8
:10568000302A00F0CD804FF48010374F0B9079799D
:10569000012900F0D98000233449722A0968CDE934
:1056A0000D330A9105F1010966D063D8522A02D060
:1056B000542A40F0C08001242246B71A092F40F234
:1056C000BA804FF080434FF0000A601C28440793D3
:1056D000CDF820A008F078FD069004F109002844D8
:1056E00008F038FD99F800308046522B099003D11C
:1056F0004FF00053D0460893404608F08DFD05302A
:1057000000B2B7EB400F40F096800A34013EA6424B
:1057100088BF00270DD9281908F022FD0234E4B211
:1057200020AB53FA87F3B44203F8400C07F10107AA
:10573000F1D308F09FFB10AC01210D4806AE08F034
:10574000AFFB21463046FEF7EDFA022800F08B80D1
:1057500008F09CFB4046069D08F05EFD224601468F
:10576000284601F0B9FE0CE7840103201000032055
:1057700050AC0108742A5ED101242246B71A042FC6
:1057800059D94FF0000A601C2844CDE907AA08F057
:105790000BFD0690201D284408F0DCFC99F8003031
:1057A0008046722B099003D14FF00053D0460893E6
:1057B000404608F031FD052300B203EB40039F4251
:1057C00039D10534013EA64288BF00270DD92819DA
:1057D00008F0C6FC0234E4B220AB53FA87F3B442BB
:1057E00003F8400C07F10107F1D308F043FB10ACBC
:1057F0000121B54806AE08F053FB21463046FEF7BE
:1058000091FA0228A4D108F041FB02E00A2011F02D
:10581000BDF821463046FEF785FA0228F6D099E712
:105820000022AA4F0B92797901290DD0A84B0D9235
:105830001B680E920A930121A64808F0E3FAA0E63D
:1058400074297FF4BCAE99E7721EA95C692900F047
:105850004F8300220124CDE90D220A92A2E62846B8
:1058600001F0A4FF8DE608F011FB02E00A2011F020
:105870008DF821463046FEF755FA0228F6D069E742
:105880001621954808F0BEFA7BE6022ED3D16B783C
:10589000302B0CBF00230123FB7001218A4808F044
:1058A000B1FA6EE6022EC6D16B788C4A303B18BF37
:1058B000012301218448137408F0A4FA61E6022E42
:1058C000B9D16B78302B0CBF0020012002F0FAFD1B
:1058D000E3E712F0D1FB102840F21483804808F06F
:1058E000FFFA4EE6022EA6D16B78303B032BA2D8EE
:1058F000DFE813F0FC02F302F102E70202F044FEDB
:105900000F21002800F08883764808F07BFA0C21EC
:10591000754808F077FA0121744808F073FA0921F4
:10592000734808F06FFA0221724808F06BFA28E613
:10593000B31E062B3FF67FAF012200206E4CA91844
:105940002E4411F8013B00EB8000303B03EB40009C
:10595000DBB2092B8CBF002202F00102A0428CBFF7
:10596000002202F001028E42EBD1002A3FF463AF25
:10597000FEF76EF900287FF45EAF8EE7032E7FF40A
:105980005AAF6878A0F14203022B3FF654AFAB78D0
:10599000302B0CBF0021012102F05AFD7DE7782257
:1059A000564B8DF84020D3F890050DF1410108F0D9
:1059B000DBFA0D230A2110A88DF8493008F022FAED
:1059C000DFE5FEF7B3F801213F4808F01BFAD8E500
:1059D000022E7FF430AF6B78302B0CBF00230123F5
:1059E0007B715AE7052E7FF426AF01263B4CA819A0
:1059F000666108F0B5FB0346E81CE36108F0B0FB04
:105A00002062FEF793F831462F4808F0FBF9B8E51D
:105A10003B4808F065FA4021304809F0A9FE08F03B
:105A200075FA384C2D4809F0ADFE08F06FFA206881
:105A300011F05EFC08F06AFA2068334C11F06CFC3F
:105A400008F064FA206811F053FC08F05FFA20684F
:105A500011F062FC08F05AFA1B4808F041FA90E590
:105A6000022E7FF4E8AE6B78423B022B3FF6E3AEAA
:105A700000234FF400124FF48011BB70CDE90B12DC
:105A8000099340F281123B7000234FF01409CDE9D5
:105A90000623DFF83C8010AC06AE002002F012FDB9
:105AA000FEF7A6F9FEF742F8642010F06FFF687861
:105AB000012102F0EBFC6878012102F0C9FC4846A4
:105AC00010F064FF25E000BF50AC01088401032002
:105AD0001000032028AB0108C8D2010808280320C1
:105AE000F8D2010860D2010880D20108D8AF0108BD
:105AF0008CD2010884D3010840420F000000FA0B49
:105B0000E0D20108A4380320A03803200A2010F0B6
:105B10003DFF21463046FEF705F90228F6D0322037
:105B200010F034FFD8F8143023B909F11409B9F58D
:105B3000D27FB2D1D8F81430002B3FF47CAE0121D3
:105B4000C248397008F05EF91BE5012E7FF473AE90
:105B50003146BE4808F056F9BD4801F0DDFE002090
:105B600002F0B0FC002002F0C7FC642010F00EFF31
:105B700009F086F805E5042E00F05D82092E7FF419
:105B80005AAE681C08F020FB0346B24A23F00043DB
:105B90000121AE48136508F035F9F2E40121AB4864
:105BA00008F030F90123AC4A3B70D360FDF7BEFF2B
:105BB000E7E4092E7FF43FAE681C08F0DDFA0346E7
:105BC000A54C681D636108F0CBFA0346E81DE3614C
:105BD00008F0C6FA034601219C48236208F012F936
:105BE000CFE46A238DF8403006F054F90DF14101FD
:105BF00008F028FA0D23042110A88DF8433008F08E
:105C000001F9BEE4022E7FF416AE6B789248302B79
:105C100000F03A8209F0E0FB3FE6022E7FF40BAE83
:105C20006B78302B00F02C82312B0CBF4FF480723C
:105C30004FF44072884B9A602FE6022E7FF4FBAD42
:105C40006B78302B00F02382312B7FF426AE0120BD
:105C500001F05CFE21E6022E7FF4EDAD6B78302B77
:105C600040F0DE81012100237C4A1170BB7014E6F4
:105C7000022E7FF4E0AD6B78302B00F0FE81312BEB
:105C80007FF40BAE01233B7107E6012E7FF4D3AD09
:105C900031466E4808F0B6F800226F4B3E70DA606D
:105CA000FDF744FF6DE446236A4A0DF14101107986
:105CB0008DF840309CE710A9674809F01FFD02A944
:105CC000654809F043FD10A902A801F0DDFD58E484
:105CD000634808F0C1FA431C9E427FF4ACAD6048B3
:105CE00008F0BAFA5E490246681C08F0EBFA002890
:105CF0007FF4A1AD0121554808F084F8C82010F0C8
:105D000045FE03F057FD002840F0C58103F09EFDDD
:105D100091E5012E7FF48FAD002331464B483B7057
:105D200008F070F82DE4032E7FF685AD6F1C384621
:105D300008F03AFA7608023E1FFA86F84045044613
:105D40007FF479AD05F104084146B2B2454810AE82
:105D500008F0E6F912F08AF92246434B41490096D1
:105D600007F082FF3946BDF8400008F033F9BDF86E
:105D7000402040463C4908F0D5F80D22BDF840309F
:105D80002846023305F813205B00591C08F03AF846
:105D900012F06CF92246344B3249009607F0B4FFFA
:105DA000FFF7EFBB012E7FF446AD304808F098F8BE
:105DB0003046FFF7E7BB072E7FF43DAD681C08F0C7
:105DC000CFF90346244CE81C636208F0C9F9034686
:105DD000681DE36208F0C4F9034601211B482363F0
:105DE00008F010F8FFF7CDBB4A238DF8403006F0DD
:105DF0005FF80DF14101DAE5164801F025FDFFF7E6
:105E0000C0BB032E00F02581052E7FF414AD681C65
:105E100008F0A6F90346104CE81CA36108F0A0F9AD
:105E2000A0623AE5042E00F01A81092E7FF403AD3A
:105E3000681C08F0C9F90346064A23F00043012113
:105E40000248D36407F0DEFFFFF79BBB50AC0108AC
:105E5000E8D2010810000320082803209200032044
:105E6000E4D20108B8670120B457012098D2010894
:105E70004E238B4D8B4E0DF141048DF8403015F8BB
:105E8000040B214608F0DEF8B54204F10204F6D115
:105E9000192110A807F0B6FF0121834807F0B2FFCF
:105EA000FFF76FBB012E7FF4C6AC31467E4807F08A
:105EB000A9FF02227D4B3E70DA60FDF737FEFFF747
:105EC00060BB03227A4B01217748DA625A6407F0FB
:105ED00099FFFFF756BB0222F4E70121744B724889
:105EE000D962596407F08EFFFFF74BBB0022E9E748
:105EF0004FF00041164600220124CDE90D220A91FF
:105F0000FFF750BB6B4807F0EBFF12F0B5F802AAA1
:105F10000146694812F0C8FA10AC684807F0E0FF83
:105F200000212246029808F0A7F8204607F0D8FF83
:105F3000634807F0D5FF4FF00009DFF87C815EE091
:105F4000642106EBC60208EB82029269F50001FBB0
:105F500002F2B2FBF3F35FFA83FA224600213046E5
:105F600008F08AF8AF19204607F0BAFF08EB870758
:105F7000544807F0B5FF786807F0B2FF786808F07A
:105F80006BF9072894BF5048504807F0A9FFAB1998
:105F900008EB83031B7B3544052B96BF4C4A4D48C9
:105FA00052F8230007F09CFF22460021504608F0DB
:105FB00063F8464807F094FF204607F091FF08EB8E
:105FC0008505454807F08CFF22460021288C08F003
:105FD00053F83E4807F084FF204607F081FF3B4816
:105FE00007F07EFF22460021A86908F045F8204608
:105FF00007F076FF2C4807F073FF09F1010912F052
:106000003BF85FFA89F6B0427FF6BBAA029B002BF1
:1060100096D19A46F500A0E7304807F0F3FE76E403
:106020000024224B3C70DC60FDF780FD01222C4BEC
:10603000BA701C7031E4681C08F0B6F803461C4ABC
:10604000C3F30A0301211848936307F0DBFEFFF74F
:1060500098BA681C08F084F8144B98611DE4681C19
:1060600008F0A2F80346124AC3F30A0301210E48BE
:10607000536307F0C7FEFFF784BA00233B710CE4BB
:1060800000220A4B9A6008E409F0B8F905E4002000
:1060900001F03CFC01E413F03FFFFFF7CCBB00BF75
:1060A0009005FA0BC005FA0B50AC01080828032034
:1060B0001000032008D301087455012054D30108AF
:1060C00074D3010888D301088CD3010890D3010848
:1060D00034E0010858D2010894D3010870D20108B5
:1060E00092000320024A034B10801980704700BFC2
:1060F000640003202A3A0320F8B500254FF4007706
:106100000E46384B384AC3E90055C3E90255374BB0
:1061100037491D80374B17801D80374BB5221D80B6
:10612000364B04461D70364B36481D7013F08EFEFC
:106130002946344D3B2205F1B50013F0E5FD002E54
:106140004AD0204605F2FF13344410F8012BA04238
:1061500003F8012FF9D1002206F500702A4B80B216
:10616000B0F5805FC3E9002207D0264BC6F5606218
:10617000002192B2184413F0C7FD0024234B4FF4C2
:106180008062214622481C7013F0BEFD214A224B3A
:106190001588224665F30F0465F30F0203F590504E
:1061A00065F31F4465F31F42C3E900420833984278
:1061B000FAD1032500221821184B2E241D70184BEC
:1061C00040201A702022174B1980174B17491C804A
:1061D000174B08701A70F8BD0B4B3846C3E90066C0
:1061E000C3E700BF843A0320783A0320943A03209F
:1061F000C8D301087A3A0320343A0320313A032005
:10620000303A0320BC0B02207C3A0320293A0320B9
:10621000BC0702202A3A0320BC7701206800032033
:106220002C3A03206C0003206A000320670003203F
:1062300066000320014B1878704700BF283A0320FE
:1062400001220249024B08601A707047243A032069
:10625000283A03200022014B1A707047283A032085
:106260002DE9F04F3D493E4B3E4A91F800801B78A6
:1062700092F8009089B0B8F1000F6CD003FB08FED3
:10628000394A03FB0EF0128838490392384AB1F8B4
:1062900000A01D4600214FEA4E0E4FEA400BA2EB34
:1062A0004304B9F1000F08D1013188B2804541D9CA
:1062B000013188B28045F7D83CE005920846224675
:1062C0000146069000275046EC1A049402EB450C58
:1062D0000792284CCA08A25C01F00704E24012F0C1
:1062E000010F039A14BF04461446A3B16646DDF8B5
:1062F00010A0CDF808C0B446002201329342ACF899
:106300000040F444F9D10AF1010AAA4506F1020657
:10631000F1D1DDF808C00137BAB291454144DC44FF
:10632000D7D88246DDE90602013081B241451D44DD
:10633000C6D3059A18FB03F81FFA88F80E490F48D0
:10634000009203FB09F342460988008805F02EFC01
:1063500009B0BDE8F08F064AF0E700BF67000320F0
:1063600068000320660003202A3A0320640003200B
:10637000BC770120BC0702206A0003206C000320C8
:1063800000212DE9F04F744B744A93F820308BB004
:10639000023B1180042B06D8DFE803F04E51550371
:1063A0004B00802313806E490B68C31A102B09D948
:1063B0006C4C23780BB1013B23706B4C2378002B82
:1063C00034D1086040F6FE73684C27889F4227D876
:1063D000674B1D88B5F5805F22D26649664ECB19A2
:1063E0005B78C95D43EA0123194603F47040B0F5B8
:1063F000004F1BB2318000F0DD8228D8B0F5804F0D
:1064000000F07E813FD8B0F5005F00F0398300F2E4
:106410002A83002800F07D81C3F30B03238002E070
:106420000022564B1A700BB0BDE8F08F013B237071
:10643000C7E740231380B6E720231380B3E74FF468
:1064400080731380AFE74FF400731380ABE7B0F5B0
:10645000404F00F024832FD8B0F5204F00F0FC828D
:10646000B0F5304F00F03C81B0F5104FD8D1444B1F
:10647000C1F30322C1F303119A5C5B5C9A4216D00C
:106480000237BFB213E0B0F5C04F00F0CC82B0F5D8
:10649000E04F00F02C81B0F5A04FC1D1384AC3F3D2
:1064A0000321C3F30313515CD35C9942E8D0023754
:1064B00027800BB0BDE8F08FB0F5604F00F0BA82D6
:1064C000B0F5704F00F07481B0F5504FA8D12C4A50
:1064D000C1F3032012F800A04FF0000C1046294F22
:1064E000C1F30311525C03F00F063B78069280F86B
:1064F0000FC0002B00F04382002E00F0E082082342
:1065000000221FFA86F9039307931F49079B097816
:1065100053448B4200F3D0821C4B06991B784944AC
:106520009942D4BF0023012302930027002A14BFFD
:106530004FF400438023BB460493CDF824A0B9F167
:10654000100F00F02D820B4B1D4415F8078000251D
:10655000099ECDF820906FE070000320323A0320AE
:10656000243A0320303A0320313A0320783A0320BA
:106570007A3A0320BC0B0220943A0320283A0320E5
:10658000843A0320293A0320670003206600032091
:10659000BB4B069A1978BB4B3A441B78B2FBF1FC13
:1065A000B6FBF3F04FF0010A01FB1C2203FB106065
:1065B00003FB0203DFF8E8924FEAD30E19F80E103E
:1065C00003F0070321FA03FB1BF0010F059218BF2C
:1065D000AD4A0AFA03FC5FFA8CFC18BF82F80FA0E0
:1065E000029A0CBF41EA0C0121EA0C0109F80E10D5
:1065F000002A00F0D281D940CB0754BFA34BA44B53
:10660000059A1B88A3490093A34B09881B784FF078
:10661000010B12FB03F210FB03F011449F4A89B2F5
:106620001288104480B21A4605F04CFA039B0135DB
:106630009D4206F101064AD0049B2B4113EA080F44
:10664000A6D1029B002BF1D18D4B19788D4B1A7876
:10665000069B3B44B3FBF1F001FB103096FBF2F3D9
:1066600002FB136302FB00338D49DA08895C03F0F7
:106670000703D940C90754BF844B854BB3F800C00A
:10668000854B19780029D1D0079B15FB01F911FB27
:1066900003F211FB07F313FB02935000814A09EB4D
:1066A000010A02EB430E7246002301338B42A2F82B
:1066B00000C00244F9D109F10109D1450EF1020EE1
:1066C000F1D1039B01359D4206F10106B4D1DDF8FD
:1066D000209001374F4500F09981734B1D882EE7BC
:1066E000694AC3F30B031278134423809BE6664880
:1066F000C3F30321425C023713442780435492E6DC
:106700006149C3F303228A5CDBB29A427FF4B8AEDC
:10671000CDE6DAB2012A3FF4CAAEE03A91B21F29BF
:1067200000F2C4801F2A00F2C18001A151F822F0BA
:10673000EB6D0008AD680008AD680008AD680008A2
:10674000AD680008AD680008AD680008AD680008D5
:10675000AD680008AD680008AD680008AD680008C5
:10676000AD680008AD680008C96D0008AD68000894
:10677000AD680008AD680008AD680008AD680008A5
:10678000AD680008AD680008AD680008AD68000895
:10679000AD680008AD680008AD680008FD6C000831
:1067A000896B0008216400081D6B0008836C0008D9
:1067B000DBB2332B00F39381062B7FF731AE073B1F
:1067C0002C2B3FF62DAE01A050F823F0D570000819
:1067D0002164000821640008316F0008216400086A
:1067E0002164000821640008216400082164000875
:1067F0002164000821640008216400082164000865
:10680000216400081D6F000821640008216400084D
:106810005D710008216400082164000821640008FB
:106820002164000821640008477100082164000801
:106830002164000821640008216400082164000824
:106840002164000821640008216400082164000814
:10685000216400082F7100082164000821640008E9
:1068600021640008216400082164000821640008F4
:106870001371000821640008216400086B7000088F
:106880006600032067000320843A03202A3A03208D
:10689000640003206A000320680003206C000320CA
:1068A000BC070220BC7701207A3A032003F0F002F3
:1068B000C02A00F06983D02A7FF4B2ADA34A03F066
:1068C0000F031278002A54D000254FF0010B9C468C
:1068D0009F4902FB03F991F800A0AAEB030802FB11
:1068E00008F1E24528DD2F46CE46CDE902CCCDE9C0
:1068F000041598484FEADE03C35CF90810F801C09C
:1069000018460EF0070607F007030BFA03F320FA08
:1069100006F6DBB2F00743EA0C0558BF2CEA030584
:106920008C4B96445D54029B174401339A45029365
:10693000DFD1DDE903C1059D904513DA0B464646DC
:1069400084484FEAD30E10F80E0003F007070BFA45
:1069500007F720EA070701367E48964200F80E70D6
:106960001344EDD10135954201F1010109F101090D
:10697000B7D1FFF775FC23880233238053E5764BAC
:10698000C0221B882E2100931820602305F09AF85E
:1069900001233B70714B1D88AEE54FF0010B68E69B
:1069A0006F4B05EB47055A1992F801805B5D48EA89
:1069B0000328CCE5C1F3032203F00F031546C1F30E
:1069C00003100E2B3FF62CAD01A656F823F000BFA6
:1069D0000F6F0008FD6E0008EB6E0008D96E00080E
:1069E000B96E00086F6E0008596E00083B6E000813
:1069F0002164000821640008216400082164000863
:106A00002164000821640008276E0008DDF824A036
:106A1000BBF1000F03D0029B002B00F049812388BB
:106A200002332380FFE44F49C3F3032202378B5420
:106A30002780F8E4DBB29E2B47D0A12B7FF4F0AC8B
:106A40004848C1F303211388425C1341DB073FF53B
:106A50002EAD04372780E6E4404AC3F30B03023728
:106A600013802780DFE4B0F5405F7FF4D9AC3D4967
:106A7000C3F303228A5CDBB29A427FF418ADFFE4D1
:106A800039493A480A8820F81270013292B21F2A16
:106A90000A807FF6C1AC0021354A1170BCE405F0D4
:106AA000F9F933882F4DC3F3032100EA0302238849
:106AB0006A5402332380B6E40123029335E51023A0
:106AC00001229946039307931FE52648C1F303214A
:106AD0001388425C1341DA077FF5E9ACB9E7752BFF
:106AE00000F0EF8200F3BF80552B00F0FD82652B94
:106AF0007FF496ACC1F30326AB19B3F5805FBFF604
:106B00008FAC174B721C5919164813F09FF90135B9
:106B1000124B2E4402371E80278084E4032000237A
:106B20001821144A202510702E2040220237278079
:106B3000114C2370114C2370114B054C19801149D5
:106B4000024B257008801A706DE400BF67000320B7
:106B500066000320BC0702202A3A03207A3A032069
:106B6000BC0B0220843A0320343A0320383A032035
:106B7000283A032068000320293A03202C3A0320F6
:106B80006C0003206A000320BC4BBD4A1B7892F8BE
:106B900000A0002B0CBF4FF0020C4FF0040CBAF118
:106BA000000F3FF4E6AE0025B64B4FF001091E780A
:106BB000DFF8D4E2A6EB0C07B0463B4637462E463C
:106BC000002B4ADD70462A46CDE90237CDE904CADA
:106BD000CDE906850CEB050103EB050BD3081EF888
:106BE0000350CF0801F0070302F0070A1EF80780E0
:106BF00009FA03F325FA0AF5DBB2ED0702F1010207
:106C000043EA080C58BF28EA030C93450EF807C066
:106C100001F10101E2D1DDE90237DDE904CADDE974
:106C20000685BB4280F246820246594602934FEAED
:106C3000D10B12F80B3001F0070009FA00F0013116
:106C400023EA0003414502F80B30F0D1029B0136E4
:106C5000B245B8443D44B3D18BE6BB42F7DA8A4A29
:106C600003EB050BE1E7852B7FF4DAABC1F30322DD
:106C7000864887490132023713F0E8F82780FFF78A
:106C8000D2BB01233825834802370370824827800E
:106C900005800020802440228049814D0870794978
:106CA00077480C7075492A8002700B70FFF7BBBBE8
:106CB000744B1A78724BBAFBF2F11B7802FB11A0ED
:106CC0000699B1FBF3F203FB1211724B1A7812FB17
:106CD00007F311FB02F110FB02F012FB05F2704DFD
:106CE0009BB22D8892B229446B4D89B22D882844DD
:106CF0006C4D80B2009504F059FF90E65F4B604AFE
:106D00001B7892F800A0002B0CBF4FF0020C4FF044
:106D1000040CBAF1000F3FF42CAE4FF00109002231
:106D2000584B0CF1FF3793F80080A9EB0C0B08F1DE
:106D3000FF33A3EB0C0E544BE0450BEB070640D999
:106D40007046CDE9028CCDE904260CEB0E01CDF89E
:106D500018A0CA089D5CC60800F0070201F0070AE7
:106D600013F8068009FA02F225FA0AF5D2B2ED0705
:106D700001F1FF3142EA080C58BF28EA020C8F42A9
:106D800003F806C000F1FF30E3D1DDE903C2DDE91D
:106D9000056A4FEAD60813F8080006F0070509FA55
:106DA00005F520EA0500B74203F8080006F10106E0
:106DB000EFD1DDF80880013252454744C644BBD1CB
:106DC000D7E5CDF80880E4E7374A1388013B9BB24A
:106DD0001F2B138002D90021344A1170344A32F833
:106DE000133002332380FFF71EBB4FF48062002173
:106DF000254812F089FF2349264A214B087812784A
:106E00001B78274902FB03F300FB02F2294809889B
:106E1000008800902048008804F054FE2388023344
:106E20002380FFF700BB194A0237135C2780590003
:106E3000DB095155D373FFF7F6BA144B0237185CD0
:106E4000995C27808142A0EB01048CBF00210121C5
:106E50009C54D973FFF7E7BA0C4A0237135C2780BA
:106E6000590803F001035155D373FFF7DCBA074B00
:106E70000237195C2780985CE4E700BF2C3A0320B6
:106E80006600032067000320BC070220843A032029
:106E90007C3A0320680003206C000320293A032079
:106EA0006A000320BC770120343A0320283A0320EB
:106EB000383A03202A3A0320AD4B0237195C985C1C
:106EC00027800C18C0F1FF008142D4BF00210121AE
:106ED0009C54D973FFF7A7BAA54B0237195C985C8D
:106EE000278041409954FFF79EBAA14B0237195CA5
:106EF000985C278001409954FFF795BA9C4B023764
:106F0000195C985C278001439954FFF78CBA984B21
:106F10000237195C27809954FFF785BA944AC1F368
:106F20000321525C934B02371A702780FFF77BBA1C
:106F30000020914DB2F800804FF0010E84462A885F
:106F400005E04FF0010CB2B20130102815D048FA1C
:106F500000F30EFA00F613F0010346EA0206F0D140
:106F600042FA00F6F607EFD52B80814BC1F30321DF
:106F7000023727805854FFF756BABCF1000F3FF490
:106F800052AA2A80FFF74FBA7C4A03F00F05117806
:106F900000293FF4EEAC7A4B6A1E1B7800205B1B85
:106FA0005F1E1A44002F01FB02F201FB07F62EDBE5
:106FB000744B9446B046BB46CDE9025204904FF064
:106FC00001094FEAD80E13F80E500CF0070E4FEAE5
:106FD000DC0209FA0EFE08F00709985C25FA09F9A7
:106FE0005FFA8EFE19F0010F0BF1FF3B40EA0E0A2B
:106FF00008BF20EA0E0ABBF1FF3F03F802A0A8EB8E
:107000000108ACEB010CDAD1DDE9025204980DB3B2
:107010004FF0010A5B4B84464FF0000E4FEADC094B
:1070200013F809800CF0070B0EF1010E0AFA0BFBA6
:1070300028EA0B08754503F809808C44EED101302D
:10704000814206F1010602F101023FF492AC002FE9
:10705000AFDAE0E70130814206F1010602F10102F8
:107060003FF487AC002FA3DAF4E705F1020CBCF57E
:10707000805FBFF6D5A90237278064243C4BC1F35B
:1070800003215A5C0A20B2FBF4F33F4E735504FB14
:107090001323DBB2B2FBF0F2B3FBF0F400FB1433CA
:1070A000B2FBF0F400FB142271194A7006F80C30A0
:1070B000FFF7B9B901365645B8443D447FF483AD76
:1070C00057E4C1F3032201322949304812F0BEFED1
:1070D000FFF7EDB9274A264B1278C1F30321023797
:1070E0005A542780FFF79FB9C1F30326AB19B3F5B4
:1070F000805FBFF695A9244B1D495819721C12F0E8
:10710000A5FE0135224B7119023719802780FFF740
:107110008AB9174BC1F303215B5C1D4A03EB830360
:107120005B000237503313802780FFF77CB9104B88
:10713000C1F303215B5C164A023703EB8303138020
:107140002780FFF770B90A4BC1F303215B5C104A3B
:1071500002372B4427801380FFF765B9044AC1F337
:107160000321525C0B4B02371A702780FFF75BB983
:10717000843A0320313A03202E3A0320670003208B
:1071800066000320BC070220BC0B02207C3A0320CF
:107190007A3A0320303A0320704700BF91B14FF094
:1071A000FF3210B4084C014410F8013B5340DBB2ED
:1071B00054F82330884283EA1222F5D1D0435DF897
:1071C000044B7047084670471C000208000000008E
:1071D000002370B49FED107B002408259FED106BF9
:1071E000114A12491380124A124E82ED006BC2E915
:1071F000024582ED047B104D82ED067B13620F4A3F
:1072000028600F4C13700F4A0F48236013700B70E7
:107210003360036070BC7047000000000000000095
:10722000A007000000000000D83A0320C83A03205D
:10723000983A0320C43A0320D43A0320D03A0320DA
:10724000CC3A0320BC3A0320C03A032070B545680D
:1072500015B90368432B00D070BDC0680C461646B4
:1072600006F0DAFF0128F7D940F6AE0223880D4870
:107270005BBA0D4C99B29142238006600ED90B4A3D
:10728000137803F0FF01002BE6D1012308481370A7
:107290000660084806600848017070BD074B1D7005
:1072A00070BD00BFD43A0320D83A0320C83A032067
:1072B000C43A0320C03A0320BC3A0320D03A03204A
:1072C0001E4B1B78D3B1F0B51D4D04462B7883B00F
:1072D000022B06D81B4E3268821A002A0FDA03B03E
:1072E000F0BD194A1368C31AB3F57A7FF7D30023A8
:1072F0001449106008602B7003B0F0BD7047C3EBF9
:10730000C30189B20E2914BF082707278DF8003062
:107310000E4BC1F114020DF10100194418BF0722F0
:1073200012F094FD0A486946C760FCF7FBFC2B7815
:10733000143401332B70346003B0F0BDC83A03201D
:10734000BC3A0320C03A0320C43A03201C040208BC
:10735000983A03200022024B1A60FFF739BF00BFA2
:10736000E03A032070B50B4B04461B680D469B7C2E
:10737000164633B9324629462046BDE87040FFF72D
:1073800065BF01F0B1FC324629462046BDE8704099
:10739000FFF75CBF340103200020704708B5FFF7FA
:1073A0008FFF024A13680133136008BDE03A0320DF
:1073B000024A136801331360704700BFDC3A0320B0
:1073C000002010F06FBC00BF002010F06BBC00BFAD
:1073D000124B1B68198901B310B400245B68104A72
:1073E00003EB411CD3E90001C2E9000198689969E7
:1073F0009061D8682033506153F8100C6345C2E99E
:10740000024053F80C0C02F1740242F8100C42F8DE
:10741000041CE7D15DF8044B70477047340103202A
:10742000E43A032070B500240E4B01211B680E4A7C
:107430009D7C0E4B2D1B18BF01256D4203F54B762D
:107440001170EDB218460822294612F05DFC034681
:107450007433B342C0E91144F4D1BDE87040FFF782
:10746000B7BF00BF3401032092000320083B032074
:1074700050B3164B1A68824226D02DE9F041857C24
:107480000122003D18BF01250024114E186096F816
:107490000080104B6D4203F54B775FFA88F832702D
:1074A000EDB218460822294612F02EFC034674332A
:1074B000BB42C0E91144F4D1FFF78AFFFCF7C6FBD9
:1074C00086F80080BDE8F081704700BF34010320DA
:1074D00092000320083B032000293CD0F0B57A4BF2
:1074E00083B01D68AF7C6FB906462C8A44B1EB6847
:1074F00003EBC40C1C68B4420FD008336345F9D1C8
:1075000003B0F0BDC0F30743EF2B4FEA1024C0F3E4
:107510001126EAD86D4E2640E7E71C79E7B1B6F5AB
:107520006F4F49D04FF6D4539E426CD04FF6027342
:107530009E4200F0B3800F2C10D12B681046DB6FF9
:1075400000929847009A137803F00303032BD7D0D7
:107550005F4B1883D4E77047082C3BD02B6810464C
:1075600003EBC4035B689847102CC9D801A353F8F8
:1075700024F000BF297600085D76000863760008D5
:10758000697600086F760008757600087B7600083B
:107590008176000887760008417600084976000861
:1075A0005176000857760008357600083B760008CB
:1075B000517500082F760008C0F30720132866D005
:1075C0005A289DD12B6810465B6D9847404AC3B23C
:1075D000D37595E72B6810465B6C00910192984734
:1075E00000993B4CC0B20129207389D0019A104602
:1075F000FCF7C6F984F8200094F8200003B0BDE839
:10760000F04001F0F9BFC3B2212B50D05A2B7FF4C8
:1076100077AF2B681046DB6C9847C3B2032B3FF45F
:107620006FAF2B4A93756BE7294B588068E7284B5F
:10763000D88365E7264B188262E7254B98835FE77E
:10764000234BC0B298755BE7214BC0B2D87557E7A2
:107650001F4B588354E71E4B588251E71C4B188030
:107660004EE71B4BD8804BE7194B988048E7184BE7
:10767000988245E7164B588142E7154B18813FE742
:10768000134BD8813CE7124BC0B2187338E72B6814
:107690001046DB6A98470E4B588131E71046FCF7DD
:1076A00085F90B4B83F8200093F82000A6E72B68A0
:1076B00010465B6F9847C3B2032B3FF421AF044AD7
:1076C0009BB293831CE700BF3401032000FF03003B
:1076D00070000320314B1B78002B5DD12DE9F04762
:1076E000DFF8C49003F0FF05D9F8003082B01B89A1
:1076F000002B4ED02A4C0646A4F12407C4F1000802
:1077000008E0D9F8003001351A89ABB29A4204F189
:1077100074043ED9A36C226CF31A9342F1D3B4F9EA
:107720004C3008EB040A0AF1240000EBE300002BC4
:10773000384408DBB4F8443002225BBA01A9ADF842
:10774000043006F075FDB4F94E30002B4FEAE3012A
:1077500011DB2046FFF722FDB4F94E300190002BDB
:107760000AF12400B8BF073300EBE300042201A9AB
:10777000384406F05DFD0B4B21461B68A4F1240044
:1077800044F8143CFCF7CEFA636CA66401336364DE
:10779000B7E702B0BDE8F087704700BF9200032052
:1077A000083B032010000320340103202DE9F041A1
:1077B0000446234D01302B68224F1B681E6806F0DB
:1077C000F3FC2049B0472B68201D1B681E6906F09A
:1077D000EBFC07F17401B0472B68E01D1B681E6AC3
:1077E00006F0E2FC07F1E801B0472B6804F10A005B
:1077F0001B689E6A06F0D8FC07F5AE71B0472B688F
:1078000004F10D001B689E6B06F0AAFC07F5E871F9
:10781000B0472B6804F10F001B681E6D06F0A0FC3A
:1078200007F51171B0472B6804F111001B681C6E3D
:1078300006F096FC234607F52E71BDE8F041184787
:1078400034010320083B032010B504460B4806F022
:1078500047FBE06806F05AFB206906F057FB6069B9
:1078600006F054FBA06906F051FB054B986806F042
:107870004DFBBDE81040034806F032BB80D4010840
:107880008401032050AC010838B505460C461C485D
:1078900006F026FB1B4B986806F038FB286806F0BC
:1078A00035FB686806F032FBA86806F02FFBE86835
:1078B00006F02CFB206806F029FB606806F026FB2A
:1078C000A06806F023FBE06806F020FB206906F0C4
:1078D0001DFB606906F01AFBA06906F017FBE06962
:1078E00006F014FB206A06F011FB606A06F00EFB3E
:1078F000A06A06F00BFBBDE83840034806F0F0BA7A
:1079000084D401081000032050AC0108014B18700A
:10791000704700BF103E0320074B1B78012B00D09F
:10792000704710B5044606F097FC01462046BDE8B6
:10793000104006F067BA00BF103E03202DE9F84F53
:107940007B4D074695F800C00E46BCF1010F9046EE
:107950001C4600F09180DFF8F49199F80430002B78
:1079600040F082802B78002C76D0012B00F0F08044
:10797000A10740F19480600700F1E081210700F148
:10798000CE81E00600F1DF81A10600F1948062065D
:1079900040F1418114F4801A00F07E82A10240F18E
:1079A0002982D6F800B0BBF1010F00F06B83BBF168
:1079B000020F00F067834FF4801ABBF1030F03D06E
:1079C000BBF1040F40F07A83640200F1188238782A
:1079D00006F090FA2B78012B00F056823868C0F33D
:1079E000C70006F087FA2B78012B00F0B8823879AF
:1079F00006F080FA2B78012B00F0A982387B06F084
:107A000079FA2B78012B00F0558296F8280006F0C1
:107A100071FA2B78012B00F05C82B268182A00F210
:107A2000A281DFE812F0A001A001A001A001A00145
:107A3000A001A001A001A001A001A001A001A0013E
:107A4000A001A001A001A001A001A001A001A0012E
:107A5000A001A001A001A001012B3CD0D8F8183052
:107A6000D9F80830BDE8F88F38463146FFF70CFFEB
:107A70004046FFF7E9FE75E72E4806F0EDFB0146AC
:107A80002C4806F0BFF92B78012B7FF464AF2A480D
:107A900006F0E2FB0146284806F0B4F95BE761070F
:107AA00000F14C81200700F13A81E10600F14B81A1
:107AB000A20640F1A38060063FF56CAF21063FF5BA
:107AC00069AFE0053FF566AFA1053FF563AFE2039F
:107AD0003FF560AFD3E0194806F0BEFB01461748FA
:107AE00006F090F92B78D8F818204AB1012BB7D1BD
:107AF000134806F0B1FB0146114806F083F92B78D4
:107B0000D9F808204AB1012BACD10E4806F0A4FBED
:107B100001460C4806F076F92B78012BA2D10A48D1
:107B200006F09AFBBDE8F84F0146074806F06AB92F
:107B3000103E032088D40108C0D4010820DA0108CF
:107B400030DA01085CDA01088CDA010884010320CC
:107B5000984806F081FB0146964806F053F9E20783
:107B60002B780AD5012B40F07B83934806F074FBF9
:107B70000146914806F046F92B78A2070AD5012B59
:107B80007FF4F9AE8D4806F067FB01468B4806F09E
:107B900039F92B7862070AD5012B40F0CF8088484D
:107BA00006F05AFB0146864806F02CF92B7822078E
:107BB0000AD5012B40F0B380824806F04DFB014608
:107BC000804806F01FF92B78E2060AD5012B40F019
:107BD000BA807D4806F040FB01467B4806F012F96A
:107BE0002B78A2060AD5012B7FF465AF774806F003
:107BF00033FB0146754806F005F92B7862060AD575
:107C0000012B7FF4C7AE724806F026FB0146704890
:107C100006F0F8F82B7820060AD5012B7FF4BAAECF
:107C20006C4806F019FB01466A4806F0EBF82B7821
:107C3000E1050AD5012B7FF4ADAE674806F00CFBD9
:107C40000146654806F0DEF82B78A2050AD5012B1F
:107C50007FF4A0AE614806F0FFFA01465F4806F0E7
:107C6000D1F82B78E0030AD5012B7FF493AE5C4862
:107C700006F0F2FA01465A4806F0C4F82B7814F4DC
:107C8000801A0CD0012B7FF489AE564806F0E4FA36
:107C90004FF4801A0146534806F0B4F82B78012BB4
:107CA00040F0FA80504806F0D7FA01464E4806F0F8
:107CB000A9F8A1022B7800F15A81012B7FF484AE40
:107CC000494806F0C9FA0146474806F09BF86202A7
:107CD0002B7840F1BA80012B746840F0158243483C
:107CE00006F0BAFA0146414806F08CF8012C2B78D0
:107CF00000F0CC81022C00F09082032C00F09982DD
:107D0000042C40F08980012B7FF461AE384806F0E6
:107D1000A3FA0146364806F075F82B788AE0E006AB
:107D200011D4A1063FF5C7AE60063FF533AE21067C
:107D30003FF530AEE2053FF52DAE86E72007EED4E5
:107D4000E10640F19581A0063FF5B5AE61063FF52D
:107D500021AE20063FF51EAEE1053FF51BAEA205A4
:107D60003FF518AE7EE7326972B9726962B9B269DD
:107D7000012A3FF473AEF269012A3FF46FAE326A12
:107D8000012A40F0658169E6B269012A3FF466AED6
:107D9000F269012A3FF462AE326A012A3FF45EAE14
:107DA000726A012A3FF45AAED8F81820002A7FF4EC
:107DB00057AEA5E624AE0108E4D4010800D50108B9
:107DC00024D5010840D5010860D5010880D50108F7
:107DD00098D50108B4D50108D0D50108ECD5010823
:107DE00008D6010828D6010850AC010830D7010890
:107DF000BCD6010864027FF5EAAD4FF4801A7468BE
:107E0000012C3FF4E4AD022C3FF4E1AD032C3FF430
:107E1000DEAD042C3FF4DBAD052C40F08481012B5A
:107E20007FF4D5ADA64806F017FA0146A44805F040
:107E3000E9FF2B78012B7FF4CAADA24806F00CFABB
:107E40000146A04805F0DEFF2B78BAF1000F0AD0FA
:107E5000012B7FF4BCAD9C4806F0FEF901469A4820
:107E600005F0D0FF2B78012B7FF4B1AD974806F0D9
:107E7000F3F90146954805F0C5FF387806F03AF861
:107E80002B78012B7FF4AAAD914806F0E5F9014665
:107E90008F4805F0B7FFA1E5A0027FF595ADD6F8B4
:107EA00000B0BBF1010F3FF48FADBBF1020F7FF4C7
:107EB00084AD89E5874806F0CFF90146854805F08D
:107EC000A1FF96F8280006F015F82B78012B7FF417
:107ED000A4AD7C4806F0C0F901467A4805F092FF4F
:107EE000BB6853B12B78012B7FF497AD7A4806F02D
:107EF000B3F90146784805F085FF2B78012B7FF414
:107F00008CAD764806F0A8F90146744805F07AFF72
:107F1000B2682B78182A52D8DFE812F068015100B5
:107F20005100510051005100510051005D015100BC
:107F300051005100510051005100510052015100B7
:107F40005100510051005100510051004701644857
:107F500006F082F90146624805F054FF4EE561489B
:107F600006F07AF901465F4805F04CFF3FE5012B2A
:107F7000D6F800B095D15C4806F06EF901465A4833
:107F800005F040FFBBF1010F2B7800F08B80BBF1B7
:107F9000020F00F03681BBF1030F00F05681BBF1F8
:107FA000040F40F06A81012B7FF40EAD4F4806F0BC
:107FB00053F901464D4805F025FF2B787DE6012B4E
:107FC0007FF4D1AE4A4806F047F90146484805F02B
:107FD00019FF2B78012B7FF4C6AE3A4806F03CF926
:107FE0000146384805F00EFFF2682B7852B1012B9C
:107FF0007FF4B9AE3F4806F02FF901463D4805F041
:1080000001FF2B78326952B1012B7FF4BDAE3A48A3
:1080100006F022F90146384805F0F4FE2B78726923
:1080200052B1012B7FF4B0AE344806F015F9014689
:10803000324805F0E7FE2B78B269012A00F09D80F6
:10804000F269012A00F08D80326A012A00F0A180D5
:10805000726A012A7FF447AD012B7FF4FFAC2848F8
:1080600006F0FAF80146264805F0CCFE2B783AE5F2
:10807000A0063FF520AD61063FF58CAC22063FF52A
:1080800089ACD5E562023FF5B8AEA0E4012B7FF4E0
:108090009EAC1C4806F0E0F801461A4805F0B2FE16
:1080A0002B78C7E6012B7FF48FAC164806F0D4F886
:1080B0000146144805F0A6FE2B78FEE584E400BFD7
:1080C000D8D6010850AC010854D7010870D7010870
:1080D00038AC0108A8D70108B4D70108ECD70108CB
:1080E00098D7010880D7010844D60108BCD60108FA
:1080F0009CD80108B8D80108E0D8010830D9010897
:10810000F8D9010868D60108012C3FF460AC022CB4
:108110003FF45DAC032C3FF45AAC042C3FF457AC55
:10812000052C3FF454AC062C2B780BD1012B7FF49B
:108130004EAC684806F090F80146664805F062FECD
:108140002B7877E6072C7FF475AE012B7FF43FACDC
:10815000614806F081F801465F4805F053FE2B7830
:1081600068E6012B7FF47AAC5C4806F075F80146AE
:108170005A4805F047FE2B7866E7012B7FF46EAC7A
:10818000574806F069F80146554805F03BFE2B7844
:1081900056E7012B7FF462AC524806F05DF80146C9
:1081A000504805F02FFE2B7852E7012B7FF4DBAD12
:1081B0004D4806F051F801464B4805F023FE08E70C
:1081C000012B7FF4D0AD494806F046F801464748F8
:1081D00005F018FEFDE6012B7FF4C5AD444806F01E
:1081E0003BF80146424805F00DFEF2E6012B7FF414
:1081F000BAAD404806F030F801463E4805F002FEB0
:10820000E7E6012B7FF4E0AB3B4806F025F801469A
:10821000394805F0F7FD2B784FE5012B7FF4D7ABFC
:10822000354806F019F80146334805F0EBFD2B7888
:1082300000E6012B7FF4CBAB304806F00DF8014689
:108240002E4805F0DFFD2B78F4E5012B7FF4BCAB65
:108250002A4806F001F80146284805F0D3FDACE6AF
:10826000A0077FF51CAC60073FF568AD21073FF51F
:1082700056ADE2063FF567ADB3E4BBF1050F0AD199
:10828000012B7FF4A1AB1E4805F0E6FF01461C4818
:1082900005F0B8FD91E6BBF1060F0BD1012B7FF481
:1082A00093AB0C4805F0D8FF01460A4805F0AAFD3B
:1082B0002B7802E5BBF1070F7FF4FFAC012B7FF4B5
:1082C00083AB054805F0C8FF0146034805F09AFD59
:1082D00073E600BFF4D6010810D701088CD9010855
:1082E00054D90108C4D9010878D8010858D8010820
:1082F0002CD8010800D8010884D60108A0D60108AE
:10830000D8D6010838B50446054B064D1A602960D9
:1083100000F026F8204605F063FB002038BD00BFC2
:10832000143E0320183E032005F07ABB00B50A4B2B
:1083300083B01B6805F0AAFB012801D003B000BD83
:10834000002206490223096808681146009210F0CD
:10835000A5FA03B000BD00BF143E0320183E032061
:1083600000B583B0102001A900F046F908B903B0A8
:1083700000BD0021102000F027F9003818BF0120AF
:1083800003B000BD00B583B0102001A900F034F99E
:1083900020B90146019820B903B000BD012003B007
:1083A00000BD102000F010F9003818BF012003B004
:1083B00000BD00BF70B5002682B004460D461020F7
:1083C00001A9019600F018F910B9019BA34202D847
:1083D000012002B070BD04F11100294680B200F006
:1083E0000BF9801B18BF012002B070BD002210B530
:1083F000114B82B01B78019213B9184602B010BD20
:10840000044601A9102000F0F7F840B90198113096
:10841000FF2804D8214680B200F0D6F818B1012315
:10842000184602B010BD01991020013100F0CCF8BF
:10843000031E18BF0123E0E793000320014608B59F
:10844000102000F0D9F8003818BF012008BD00BF87
:10845000422804D0432807D044280BD070470A464E
:108460000748202107F082BF0A4606484FF4005112
:1084700007F07CBF0A460448012107F077BF00BF20
:10848000000402420008024200000242422804D0D6
:10849000432807D044280BD070470A46074880215C
:1084A00007F064BF0A4606484FF4804107F05EBFFC
:1084B0000A4603484FF4004107F058BF0004024247
:1084C0000008024210B5044620212246074807F062
:1084D0004DFF22464FF40051054807F047FF224662
:1084E000BDE810400121034807F040BF00040242EC
:1084F000000802420000024210B5044680212246D4
:10850000084807F033FF22464FF48041064807F041
:108510002DFF2246BDE810404FF40041024807F00D
:1085200025BF00BF000402420008024208B5002235
:108530008021124807F01AFF00224FF480411048B2
:1085400007F014FF00224FF400410D4807F00EFF22
:108550000A200EF01BFA01222021084807F006FF2E
:1085600001224FF40051064807F000FFBDE8084023
:1085700001220448114607F0F9BE00BF0004024280
:1085800000080242000002424FF4007108B503489F
:1085900007F0E6FEB0FA80F0400908BD0000024294
:1085A00010B507F047FA00200CF082FF044618B916
:1085B00007F054FA204610BD00200CF047FB07F0EE
:1085C0004DFA204610BD00BF38B504460D4607F0F1
:1085D00031FA204629460DF013FAC305044603D4A8
:1085E00007F03CFA204638BD0CF00AFC0443A4B264
:1085F00007F034FA204638BD0CF064BD84462DE9FE
:10860000F8430CF50055104695F827210CF58054D9
:108610000F461E46B4F89210B4F8943072B3002995
:1086200040F08E80072B40F2A0803E2B40F2B980B4
:108630004FF04008B3F5805F4246C1465FD21B0A47
:1086400043F010030370B4F894300CF58451437078
:10865000023A1C31023005F0EBFD01220223A8F1A1
:10866000020887F80090A4F89280A5F81C2184F8ED
:1086700091300120C4F89860BDE8F883B1B30722B7
:108680004FF008085B1A1FFA83F9B5F81C319145C1
:1086900003F00F0343F0200300F8013BB4F89230DD
:1086A00003F5845303F11C030CEB03014CD905F0D3
:1086B000BFFD87F80080B4F89230B5F81C21013B6B
:1086C0009844A4F8928095F822313BB1B2FBF3F1C3
:1086D00003FB112313B9022384F891300132A5F86A
:1086E0001C210120C4F89860BDE8F883072B3CD911
:1086F0004FF00808B3F5805F4246C1469FD3102370
:108700000360B4F894300CF584511B0A0371B4F87B
:108710009430063A43711C31063005F089FD012280
:108720000223A8F1060887F80090A4F89280A5F823
:108730001C2184F891300120C4F89860BDE8F883CA
:108740003F224FF040089DE74A4605F071FD0323A4
:1087500009F101023A7084F89130B4F89230B5F81A
:108760001C219944A4F89290B8E700F8013B0CF55D
:108770008451B4F894201C3105F05AFD01210322E4
:10878000B4F894300B443B70B4F894300120A4F852
:108790009230A5F81C1184F89120C4F89860BDE8C7
:1087A000F8830170B4F894300CF584514370B4F838
:1087B00094201C31023005F03BFDB4F894300121C7
:1087C00003220233DFE700BF70B500240E4600F538
:1087D00080530470C0F8024004738460C3F8924070
:1087E000C3F89840A3F88E40A3F8904000F50053DA
:1087F000054621464FF48452C3E94744C3F8286133
:10880000C3F824410D3011F07FFA4FF48452A818B8
:108810002146BDE870401C3011F076BAF0B591B039
:10882000169D0446856019B3964612788C46100949
:1088300003281DD8DFE800F0024C7A22003B18BF65
:10884000012304F5005282F82631237823B1062152
:10885000002382F8241123709EF80050BCF1080F09
:1088600005F00F0500F2D1800123002D40F0D680E5
:10887000237B012B00F0A78011B0F0BD04F58057D9
:1088800097F8911002F00F0204F500564B1E012AD2
:1088900086F82121DBB200F00B81022A00F0118161
:1088A000002A40F0FB80BCF1010F00F01E819EF811
:1088B0000130BCF1020F86F8223101D09EF802206F
:1088C000022986F82321D3D1012387F89130CFE7FD
:1088D000003B18BF012304F5005686F826312278A4
:1088E00022B1062286F8242100222270BCF1070F53
:1088F000BED99EF800209EF8010002F00F0101434E
:1089000040F09C80DEF8022012BA072AB0D9B2F5F6
:10891000845F40F2F0800222072086F81E2186F84C
:108920002401217096F81F21322159E02378012B70
:108930009ED104F58057B7F88E1002F00F0201F0B7
:108940000F039A4240F0A2806088A38897F8902095
:108950001B1A9BB2002A00F0BE80551EAEB29E428A
:1089600080F0BC80944583D14A1C92B2EDB20D30A8
:10897000A7F88E200EF101012A46204405F058FC8C
:108980006388A2882B449BB29A42638000F0B08037
:1089900004F5005696F81F21002A3FF469AFB7F896
:1089A0008E30013B93FBF2F102FB1133002B7FF47D
:1089B0005FAF96F8263196F81E11003B18BF0123D1
:1089C00041F030010CE004F5005696F8263196F897
:1089D0001E11003B18BF012396F81F2141F0300102
:1089E00000208DF8012003228DF8001096F8201148
:1089F0002073D6F828015B058DF802108361694663
:108A0000C260FBF78FF911B0F0BD002D7FF430AFDD
:108A10009EF801500223002D3FF42AAFACEB030176
:108A20008D423FF725AF0EEB03012A4604F10D00FE
:108A300005F0FEFB02236580237019E7120202F4A1
:108A400070620243072A7FF613AF02210B46ACEB9C
:108A50000303DDB204F58057A28071442A4687F8EB
:108A600090C004F10D0005F0E3FB012300226580B6
:108A7000237086F81E21A7F88E3096F82631302113
:108A8000003B18BF012396F81F21A9E7042100230A
:108A900004F5005282F824112370E9E6012B3FF619
:108AA000E7AE0522032386F8252187F89130DFE61B
:108AB000012B3FF6DDAE0223C7F8985087F89130BE
:108AC000D6E6012B3FF6D4AE0822032386F82521F3
:108AD00087F89130CCE6072B3FF6CAAE9C457FF66F
:108AE000C7AE4A1C92B2DDB241E786F82221E7E622
:108AF00002232370BCE606210B46A8E70378012B6E
:108B000001D0002070478268064B891A9942F8DD2F
:108B10000321002300F5005282F824110370002085
:108B2000704700BF400D03002DE9F04100F580556E
:108B3000144695F8912092B0561E012E05D9032AAD
:108B40000ED0002012B0BDE8F081D5F89830394E33
:108B5000CB1AB3420BD9022300F5005080F825311F
:108B60000023012085F8913012B0BDE8F081012A80
:108B7000E7D100F5005696F9237196F82321002FCE
:108B800005DA0F32D2B2082A8CBF7F2201229A4224
:108B9000D7D80B4602AA0DF10701FFF72FFD9DF86C
:108BA0000780B8F1080F38D9B8F10C0F37D9B8F1F0
:108BB000100F36D9B8F1140F35D9B8F1180F34D9D0
:108BC000B8F1200F33D9B8F1310F34BF0E270F277A
:108BD000384605F021FB80450AD2A0EB0802013A95
:108BE000D2B202AB0021013203EB080011F08CF885
:108BF000E76096F82731003B18BF01235B05A361AE
:108C000002E0012005F034FB204602A9FBF78AF8B8
:108C10000028F6D195F8912091E74746D8E7092733
:108C2000D6E70A27D4E70B27D2E70C27D0E70D2792
:108C3000CEE700BF400D030000F58052B2F894303B
:108C4000B3F5845F14D892F891309BB900F50053C6
:108C500000204FF0010CA2F89200A3F81C01C2F80A
:108C6000981093F8261183F8271182F891C0704765
:108C7000012070474FF0090C00F5005383F825C11F
:108C8000E6E700BF830F032BC0F30D4020D0012B7C
:108C90000ED0B3B9B0F5B97F21D01F235FFA80FCA5
:108CA000000A012281F800C048708B70CA707047BA
:108CB00040F263539842F0D102204FF0740C0D2320
:108CC000EFE79128E9D10B204FF0380C0223E8E7B9
:108CD0002928E2D102204FF07F0C0923E1E70B2085
:108CE0004FF0EF0CDDE700BF2DE9F04F456893B082
:108CF000B5F1804F02D013B0BDE8F08F0668C068B0
:108D0000C6F307470C4605F087FAEA2FC6F3072893
:108D100032D0EC2FEFD1B8F12A0FECD10728EAD9E5
:108D20002378102BE7D1E3793002C549A27980B2CC
:108D30000143647908201B0443EA022323430022F1
:108D40004FF0FF34099123FA00F18DF821308DF8AE
:108D500022101B0C0C9007A909A8CDE90D22CDE922
:108D60000F220A958DF823300B92119207948DF8FB
:108D70002040FAF7D7FFBEE70228BCD9B8F1FF0FB1
:108D800023D0B8F12A0FB6D1A378617822781B04DA
:108D900043EA01231343B3F56E4F40F0C480A94A60
:108DA00033029BB21A4300234FF080450824A649A2
:108DB00009A8CDE90A53CDE90C43CDE90E33CDE93D
:108DC00010330992FAF7AEFF95E7A378617822781D
:108DD0001B0443EA01231343B3F56E4F00F02E81C9
:108DE0004FF6C552934200F0CB804FF6CA629342D1
:108DF00081D14FF0000904A8CDF81090FFF71EFBB9
:108E0000924B049AB3F81EA0012ACAF3400A4FEA13
:108E10008A1A4AF03F0A5FFA8AF440F229819200E6
:108E200002321FFA82FA8A4B0AF10601A3FB010300
:108E3000C91A03EB5103C3F387074FF080438549F9
:108E40000A930991082120230C91834907AA0891CC
:108E50000DF1240B4FEA1A218DF81E1058461146C9
:108E60008DF81C301546CDE90D99CDE90F99CDF857
:108E70002C90CDF844908DF81DA08DF81F70FAF756
:108E800051FF764B0993002F3FF435AFCDE9027BBC
:108E90004FF00108A3460DF123060822FF212846C2
:108EA00005F0C2F9334656469A4608F1FF34C4EB42
:108EB000C4048DF81C80A4B20195A6421ADDA3B2A9
:108EC00043B3012B2DD0A7B2023F05A9B810CDF8AE
:108ED000149007F00307FFF76DFA059806A9FFF74E
:108EE000D1FE0DEB07031B7E05F8013FAA4504F1F7
:108EF0000104E2D15346019D03982946B24608F188
:108F000001081E46FAF70EFF029B5FFA88F84345F8
:108F1000C3D2F0E605F801BFAA4504F10104CED1A1
:108F2000E8E7FF23E0E74FF6C552934228D04FF61B
:108F3000CA6293423FF45DAF08270022FF240A95DE
:108F40006FF0FE0506FA07F0454980B2014309912A
:108F500023FA07F18DF821308DF822101B0C07A998
:108F600009A8CDE90B27CDE90D22CDE90F228DF817
:108F70002330119207958DF82040FAF7D3FEBAE618
:108F8000384805F069F900224FF080410824314D3E
:108F9000CDE90A12099505462021CDE90C42CDE91B
:108FA0000E22CDE91022304A294B0892AA1D8DF8D5
:108FB0001C10A3FB0213D21A07A803EB520325FAD5
:108FC00004F10DF1240BC3F387088DF81E1007463A
:108FD000014658468DF81D508DF81F80FAF7A2FE05
:108FE0001E4B0993B8F1000F3FF485AE0124DFF862
:108FF00074900DF12306A4EB090A0822FF213846DC
:1090000005F012F93A46631EC3EBC3039BB2013B62
:109010008DF81C404B440AEB03018D4205DD13F82B
:10902000011F02F8011F9642F5D101343946584616
:10903000E4B2FAF777FEA045DFD25CE60B4AB2E66F
:109040002A00EC1C2A00EE184804020870000320D5
:10905000254992242AFFEC1CFFCAFE002AFFEB1CC4
:109060002A00E81830040208FFC5FD002AFFEE18A8
:1090700008224FF0804316490C92099107A908462F
:109080000D46FF210A93CDE90D99CDE90F99CDF851
:109090002C90CDF8449005F0C7F8FF22049B8DF882
:1090A0001C40012B8DF81D2006D0CDF81E902946BE
:1090B00009A8FAF737FE1EE606A94846CDF818902B
:1090C000FFF778F906980DF11E01FFF7DBFDEEE7DB
:1090D0002ACAFE182DE9F043144602780646013AE2
:1090E0001D4685B0092A11D8DFE812F01C001000D7
:1090F0000A004E01100010000A0010002A010A00A8
:10910000012900F04E817F22122101E07F221121EE
:10911000032322703278A17062702B80002005B08A
:10912000BDE8F0830229EED14123237043786370B8
:10913000802BE8D801A252F823F000BFED9400087C
:10914000CD94000807910008079100088595000854
:109150007B95000807910008079100080791000817
:10916000079100080791000807910008659500081D
:10917000559500080791000807910008079100081D
:10918000C3940008079100080791000807910008A0
:10919000079100080791000807910008079100084F
:1091A000079100080791000807910008079100083F
:1091B00007910008079100081B95000849950008D1
:1091C000AD94000807910008079100080791000876
:1091D000079100080791000807910008079100080F
:1091E00007910008079100080791000807910008FF
:1091F000079100080791000807910008C394000830
:10920000AD94000807910008079100080791000835
:1092100007910008079100080791000807910008CE
:1092200007910008079100080791000807910008BE
:109230000791000807910008079100080F950008A2
:10924000B7940008039500080791000807910008EB
:1092500007910008F9940008079100080791000899
:10926000079100080791000807910008079100087E
:10927000AD940008AD94000807910008079100081C
:10928000079100080791000807910008079100085E
:10929000079100080791000807910008079100084E
:1092A000079100080791000807910008079100083E
:1092B0000791000807910008079100083B950008F6
:1092C000079100080791000807910008079100081E
:1092D000079100080791000807910008079100080E
:1092E00007910008079100080791000807910008FE
:1092F00007910008079100080791000807910008EE
:1093000007910008079100080791000807910008DD
:1093100007910008079100080791000807910008CD
:1093200007910008079100080791000807910008BD
:10933000079100080791000807910008B7940008FA
:1093400002297FF4E0AE49232370437863700A2B2F
:109350003FF6D9AE01A252F823F000BFFB930008FC
:10936000079100081B940008079100080994000861
:10937000079100089D9400080791000807910008D4
:10938000079100087F94000801297FF4BCAE019189
:10939000FEF7F8FF019968BB3378403323702980CA
:1093A000BCE602A8FFF74AF820BB029B5A1C5200F9
:1093B0002A80327863704032DBB22270002B3FF497
:1093C000ADAE074604F1020904F103080CE0039B6B
:1093D0001A0E09F817201B0C9DF8082008F8173002
:1093E0000137BA427FF69AAE384603A9FEF7E2FF8C
:1093F0000028ECD07F2210218AE644F25402062392
:10940000C4F802202B8089E601236249A370E01C86
:1094100004F01AFF13232B8080E614230120E61C9E
:10942000A07031462B80FFF7E7F8E11D05460220CA
:10943000FFF7E2F8034604F10B0103201D43FFF799
:10944000DBF8034604F10F010420ADB21D43FFF722
:10945000D3F8034604F113010520ADB245EA030435
:10946000FFF7CAF8A4B244EA00039BB2002B3FF412
:1094700055AE11220021304604F0D6FE4EE60123FF
:10948000E61CA37014220021304604F0CDFE3046C5
:10949000414904F0D9FE17232B803FE678220723A9
:1094A0003E49A271C4F802102B8037E60422002343
:1094B0002A80638032E6062200232A80C4F8023024
:1094C0002CE6032200232A80A37027E603A8FEF7D8
:1094D000B5FF00285BD1039A02F07F02002306212A
:1094E0002980A270E3702371637117E606222C4B6A
:1094F0002A80C4F8023011E6032251232A80A37087
:109500000CE604224BF635732A80638006E60622B9
:10951000244B2A80C4F8023000E604232B800EF08E
:10952000A5FD214DA5FB00239B0BA3700EF09EFD16
:10953000A5FB00539B09E370F0E506224FF0807312
:109540002A80C4F80230E9E50622184B2A80C4F8C4
:109550000230E3E50322164B2A809B8AC3F30723DC
:10956000A370DBE50423124A2B809388C3F34A13CC
:10957000A3709388DB00E370D0E5032274232A8074
:10958000A370CBE503224C232A80A370C6E50022FA
:10959000A4E700BFC4DA0108D4DA01080112345686
:1095A00098188003A40C0001D34D62108001800143
:1095B00070000320002210B50A4C84B0CDE90122CE
:1095C0000121094B00940A200DF04EFE0346074A84
:1095D0000749012013600DF0E7FB064B186004B04B
:1095E00010BD00BF2C3E0320203E0320A43E0320DC
:1095F000503E0320A03E032070B51F4E82B033685A
:10960000DBB11E4D04462B78834215D0421E052A3D
:109610002FD8DFE802F01C141603181A0123306853
:109620008DF807300DF064FE30B100230122306860
:109630000DF107010DF07EFE2C7002B070BD042309
:10964000EDE70523EBE70023E9E70346E7E7023B05
:10965000042B0ED8DFE803F005030B0907000823ED
:10966000DDE70723DBE70923D9E70223D7E7032355
:10967000D5E70B23D3E700BFA43E03201C3E032005
:1096800070B5124D82B04FF0FF3128680DF04AFCE2
:1096900001280446F7D10E4E30680DF03DFE60B94A
:1096A0000A238DF80730002328681A4619460DF062
:1096B000DFFA9DF8070002B070BD4FF0FF3322467D
:1096C00030680DF107010DF01DFFECE7A03E03200F
:1096D000A43E0320814204D900F17840B0F5802FE8
:1096E00001D30020704701F178410139B1F5802F95
:1096F0002CBF002001207047814208D9B0F1005FE3
:1097000005D3044881428CBF00200120704700200F
:10971000704700BF00000420814211D9B0F1005F02
:1097200010D31A4B994219D9194B984208D91948A4
:1097300081428CBF002001207047B0F1006F15D22C
:1097400000207047144B98420AD8144B9842F4D921
:10975000134881428CBF00200120704701207047D0
:10976000104881428CBF0020012070470E4B994267
:10977000E6D80E4BB3F8E030B3F5007FEED00C48DE
:1097800081428CBF00200120704700BF00000420F0
:109790003F20024040210240FFFFF90BFFFFF80B82
:1097A0000080F90B0002FA0B000008080005FA0B14
:1097B0000000040800B58BB001A806F037FB05983F
:1097C000AA3818BF01200BB000BD00BF10B58AB089
:1097D00001A806F02BFB079810F0806001D10AB0B9
:1097E00010BD0821184806F0BBFD50B304214FF40A
:1097F000C042079B019123F0806343F0006307930D
:10980000069272B606F016F9044606F033F90346DE
:1098100001A81C4306F0E8F9E4B2044306F04CF951
:10982000E4B2044306F03AF9E4B20443E4B206F0C9
:1098300015F962B62043C0B2003818BF01200AB043
:1098400010BD01200AB010BD001C024200B58BB053
:1098500072B601A806F0EAFA04214FF40052079B01
:10986000019143F08063CDE9062306F0E3F818B1D7
:1098700062B601200BB000BD06F0FCF80028F7D15D
:1098800001A806F0B1F910B906F016F9F0E706F0F4
:1098900005F906F0E3F8EBE710B58AB006F0CAF870
:1098A000044606F0E7F8044301A806F0BFFA0421D5
:1098B0004FF480729DF81E30E4B2C3F3001383F0BE
:1098C00001031B05CDE90623019134B106F0E6F84A
:1098D00006F0C4F801200AB010BD01A806F084F912
:1098E0000028F3D106F0E8F8044606F0D7F8044360
:1098F00006F0B4F8E4B22043C0B2003818BF01202B
:109900000AB010BD30B58BB006F094F8044601A83B
:1099100006F08CFA002380220798022110F4801FA1
:10992000CDE9033200930CBF02230123019101A86A
:109930006946029306F010FB054606F08FF82843AF
:109940002043C0B2003818BF01200BB030BD00BFAB
:1099500070B506F06FF805460F4C104ED4E90023A1
:10996000B3F1FF3F08BFB2F1FF3F04F5802107D0FC
:10997000012006F0DDF8002818BF45F00105EDB222
:109980000834B442EAD106F069F82843C0B200387E
:1099900018BF012070BD00BF00E0030800000408EC
:1099A000002330B58FB0009306F044F8022304463C
:1099B00005A8019306F03AFA0B9B042213F4801FCA
:1099C0004FF07C0014BF02230123694603900DEB86
:1099D00002000492029306F0BFFA054606F03EF834
:1099E000054344EA0500C0B2003818BF01200FB09B
:1099F00030BD00BF014608B5012006F099F80038D7
:109A000018BF012008BD00BF2DE9F041334E336877
:109A10005BB1334A044612680D46927C4168101EC1
:109A200018BF0120B1EB807F01D0BDE8F081A169B2
:109A30000029FAD1A1680029F7D1E1680829F4D8F2
:109A4000284908782168002A42D0274A52F8207015
:109A5000264A52F820204A403A4201D0E5E73368CE
:109A60004FF0FF3118460DF05DFA0128F7D1204F75
:109A7000E26897F8D030246818013C500430294639
:109A800007EB0313D4B238441C7304F0D1FB97F8EE
:109A9000D020184B0132A3FB02139B0803EB4301B8
:109AA00003EB8103D21AD2B287F8D02097F8D130D5
:109AB0000C2B05D897F8D1300133DBB287F8D130C1
:109AC000002330681A46BDE8F04119460DF0D0B8C1
:109AD000094A52F82070094ABBE700BFF83E03204C
:109AE00034010320043F0320B8040208EC040208F8
:109AF000BC1B02204FECC44E500402088404020830
:109B000070B53C4D3C4C2A682378927C86B0EAB113
:109B10003A4A03AE52F823003146C0F30F2004F056
:109B20006FFA3A222B688DF810209B7C002B5BD1BA
:109B3000334B22780DF1110153F82200C0F30F20AE
:109B400004F05EFA00238DF8153017E02D4A03AEBD
:109B500032F82300314604F03DFA3A222B688DF8A2
:109B60000F209B7C002B3DD1254B227804A933F894
:109B7000220004F02FFA00238DF813300223002175
:109B8000214C0093E288084692B216230192F022FB
:109B900001F0D6FF05211D4BE2880093238808467B
:109BA00092B29BB202F018F92B68E2889B7C009677
:109BB000002B23884FF005019BB20CBF5D20522083
:109BC00092B202F009F9124B1B787BB12289114D38
:109BD00023880521B52000959BB292B202F0FCF8D3
:109BE00006B070BD0C4BC0E70B4BA2E7E2880B4DF3
:109BF000EEE700BF34010320043F0320EC04020819
:109C000050040208840402084C400320E8DA0108EA
:109C1000A8000320F0DA0108B8040208F8DA010805
:109C2000202001F011BF00BF2DE9F04F8F4B8BB00A
:109C30001B781BB38E4C21680C2940F20881102040
:109C400001F016FF8B4B8C491A891B880091216803
:109C50008A4892B2A0FB0150800800EBC000A1EB43
:109C600040010231090109209BB289B202F0B4F827
:109C700000222368013323607C4B1A70DFF814A2A2
:109C8000DAF800000DF048FB41F64C53984200F220
:109C9000DB807B4B7B4A1E68A2FB063222F003036B
:109CA00003EB9203F61A40F0CF80DFF8EC914FF00F
:109CB000FF31D9F800000DF035F90128F7D1724BCA
:109CC0001B78002B00F0B680DFF8D08198F8D130F7
:109CD000002B00F0AF8098F8D03098F8D1200D33E9
:109CE0009B1A6A4A4FEAE37C82FB0312CCEBA20C7C
:109CF0000CEB4C020CEB8202A3EB020C98F8D13077
:109D0000002B00F09280CDF808C0029BDAF800002A
:109D10009A195E4BA3FB02134FEA930B0BEB4B0319
:109D20000BEB8303A2EB030B0DF0F6FA41F64C5359
:109D3000984200F21E81564B4FEA0B171B6858F8E9
:109D400007009C7C08EB0B1B002C00F0A98004ADE5
:109D50002946C0F30F2004F053F920228DF8142077
:109D60009BF80C20BAB1002421460BEB5403187960
:109D70004B1C03F001039B0018410531294400F0FE
:109D80000F0004F06FF901349BF80C30E4B2B4EB2F
:109D9000430F2146E9DB0022354C08EB07031B7B10
:109DA00021680DEB43030C295A7500F2A880009539
:109DB000304D0231EA882B8809019BB2092089B213
:109DC00092B2474402F008F83B7B072B23DC304B70
:109DD00097F80CC01B689B7C002B0CBF4FF0350E16
:109DE0004FF0400E3B7B2A88C3F1080392B20092E9
:109DF0002268911C03EB830203EB42020CEB8C0301
:109E00000CEB4300090152000E2389B292B20EEB13
:109E1000400001F057FE236898F8D1200133013645
:109E20002360F3B29A423FF670AF002388F8D03037
:109E300088F8D13000231A461946D9F800000BB033
:109E4000BDE8F04F0CF014BF0BB0BDE8F08F09482F
:109E500002310289038808480901009089B209206B
:109E60009BB292B201F0B8FF02E700BFFC3E0320B4
:109E7000003F03204C40032000DB0108398EE3380B
:109E800058400320CDCCCCCCA80003204FECC44ECE
:109E900034010320A4380320F83E0320BC1B022019
:109EA00004AD294680B204F095F820228DF81320E5
:109EB0009BF80C20BAB103965E4606EB540204F1FF
:109EC000010B10790BF0010292001041211D294471
:109ED00000F00F0004F0C6F8327B5FFA8BF4B4EBAD
:109EE000420FEADB039E0022244C08EB07031B7B96
:109EF00021680DEB43030C291A757FF658AF10202B
:109F000001F0B6FD009523681D4A1E4DA2FB031209
:109F1000920802EBC202A3EB42010231EA882B88CD
:109F200009019BB2092089B292B2474401F054FF63
:109F30003B7B072B3FF76FAF134B97F80CC01B68A9
:109F400021689B7C002B3B7B2A8808BF4FF0350E95
:109F500092B200920A4A18BF4FF0400EA2FB0102D3
:109F6000920802EBC202A1EB4201C3F108030231E5
:109F700040E70123054A137057E700BF003F032065
:109F8000398EE3384C40032034010320FC3E03208B
:109F9000002210B50B4C0C4B216883F8D02083F8BD
:109FA000D12041B101F044F9BDE810400022074B37
:109FB0001A60FFF7A5BD012005490CF0F5FE2060F1
:109FC000F0E700BFF83E0320BC1B0220003F032047
:109FD000A83E0320052808B505D0042815D006287A
:109FE0000DD0012008BD114A137833B1013BDBB21B
:109FF0001370FFF785FD012008BD0C23F8E70C4A1C
:10A000001378B3FA83F35B09F2E70849094B0A783E
:10A010000132A3FB02039B0803EB430003EB800325
:10A02000D21A0A70FFF76CFD012008BD043F03201F
:10A03000A80003204FECC44E38B5074D2C6834B14E
:10A040002046D4F8A4400FF0A9FD002CF8D100233D
:10A05000024A2B60137038BD0C3F0320123F0320CF
:10A0600030B50E4C83B023688BB1012401F03AF96E
:10A070000B4D0C4A0C4B00951470DA881B88052197
:10A080002A2092B29BB201F06DFE03B030BD0120D8
:10A0900006490CF089FE2060E7E700BF643F03201B
:10A0A00018DB0108113F03204C400320143F03201C
:10A0B0002DE9F04F7D4B15461B6842689B7C83B0B1
:10A0C000003B18BF0123B2EB837F02D003B0BDE891
:10A0D000F08F83690446002BF8D18368002BF5D1FB
:10A0E000C368082BF2D8DFF8DCA10E46DAF80000CE
:10A0F00010B9EBE7DAF800004FF0FF310CF012FF77
:10A100000128F7D16A4B21681868002800F0C58043
:10A1100007464FF0000B04E0D7F8A430BB461F46BB
:10A1200023B13B689942F7D800F0B380614B1A78AD
:10A13000092A40F29F804FF0000801E08046104657
:10A14000D0F8A420002AF9D194460268914280F008
:10A150009880CDE9001C0FF021FD0099554BB8F116
:10A16000000F03D0DDF804C0C8F8A4C001201A789D
:10A17000013AD2B21A70504A1070504A00921070D0
:10A18000A82001910FF002FD01998046002800F0FF
:10A190008780814649F8041B60220021484604F06C
:10A1A00043F84022002108F1640004F03DF8414BDF
:10A1B000C8F8A470BBF1000F5FD0CBF8A480D8F82A
:10A1C000A4700121B84508BF00271A78C8F8A47008
:10A1D0000A44D2B21A70009B1970CE46B9E80F003B
:10A1E000A44608F134070FC7B9E80F000FC799E874
:10A1F0000F0087E80F00BCE80F00AEE80F00BCE8D6
:10A200000F00AEE80F00E2689CE8030089E8030055
:10A210003146C8F8205008F12C0004F009F8E46831
:10A22000CCB100230227012608EB030191F82C2072
:10A2300091F85C1008EBC3004A40110704D013FBEF
:10A24000076108EB81014D6601330F2ADBB288BF3D
:10A2500045669C42E8D81A4A13780133DBB2137082
:10A2600000231A461946DAF8000003B0BDE8F04FA3
:10A270000CF0FEBC114A009282E70D4AC2F8008041
:10A280009FE70E4B0C4A009301231370009A137042
:10A29000E6E7B84607F104099FE78346074645E726
:10A2A0000123054A009913700B70EDE73401032078
:10A2B0000C3F0320123F0320103F0320113F0320D7
:10A2C000133F0320643F03202DE9F041144E34680E
:10A2D0000CB3002207461546DFF84880236A204663
:10A2E000BB42D4F8A44010D29DB1C5F8A4400FF0F1
:10A2F00055FC98F800300122013BDBB288F80030B1
:10A30000002CEBD11046BDE8F0810546002CE5D1CC
:10A31000F8E73460EBE722461046BDE8F08100BF65
:10A320000C3F0320123F0320904B914A19682DE9FE
:10A33000F04FA2FB013222F0030303EB92038DB036
:10A34000CB1A029340F0DD808A4B80461B78DFF801
:10A3500044A2002B00F0D880874B4FF0FF311868E3
:10A360000CF0E0FD0128F7D1B8F5FA6F044600F2D1
:10A37000D280824BDFF820B21A78DBF80040002A46
:10A380003ED000277E4D1F702B78002B40F0DE80E2
:10A39000002C00F0A9807B4E4FF00009CDE9038A24
:10A3A000794D06AF16E0394603F02AFE4FF0000360
:10A3B0008DF81C30F288009733884FEA0811072087
:10A3C00092B219319BB201F0CDFCD4F8A44009F14E
:10A3D00001098CB12B68216893F812A0C1F30F20FA
:10A3E0005FFA89F8BAF1000FDDD188B2394603F07F
:10A3F000F1FD8DF81BA0DDE7DDE9038ADBF8004005
:10A40000002C71D0604D5F4E0DF11809CDF814A0ED
:10A410002B6822699B7C9DF80810002B0CBF4FF025
:10A42000040B4FF0050B53003BD04FF0000A0F0117
:10A430001937CDE903155546BA4604EB55026F1C92
:10A4400092F82C0007F001029200104109EB05017F
:10A4500000F00F0003F006FE04EB8501496E0BEBE4
:10A46000050202EB820002EB4000A8EB0102B2F50C
:10A47000FA7F0DEB05032CBFF28832891B7EB6F8FC
:10A4800000C00730009392B2514680B21FFA8CF39D
:10A4900001F014FC2269FDB2B5EB420FCDD3DDE92A
:10A4A0000315082A17D002EB820302EB43030BEBE0
:10A4B0008B020BEB42005B009BB207301844C3F1E8
:10A4C000B0039AB2338809019BB2009319310E236D
:10A4D00080B201F0F7FA029BD4F8A4400133029352
:10A4E000002C95D1DDF814A0234B224918680023D5
:10A4F0000B701A461946CAF800800CF0B9FB00F040
:10A500002FFF0DB0BDE8F08FDAF80030C31AB3F5B5
:10A51000FA7FF4D920E7A8F5FA60FFF7D5FE002806
:10A520003FF427AF194B174E19781B783288C3F1C7
:10A530000A0392B21B01090100929BB2E622052098
:10A54000193101F0BFFA0D4B1C7013E7104B0D4E83
:10A550000093328933880521C82092B29BB201F062
:10A5600001FC2F70002C7FF417AF47E75840032001
:10A57000CDCCCCCC133F0320643F0320113F0320FC
:10A58000103F03204C40032034010320123F0320DE
:10A5900028DB0108083F03200C3F0320F0B500240E
:10A5A000124E134F134D83B038782101E3B220319E
:10A5B000984256F8042B89B20ED0B5F806C02B8805
:10A5C000052000929BB21FFA8CF201F0CBFB013404
:10A5D000032CE9D103B0F0BD00922A88EB88052056
:10A5E0009BB292B201F0BEFBF1E700BFD4000320A2
:10A5F0006A3F03204C40032008B500F073FE0A4B6D
:10A60000D888198880B289B2FBF76CFDFBF712FE7F
:10A6100018B90022054B1A7008BDFBF721FE002275
:10A62000024B1A7008BD00BF4C400320683F032056
:10A63000F0B583B00646FBF7FDFD384C237848B3F0
:10A64000012B44D064220024354F364D3B889BB209
:10A6500002FB03F385FB03251D44ED12C5F16405E0
:10A66000AD000135ADB230460134FBF789FEA3B22F
:10A67000AB42F8D32C4ABB8B1278DBB29A421DD185
:10A680002A4B2B4A1B6802FB03F3B3F1333F19D962
:10A6900003B0F0BD002BF3D100F024FE254B264D76
:10A6A000DA881B8805219BB25A2092B2009501F0EE
:10A6B00059FBFFF773FF01232370E1E70120FBF74C
:10A6C000C9FDDDE703B0BDE8F04000F049BE194D1B
:10A6D00000F008FEE888298880B289B2FBF702FD05
:10A6E000FBF7A8FDB0B90027EA8814492B8805209C
:10A6F000009192B290219BB2277001F033FB104B76
:10A70000EA8800932B88A021052092B29BB201F029
:10A7100029FB97E7FBF7A4FDE5E700BF683F0320AF
:10A720007000032081000880693F03205840032007
:10A73000CDCCCCCC4C40032064DB01082CDB0108E1
:10A7400040DB010838B504460D46FBF783FD642065
:10A750000CF01CF929462046FBF7CEFC0DF086FCD8
:10A76000FBF76EFD024A034B928B1A7038BD00BF97
:10A7700070000320693F0320022810B521D0032870
:10A7800015D0012812D1144B1C88FBF763FD6420FF
:10A790000CF0FCF821461148FBF7AEFC0DF066FC0E
:10A7A000FBF74EFD0E4A0F4B928B1A7010BD0E4BED
:10A7B0001C88FBF74FFD64200CF0E8F821460B489D
:10A7C000EAE70B4B1C88FBF745FD64200CF0DEF834
:10A7D00021460848E0E700BF08EE01080CEE01083A
:10A7E00070000320693F03204CE0010850E001089D
:10A7F00034F3010838F3010810B50446FBF71AFDDD
:10A8000038B9052C07D0042C14D0062C1DD00120FB
:10A8100010BD002010BD1048104A03780133A2FB80
:10A82000031202F4FF7101EB52029B1A0370FFF74F
:10A83000B5FEECE7084A13782BB1013BDBB213708D
:10A84000FFF7ACFEE3E70223F9E7034B187801308A
:10A85000C0B2FFF791FFDAE76A3F0320ABAAAAAACA
:10A8600070B5074D04462B6813B19B6803B1984738
:10A870002C6024B1236813B1BDE87040184770BD47
:10A880006C3F032010B5084C00F04AFD236813B15B
:10A890009B6803B19847054B1A68236012B1BDE865
:10A8A0001040104710BD00BF6C3F0320E0000320A4
:10A8B0002DE9F8438046FBF7BDFC4C4E58B14C4C9B
:10A8C0003368A34207D013B19B6803B1984723684C
:10A8D000346003B19847474B1B7873B13368464CDB
:10A8E000A3420AD0454A934207D013B19B6803B1F3
:10A8F00098472368346003B19847FEF7C1FE0A28E1
:10A90000044670D001254FF000093D4F04E0FEF7EA
:10A91000B7FE0A2804461CD0336823B1DB6813B1A4
:10A92000204698470546012DF1D1012C1FD0002C5F
:10A93000EDD13168334B53F8042F8A423FD00134B4
:10A94000072CF8D1C7F80090FEF79AFE0A280446B3
:10A95000E2D12D4C237863BB33681BB15B680BB12C
:10A96000404698473B6801333B60BDE8F883254A81
:10A97000306852F8041F0023814206D00133072BB0
:10A98000E0D052F8041F8142F8D1204A08335BB26C
:10A99000A2FB0312981A02EB500292081C49C2EB68
:10A9A000C2029B1A51F82300FFF75AFFC7F8009024
:10A9B000CAE73068FFF754FF00232370CCE7134B3E
:10A9C000063464B2A3FB0423E11A03EB51039B0892
:10A9D0000F4AC3EBC303E41A52F82400FFF740FF09
:10A9E000C7F80090B0E7064FB3E700BF6C3F032005
:10A9F000C0000320414003201C010320E00003208D
:10AA0000584003201C050208564003202549922483
:10AA100020050208034B1B6813B11B6903B11847DB
:10AA2000704700BF6C3F0320FFF78CBEFFF7A4BE4A
:10AA3000014B1878704700BF4140032000F022BB53
:10AA4000062801D00120704708B500F0D3FB002292
:10AA5000014B01201A7008BD354003202DE9F0415B
:10AA6000644C88B02378002B61D000F02FFB624B40
:10AA7000624C1B78D4F800C0002B4BD00122604BF5
:10AA80001A70604F604DA7FB0C3729883F0907EB10
:10AA90008707ACEB870700296BD0002F3ED15B4EB8
:10AAA0005B48378808ABC3F1190CBC440DF10808AA
:10AAB0000DF107020DF11C0E0CEB0203B3FBF1F7D5
:10AAC00001FB1733C35C02F8013F7245F4D1002744
:10AAD000504BCDF800801A891B8892B29BB2B621E8
:10AAE00002208DF81D7001F03DF933882A8801336A
:10AAF0009BB29A423380D4F800C0424B98BF378053
:10AB000003FB0CFCBCF1333F0ED808B0BDE8F041AC
:10AB100000F026BC3A4B1B78002BB2D1394B03FB1B
:10AB20000CFCBCF1333FF0D908B0BDE8F081012640
:10AB3000384D39492A892B884120009192B24C2105
:10AB40009BB2267001F00EF9344BEA8800932B88F3
:10AB500064213B2092B29BB201F004F9304BEA88A9
:10AB600000932B887C21512092B29BB201F0FAF81D
:10AB70007BE727480122064663232A4902E0013287
:10AB8000C02A33D006F8013B11F8013F002BF6D163
:10AB900093B203F11408244E02441FFA88F809E026
:10ABA00016F8011B1FFA8EF381F05A01434502F893
:10ABB000011B03D0BF2B03F1010EF1D120221B4E4C
:10ABC000C11806E001F8012B16F8012F1FFA8EF3C9
:10ABD0001AB1BF2B03F1010EF4D100220B4E19461E
:10ABE0002B80C2543280002F98D15BE7BF221346DE
:10ABF000CFE700BF354003204040032058400320EA
:10AC000034400320CDCCCCCC723F0320703F0320D6
:10AC1000743F03204C400320D8DB0108E4DB01082B
:10AC2000F0DB01088CDB01083C0502080CDB0108A5
:10AC300008B500F057FB0022014B1A7008BD00BF99
:10AC400035400320062801D00120704708B500F0E8
:10AC5000D1FA012008BD00BF2DE9F041474D04465F
:10AC60002B7886B073B141F288339C421BD8444B99
:10AC7000444A1B6802FB03F3B3F1333F78D906B0B3
:10AC8000BDE8F0810126404B4049DA881B881B2033
:10AC900000919BB2452192B22E7001F063F841F20F
:10ACA00088339C42E3D9DFF8E080394CB8F80210D1
:10ACB000B8F80220B8F80400B8F80430ADF808106D
:10ACC000ADF80A20B8F80610ADF80E30B8F8062036
:10ACD000B8F80830ADF81010ADF81220ADF8143007
:10ACE000ADF80C0001F0D6F8054601F0D3F80746A0
:10ACF00001F0D0F8274B284AA3FB053CA4FB0734FE
:10AD0000E40804EB4404A7EB8401A5EB0C040CEB72
:10AD1000540C224EA2FB0042A6FB0046D20802EBD6
:10AD20008202C2EB0214821B06EB52029208C2EBB3
:10AD3000C202041B801AC0B20DEB40004FEA1C1C7B
:10AD400002890CEBCC000CEB400CA5EB0C05EDB232
:10AD5000B8F8003005EB4505C9B23034E4B2A800BC
:10AD600009019BB205310094053000F053FF7EE7E6
:10AD700006B0BDE8F04100F0F3BA00BF3640032052
:10AD800058400320CDCCCCCC4C400320F8DB01084C
:10AD9000ABAAAAAACB6B28AFB5814E1B254992243A
:10ADA00000F0A0BA30B5304C83B000F09BFA2F4DC4
:10ADB000E288238805215A209BB292B2009501F0C7
:10ADC0000BF82B4BE288009323881521072092B2C1
:10ADD0009BB201F001F8274BE288009323882521DC
:10ADE000072092B29BB200F0F7FF234BE28800935A
:10ADF00023883521072092B29BB200F0EDFF1F4B54
:10AE0000E288009323884521072092B29BB200F08C
:10AE1000E3FF1B4BE288009323885521072092B261
:10AE20009BB200F0D9FF174BE2880093238875216D
:10AE3000072092B29BB200F0CFFF134BE288009341
:10AE400023888521072092B29BB200F0C5FF0F4BEB
:10AE5000E28800932388A521072092B29BB200F0DC
:10AE6000BBFF03B030BD00BF4C4003201CDC010819
:10AE700024DC010834DC010844DC010854DC01084E
:10AE800060DC01086CDC01087CDC01088CDC01085A
:10AE9000424B434A1B6802FB03F3B3F1333F00D933
:10AEA0007047F0B53F4C404DE2882388696983B014
:10AEB00092B29BB20091064615218B2000F0C6FF8E
:10AEC000E28823882F699BB225218B2092B20097BC
:10AED00000F0BCFFEB69002B4BD1E2882388E969C5
:10AEE0009BB200918B20352192B200F0AFFFAB698D
:10AEF000002B47D022892D4923887520009192B2DA
:10AF000045219BB200F068FF95F82030002B36D029
:10AF1000228927492388274D00919BB2552175200E
:10AF200092B200F059FFAB683BB322892388A9682D
:10AF30009BB200918B20752192B200F087FFEB68E5
:10AF4000CBB122892388E9688B2000919BB28521AF
:10AF500092B200F07BFFE2882388A5218B20009627
:10AF60009BB292B200F072FF03B0BDE8F04000F077
:10AF7000F7B92289B2E7E288E4E7E288D6E7E28817
:10AF80000D49C7E7E2880D4923887520009192B2E8
:10AF900045219BB200F020FFB6E700BF58400320D8
:10AFA000CDCCCCCC4C400320100003209CDC01080D
:10AFB000A4DC010884010320A8DC0108A0DC01084E
:10AFC00030B5124C83B000F08DF9114DE288238822
:10AFD00005214B209BB292B2009500F0C3FE0D4BB1
:10AFE000E2880093238825210A2092B29BB200F0C8
:10AFF000B9FE094B22880093E38855210A2092B2BA
:10B000009BB200F0AFFE03B030BD00BF4C40032048
:10B01000ACDC0108B8DC0108E0DC010830B5114CFB
:10B0200083B0237873B9104B104A1B6802FB03F3FB
:10B03000B3F1333F01D903B030BD03B0BDE83040B8
:10B0400000F08EB90A4B0B4A0B490C480C4D1B887B
:10B05000128809880088009500F0A8FD002323705D
:10B06000E1E700BF4140032058400320CDCCCCCCC9
:10B07000384003203A4003203C4003203E40032058
:10B08000901C022038B50A4D0A4C29800A4D2080B8
:10B090002A8003FB02F2094C0499520008482380DD
:10B0A00003F0C6F801230749074A0B70137038BD37
:10B0B0003C4003203E4003203A4003203840032018
:10B0C000901C0220414003204040032030B50B4C2F
:10B0D00083B0207808B903B030BD094D094B0A4A46
:10B0E0000A490B481B88128809880088009500F0DF
:10B0F0005DFD00230120237003B030BD41400320DB
:10B10000901C0220384003203A4003203C4003209A
:10B110003E40032000204FF6FF712B4A2B4B127844
:10B1200018801981072A14D8DFE802F013131D27AD
:10B13000313B090400214FF6FF7219811A804FF448
:10B14000FD6045F2DF214FF6C71258809980DA8002
:10B1500070474FF4F07040F262414FF4FD62588046
:10B160009980DA80704742F20A1043F2B21145F238
:10B17000DF2258809980DA80704747F245104BF201
:10B18000C7114FF6C71258809980DA80704749F28C
:10B190002A004EF22F014FF6B20258809980DA80D1
:10B1A000704700B54FF6FF7C4FF0000E49F6924015
:10B1B00046F64D3144F20822A3F808E0A3F800C097
:10B1C00058809980DA8000BD300103204C40032074
:10B1D00008B5064B1A78824200D108BD1870FFF7F7
:10B1E00099FF0122024B1A7008BD00BF30010320F5
:10B1F0005640032008B50B490B4B0A78A3FB02030A
:10B200009B0803EB4303A2EB43030133DBB29A42F7
:10B2100000D108BD0B70FFF77DFF0122034B1A70B0
:10B2200008BD00BF30010320ABAAAAAA56400320E4
:10B2300000B5202083B000F007FC0021054A4FF440
:10B24000A0731088F02280B20090084600F03AFC0B
:10B2500003B000BD4C40032030B5194C83B02088AA
:10B26000242380B20090F022CC21002000F02AFCA0
:10B270000225F0232289CC2192B200950192002070
:10B280001A4600F05DFC0F4BE288009323882846A5
:10B29000CE219BB292B200F065FD4FF6FF730A49D2
:10B2A0000A4A0B8013800A4C0A480B4D0B490C4A82
:10B2B0002B70238003700B70137003B030BD00BF80
:10B2C0004C400320F4DC01084A400320484003209E
:10B2D00046400320454003204440032043400320D0
:10B2E00042400320002130B50C4C83B02088D0238D
:10B2F00080B20090F022084600F0E4FB0225002115
:10B30000E088C72380B20190F0220846009500F043
:10B3100017FC03B0BDE83040FFF79EBF4C40032050
:10B3200008B500F007FB00F025FB00F0B3FD0306B5
:10B3300010D4094BA3FB002303F0FC0202EB9303A0
:10B34000C01AC0B2054B1870FFF7E4FEBDE8084014
:10B35000FFF7C8BF0120F5E7CDCCCCCC30010320EE
:10B36000002270B5A14CA2492389088884B09BB201
:10B37000984202AD0292AA8040F094809D4A2388B0
:10B3800011889BB2994240F055819B4AA38811884D
:10B390009BB2994240F0DD80984A94F820301178B1
:10B3A00099421DD094F8201094F820302846023B92
:10B3B0001170042B00F2C781DFE813F09C01A0019B
:10B3C000A401050098018E4902F03EFF8D4B0095C7
:10B3D0001A891B88DE21AA2092B29BB200F0C2FC1F
:10B3E000894A238A11789BB2994213D0218A238AF1
:10B3F00028469BB21170002B50D1844902F024FFE3
:10B40000804B00951A891B88CE21D22092B29BB224
:10B4100000F0A8FC7E4A238B1178DBB299421AD047
:10B42000218B238B2846DBB2032B117000F05A814D
:10B43000042B00F08081022B40F04881754902F016
:10B4400003FF704B00951A891B88CE21B42092B25D
:10B450009BB200F087FC704AA38B1178DBB2994253
:10B460001AD0A18BA38B2846DBB2022B117000F0FF
:10B470003581032B00F06381012B40F02B8167495C
:10B4800002F0E2FE5F4BDE211A891B88C82000957E
:10B490009BB292B200F066FC04B070BD604902F04D
:10B4A000D3FEADE7642240F2FE7023890B8023892E
:10B4B0005C491BB2A3F5006302FB03F381FB03218C
:10B4C000834219444FEAE372C2EBA122CEBF52215C
:10B4D0004C215242544B12B292B2A3FB02038DF89C
:10B4E000081052495B09A1FB0260A1FB036CC00874
:10B4F000A1FB00614FEADC0C0CEB8C0CA3EB4C03C2
:10B50000C90801EB81013033A0EB4101DBB23031DE
:10B51000302BC9B200F0FA808DF809302520434B5A
:10B520008DF80A10A3FB0263DB0803EB83033549A4
:10B53000A2EB4303009530330A898DF80B300B885A
:10B540008DF80C00DE21022092B29BB200F044FC88
:10B5500014E76426A388A188138089B206FB01F151
:10B56000334A314BA2FB0162891A02EB51022F4888
:10B57000C2F3CF22A3FB0213A0FB02615B09CE083A
:10B58000A0FB031CA0FB06014FEADC0000EB8000DF
:10B59000A3EB4003C90801EB81013033A6EB410165
:10B5A000DBB23031302BC9B200F0BE808DF80830EC
:10B5B00025208DF8091000211C4B0095A3FB026388
:10B5C000DB0803EB8303A2EB430330338DF80A302F
:10B5D0000C4B8DF80B001A891B888DF80C107A2003
:10B5E000DE2192B29BB200F0F7FBD5E6700003209B
:10B5F0004A400320464003204840032042400320A5
:10B6000010DD01084C4003204540032018DD0108EF
:10B610004340032020DD010844400320A4DC01084E
:10B620001CDD0108010210801F85EB51CDCCCCCC74
:10B6300001011000642123882088138080B201FB5F
:10B6400000F0434A434BA2FB0012801A02EB500267
:10B65000414EC2F3CF22A3FB0213A6FB02015B09FA
:10B660004FEAD10CA6FB0310A6FB0C61C00800EB4F
:10B670008000A3EB4003C90801EB81013033ACEB40
:10B680004101DBB23031302BC9B246D08DF80830E1
:10B6900025208DF8091000212F4B0095A3FB026394
:10B6A000DB0803EB8303A2EB430330338DF80A304E
:10B6B0002A4B8DF80B001A891B888DF80C1042203C
:10B6C000DE2192B29BB200F087FB5EE6244902F0D5
:10B6D000BBFDB6E6234902F0B7FDD3E6224902F0EE
:10B6E000B3FDCFE6214902F0AFFDAAE6204902F002
:10B6F000ABFD6BE61F4902F0A7FD67E61E4902F0AD
:10B70000A3FD63E61D4902F09FFD5FE6202330297B
:10B7100008BF19468DF8093000E72023302908BFFB
:10B7200019468DF80830B3E72023302908BF1946A1
:10B730008DF808303CE7124902F086FD81E6114998
:10B7400002F082FD9EE6064902F07EFD3EE600BF65
:10B75000010110001F85EB51CDCCCCCC4C40032017
:10B7600018DD010834DD01082CDD010824DD0108A5
:10B7700014DD010804DD010808DD01080CDD010805
:10B7800028DD010830DD0108704700BF0022014BB1
:10B790001A7070475C400320274B9B78012B00D028
:10B7A0007047752370B5254E88B030880DF10101C2
:10B7B00080B28DF8003002F00DFC6D46B388441C59
:10B7C000E4B2291998B202F005FC33890444E4B2CA
:10B7D000291998B202F0FEFB337B0444E4B2291924
:10B7E000184602F02FFCF38B0444E4B22919D8B2B6
:10B7F00002F028FC338A0444E4B22919D8B202F0DA
:10B8000031FCB37D0444E4B22919184602F02AFC45
:10B81000B38B0444E4B22919D8B202F023FC0246E7
:10B820000D231444E4B2611C68466C44C9B2237011
:10B8300002F0E8FA08B070BD840103207000032014
:10B84000034600B51BBA83B001224FF480510F4864
:10B85000019304F08BFD002204210C4804F086FDC6
:10B8600004220B4B0DEB0201186807F03DFD30B1CF
:10B8700001220421054804F079FD03B000BD4FF01A
:10B88000FF3201210CF088FFF2E700BF0004024202
:10B8900064400320034600B5002283B04FF480517A
:10B8A0000F488DF8073004F061FD002204210C4898
:10B8B00004F05CFD0B4B012218680DF1070107F045
:10B8C00013FD30B101220421054804F04FFD03B0FF
:10B8D00000BD4FF0FF3201210CF05EFFF2E700BF28
:10B8E000000402426440032038B504460D4601229C
:10B8F0004FF480510D4804F039FD002204210B481B
:10B9000004F034FD0A4B2A462146186807F0ECFC87
:10B9100030B1BDE8384001220421044804F026BDBE
:10B920004FF0FF3201210CF037FFF2E70004024232
:10B9300064400320024A034B10601960704700BF47
:10B940006440032060400320002100B5084B83B011
:10B950001B6801AA186801910DF0C0F8019B2BB17A
:10B960004FF0E0234FF08052C3F8042D03B000BD28
:10B970006040032000234FF470424FF4784C00B530
:10B980004FF400514FF0550E2E4889B006904FF4F9
:10B99000FA708DF8003004928DF804E00592ADF84D
:10B9A00008C0ADF81C30ADF80C100AF0EFFF012014
:10B9B000FFF770FF32200AF0E9FF1120FFF76AFF5E
:10B9C00032200AF0E3FF2120FFF764FF3620FFF763
:10B9D00061FF01216846FFF787FF3A20FFF75AFF12
:10B9E000012101A8FFF780FF2A20FFF753FF042160
:10B9F00004A8FFF779FF2B20FFF74CFF042105A8CF
:10BA0000FFF772FF1320FFF745FF2920FFF742FFE2
:10BA1000B020FFF73FFF022102A8FFF765FF3320A8
:10BA2000FFF738FF062106A8FFF75EFF3720FFF774
:10BA300031FF022103A8FFF757FF2C20FFF72AFF51
:10BA400009B000BD00200120034600B5074983B0BE
:10BA50005ABA37200B80ADF80420FFF71BFF0221F4
:10BA600001A8FFF741FF03B000BD00BF3201032072
:10BA70001249134B0A8800B51044A3FB00231B0A8C
:10BA800003EB8303A0EB83131F2B83B011DD9AB26A
:10BA9000C3F3072CDBB237200A808DF804C08DF881
:10BAA0000530FFF7F7FE022101A8FFF71DFF03B0E5
:10BAB00000BD20224FF0000C1346ECE732010320BA
:10BAC000CDCCCCCC70B500258E462946BDF8106093
:10BAD0001A4C66F30F0566F30F0166F31F4566F314
:10BAE0001F4103FB02F604F5007CC4E90051083451
:10BAF0006445FAD185180EEB0304013D45EA004583
:10BB0000013C2A2044EA0E44FFF7C4FE2846FFF712
:10BB100097FE2B20FFF7BEFE2046FFF791FE2C205C
:10BB2000FFF7B8FE4EB100244FF40071034804F54E
:10BB30008074FFF7D9FEA642F6D870BD902C022083
:10BB40002DE9F04F88461D46064683B0BDF830709B
:10BB5000BDF83490A2EB000B1FFA8BFBA5EB080A93
:10BB60003B4614461FFA8AFA5A46CDF80090FFF772
:10BB7000A9FF53463A4641463046CDF80090FFF7BC
:10BB8000A1FFE91B5A4630463B46CDF8009089B2EA
:10BB9000FFF798FF53463A464146E01B80B2CDF886
:10BBA000309003B0BDE8F04FFFF78CBFF8B5074603
:10BBB000BD18CC18013D03FB02F62A2045EA0745D3
:10BBC000013C44EA0144FFF765FE2846FFF738FED2
:10BBD0002B20FFF75FFE2046FFF732FE76002C2079
:10BBE000FFF758FEA6B134464FF6FF75069B9F1926
:10BBF000AC42214628BF2946381B89B2FFF774FEA4
:10BC00002346EB1AA4F57F44F342A4F1FF04EFD2DC
:10BC1000F8BD00BF2DE9F0410646254882B0006816
:10BC200006F10F08019048EA06482A2001F10F06A4
:10BC300046EA014615461C469DF82070FFF72AFE8D
:10BC40004046FFF7FDFD2B20FFF724FE3046FFF7AF
:10BC5000F7FD2C20FFF71EFE0198164A00EB471354
:10BC600002F50076A3F2FF331046002113F801CC51
:10BC700093F800E00EEB0C2E1FFA8EFE4EFA01FC3C
:10BC80001CF0010F14BFAC46A4460131102920F866
:10BC900002CDF3D12032964203F10203E4D14FF4F6
:10BCA0000071054802B0BDE8F041FFF71DBE00BFBE
:10BCB000209F0108B02C0220902C02202DE9F04199
:10BCC0000646254882B0006806F10A08019048EA55
:10BCD00006482A2001F10D0646EA014615461C4693
:10BCE0009DF82070FFF7D6FD4046FFF7A9FD2B20F9
:10BCF000FFF7D0FD3046FFF7A3FD2C20FFF7CAFD6C
:10BD00000198164A00EB471302F59A76A3F2FF3327
:10BD100010460F2113F801CC93F800E00EEB0C2E27
:10BD20001FFA8EFE4EFA01FC1CF0010F14BFAC4648
:10BD3000A4460139042920F802CFF3D116329642E5
:10BD400003F10203E4D14FF49A71054802B0BDE853
:10BD5000F041FFF7C9BD00BF209F01088E2C0220D3
:10BD6000902C02202DE9F04F85B0DDF83890039239
:10BD700099F800505DB380468A469B4606460024EB
:10BD8000144F17E00A2D17D0E02E5B46039A04D912
:10BD90004646F88850441FFA80FA304600955146CE
:10BDA0000134FFF737FFA4B2BB8819F804503344BD
:10BDB0009EB265B10D2DE5D10134FB88A4B219F80E
:10BDC0000450534446461FFA83FA002DF2D105B0C1
:10BDD000BDE8F08F209F01082DE9F04F85B0DDF818
:10BDE0003890039299F800505DB380468A469B468E
:10BDF00006460024144F17E00A2D17D0E02E5B46AC
:10BE0000039A04D94646F88850441FFA80FA30460F
:10BE1000009551460134FFF751FFA4B2BB8819F8D1
:10BE2000045033449EB265B10D2DE5D10134FB8839
:10BE3000A4B219F80450534446461FFA83FA002D61
:10BE4000F2D105B0BDE8F08F209F01082DE9F04147
:10BE50004FF0000C04460D4616461F4686B00DF105
:10BE60000C0841460C988DF814C002F07DF83B4652
:10BE7000324629462046CDF80080FFF7ADFF06B0D8
:10BE8000BDE8F081014B1860704700BF6840032097
:10BE9000704700BF00B5054B83B0186801A907F0D3
:10BEA00063F89DF8040003B000BD00BF68400320A4
:10BEB00000B5044B83B0186801A907F055F8019844
:10BEC00003B000BD684003200D4B02781B68403270
:10BED00001291A700FD900B5A1F1020E10FA8EFED9
:10BEE000024610F801CF724503F801CFF8D1054B97
:10BEF0001B68198000BD034B1B681980704700BF89
:10BF0000944003209040032030B54378044685B028
:10BF100013B98378442B0FD07F204FF0310C0321CD
:10BF20003C4B3D4A1B6812681870207883F802C0A9
:10BF30005870118005B030BD0B2903D07F204FF021
:10BF4000130CECE7354B1978022903D04FF07F0C26
:10BF50007F20E4E71B7F022B11D1314D6B7B13F067
:10BF6000FB030FD07F20242503212A4B2A4A1B687C
:10BF70001268187020789D7058701180DAE74FF0C1
:10BF8000330CE5E7D0F80300AB6001232B73D4F842
:10BF9000073000BA1BBAC1186B6001922860FDF728
:10BFA00099FB1C4B19681C4BD3F800C040B36B685D
:10BFB000019A13F0070F0AD07F2370200B70032320
:10BFC00094F800E0887081F801E0ACF80030237844
:10BFD0006A734FF20F04202540338DF80C3003AA0A
:10BFE0004B1EC81C8DF80D50ADF80E4012F8011B09
:10BFF00003F8011F8342F9D10423ACF8003099E71C
:10C000007F22312003230A70227888704A70ACF8AE
:10C0100000308FE7944003209040032070400320BD
:10C020009C40032003780F2B40F283802DE9F047DA
:10C03000A3F110020446884690B0772A7FD8DFE843
:10C0400012F0440233027E007E00E0017E007E009A
:10C050007E007E00CF017E007E007E007E007E009E
:10C060007E007E007E001502FE0126027E007E001C
:10C070008501B901AC0155027E009F017E0073026B
:10C08000F1017E0062027E007E0071013E01250109
:10C090006001F0007E007E007E007E000E01FD004B
:10C0A0007E007E004F01DF007E007E007E007E006D
:10C0B0007E007E007E007E007E007E007E007E0090
:10C0C0007E007E007E007E007E007E007E007E0080
:10C0D0007E007E007E007E007E007E007E007E0070
:10C0E0007E007E007E007E007E007E007E007E0060
:10C0F0007E007E007E007E007E007E007E007E0050
:10C100007E007E007E007E007E007E007E007E003F
:10C110007E007E007E007E007E007E007E007E002F
:10C120007E007E007E007E00C100B400CE00A7002D
:10C130008D00A74BA74A1B681268FCF7CBBF7F2076
:10C1400011250321A34BA24A1B681268187020789E
:10C150009D705870118010B0BDE8F087B8F1010FE4
:10C1600040F25285427802F07F03012B00F05A859D
:10C17000032B00F092857F2012250321954B944AD2
:10C180001B681268187020789D7058701180E2E763
:10C190007F20112503218F4B8D4A1B681268187070
:10C1A00020789D7058701180D5E77F2012250321DB
:10C1B000884B874A1B681268187020789D705870E9
:10C1C0001180C8E77F2011250321824B804A1B681C
:10C1D0001268187020789D7058701180BBE7B8F114
:10C1E000020F00F0FA847F2013250321794B784A4F
:10C1F0001B681268187020789D7058701180AAE72B
:10C20000B8F1020F00F2E0817F2013250321714B6A
:10C210006F4A1B681268187020789D7058701180E2
:10C2200099E77F20112503216A4B694A1B68126830
:10C23000187020789D70587011808CE7B8F1020F4B
:10C2400000F0A7847F2013250321624B604A1B68FE
:10C250001268187020789D70587011807BE7B8F1D3
:10C26000010F40F26D83437803F00F02042A00F0BF
:10C2700026857F2012250321564B554A1B681268DC
:10C28000187020789D705870118064E7B8F1010F24
:10C2900040F27883504E737B012B00F048854D4A65
:10C2A0004B49022B1268086800F00F867F21242575
:10C2B0000323117021789570517003804BE7B8F11A
:10C2C000020F00F279817F2013250321414B404A60
:10C2D0001B681268187020789D70587011803AE7BA
:10C2E000B8F1040F00F286817F2013250321394B1A
:10C2F000374A1B681268187020789D70587011803A
:10C3000029E7344B324AB8F1010F1B68166800F078
:10C3100055847F2113200322197021789870597059
:10C32000328018E72D4BB3F8E030B3F5007F00F012
:10C33000D9847F2011250321264B254A1B681268CA
:10C34000187020789D705870118004E7B8F1010FC3
:10C3500040F22683467806F07F06012E00F01A850B
:10C36000022E00F005857F2012250321194B184A63
:10C370001B681268187020789D7058701180EAE66A
:10C380007F2011250321134B114A1B681268187076
:10C3900020789D7058701180DDE67F2011250321E3
:10C3A0000C4B0B4A1B681268187020789D705870EF
:10C3B0001180D0E67F2011250321064B044A1B681B
:10C3C0001268187020789D7058701180C3E600BF05
:10C3D00090400320944003209C4003200005FA0B6A
:10C3E000904FB8F1020F3B6800F2AE807F2013251A
:10C3F00003218D4A1870207812689D705870118042
:10C40000A9E6B8F1040F00F0B2837F2013250321C1
:10C41000844B854A1B681268187020789D7058708C
:10C42000118098E67F20112503217E4B7E4A1B68F0
:10C430001268187020789D70587011808BE6B8F1E2
:10C44000010F40F28B82437803F00F02042A00F0C0
:10C450005B847F2012250321724B734A1B6812688C
:10C46000187020789D705870118074E6B8F1030F31
:10C4700000F0A4827F20132503216A4B6A4A1B68BF
:10C480001268187020789D705870118063E67F20C4
:10C4900011250321634B644A1B68126818702078C9
:10C4A0009D705870118056E65E4B5F4AB8F1020FDE
:10C4B0001B68166800F046837F2113200322197041
:10C4C000217898705970328045E6B8F1020F00F07B
:10C4D00010837F2013250321524B534A1B68126897
:10C4E000187020789D705870118034E67F201125D7
:10C4F00003214C4B4C4A1B681268187020789D70C1
:10C500005870118027E6B8F1030F00F291807F2068
:10C5100013250321434B444A1B6812681870207886
:10C520009D705870118016E6B8F1020F33D87F2045
:10C53000132503213B4B3C4A1B6812681870207876
:10C540009D705870118006E6592204211A704278B5
:10C5500099705A70427802F07F02012A00F08F84AD
:10C56000022A00F084847F25122603202E4A1D70A3
:10C57000257811689E705D70088094F90130002B59
:10C58000BFF6E9AD3B681B787F2B3FF4E4AD00219B
:10C5900013681980DFE5254B1E78022E00F02F84EA
:10C5A0007F2203201F4B20491B6809681A702478DA
:10C5B0009A705C700880CEE502224146204610B099
:10C5C000BDE8F047FFF7A0BCB0F80160A8F1030395
:10C5D00076BAB6B29E4200F034847F201325032140
:10C5E000104B114A1B681268187020789D705870A3
:10C5F0001180B0E5C6780779A8F1050107FB06F3BD
:10C60000B1EB430F00F0E7837F2013250321054B97
:10C61000054A1B681268187020789D705870118048
:10C6200099E500BF94400320904003207040032010
:10C6300090F901204378002ABCBF03F07F034370C8
:10C640004388B8BF01265BBA9BB2A8BF0026B3F5EA
:10C65000097F00F35785B3F5007F2ADBA3F500734C
:10C66000242B26D8DFE813F05B01430131011C01C4
:10C670009F008F00660025005C0004012500250056
:10C680002500250025002500DF00C9002500250024
:10C690002500250025002500250025002500250072
:10C6A0002500250025002500AE0014010C014400E2
:10C6B0003D007F2031210322AF4B1B68187020788A
:10C6C0009970AE4958700B681A80002E3FF443AD44
:10C6D000A94A126812787F2A3FF43DAD00221A80E1
:10C6E00039E5B8F1050F00F061877F201321E2E7FB
:10C6F000B8F1040FF9D1F7F719FA0A200AF046F950
:10C700009D4B1A689D4B1B682178403111706178F0
:10C710005170A1789170E178D170A3F80080D4E7CE
:10C72000B8F1080FE1D14378012B01F070807F2030
:10C730001221C0E7B8F10B0FD7D9456887682DBA29
:10C740003FBA28467919FCF7E7FF0028B1D03946EF
:10C750002846FAF723FD01460827874B25781A68F3
:10C76000403515706078854B5070A0781B689070CC
:10C77000E078D171D070080E1071080CF94050713A
:10C7800091711F80A1E77C4A7C4BB8F1060F1168BC
:10C790001B6800F0F3867F2213200A7022788870CD
:10C7A0004A70032290E771200421734B1A68734B7F
:10C7B000107060781B685070A0789070E078D0702E
:10C7C000198082E7B8F1070F8FD10430F7F780FAAC
:10C7D000F7F7ACF90A200AF0D9F80420664B217863
:10C7E0001A68664B40311B68117061785170A178EE
:10C7F0009170E178D170188067E7B8F1040F7FF489
:10C8000074AF5F4B1A78022A01F061807F227F208B
:10C810000321594B1B68187020789A70574A58703A
:10C820001368198051E7B8F1040F7FF45EAF544BE1
:10C830001A78022AEAD11B7F022B41F056804378F6
:10C84000012B7FF474AFFCF7B5FF002841F0508056
:10C85000FCF7FCFF002840F0618504212046FFF72B
:10C8600033FB464B1B681A88002A3FF474AC2CE754
:10C87000434B1B7F022B00F091867F2033211AE768
:10C88000B8F1070F7FF431AF0430F7F737FA9FE7BD
:10C89000B8F1050F7FF429AF0079F7F727FA97E78A
:10C8A000354B71201968A8F102030A46087014FA82
:10C8B00083F3214614F8010F8B4202F8010FF8D1DF
:10C8C0002E4B1B68A3F80080FFE6FDF741F82A4BCA
:10C8D0001A682A4B1B68002800F09C867F21722072
:10C8E000117021784FF003089070517015E7FDF733
:10C8F00057F8214B1A68214B1B680028EED12146BE
:10C90000207840301070A8F1020014FA80F00C4634
:10C9100011F8017F844202F8017FF8D1FDE6164A42
:10C92000164BB8F1040F12681B6800F001877F21D5
:10C93000132011702178907051704FF00308ECE6CD
:10C940007F20132503210C4B0C4A1B6812681870BA
:10C9500020789D7058701180FFF7FDBB7F20132554
:10C960000321054B054A1B681268187020789D70DA
:10C9700058701180FFF7EFBB9440032090400320D4
:10C98000704003207F2013250321AD4BAD4A1B6867
:10C990001268187020789D7058701180FFF7DBBB0B
:10C9A0007F2013250321A64BA64A1B681268187026
:10C9B00020789D7058701180FFF7CDBBB0F8012032
:10C9C00002AE52BA90B20022A0F50071B1F5007F1C
:10C9D0000292C6E90122C6E90322C0F0D882A0F57E
:10C9E0007142843A0C2A08D8DFE802F072076C63BF
:10C9F000070707075A07070715007F20312503217E
:10CA00008F4B904A1B681268187020789D70587080
:10CA10001180FFF7A0BB31460120FBF7EDFD03A914
:10CA200005460220FBF7E8FD034604A903201D4349
:10CA3000FBF7E2FD034605A90420ADB21D43FBF759
:10CA4000DBFD034606A90520ADB21D43FBF7D4FD6F
:10CA5000ADB20543ADB2112231460DF11F0001F018
:10CA6000E7FB002DC9D114252378754A6678116833
:10CA7000A2784033681E8DF81C308DF81E208DF88A
:10CA80001D6007AA4B1E11FA80F012F8011B03F873
:10CA9000011F8342F9D16B4B1B681D80FFF75BBB05
:10CAA0000C2269490DF11F0001F0C2FB0F2523780C
:10CAB000DBE7042265490DF11F0001F0B9FB0725F2
:10CAC0002378D2E7624A042512788DF81F20CCE73C
:10CAD0000C2260490DF11F0001F0AAFB202309225E
:10CAE0005D490BA88DF82B30192501F0A1FB2378A7
:10CAF000BBE7437803F07F03022B00F0CD82032BCA
:10CB000000F0B682012B40F0DC82002250495348ED
:10CB1000C1E903220B70524B02605A734A610A77D3
:10CB20008A6194F9013060789342FFF614AB50218A
:10CB3000434B444A1B68126858701970A2F8008071
:10CB4000FFF709BB424A1278012A00F0DB814278E4
:10CB500002F07F02012A00F031837F21122003229C
:10CB600019702178987059703280FFF7F4BA4378C1
:10CB7000FF2B00F0F1817F2031250321304B314A1A
:10CB80001B681268187020789D7058701180FFF72C
:10CB9000E2BA4378002B00F00E82802B3FF4DBAA30
:10CBA0007F2012250321264B264A1B681268187025
:10CBB00020789D7058701180FFF7CDBA284A517BBC
:10CBC000032900F096827F21242003221970217806
:10CBD000987059703280FFF7BEBA427802F07F0336
:10CBE000012B00F09881022B00F079827F20122522
:10CBF0000321134B134A1B681268187020789D702C
:10CC000058701180FFF7A7BA7F20132503210C4B22
:10CC10000C4A1B681268187020789D70587011803B
:10CC2000FFF799BAB8F1020F00F0A7828378103BA2
:10CC3000032B00F2BA86DFE803F02C2A152E00BF82
:10CC400094400320904003209005FA0B44DD010836
:10CC50007040032080D2010838DD0108984003208D
:10CC60009C400320B34BB44A136094F90130002B6D
:10CC7000FFF671AA0221B14A237812684033B04D01
:10CC8000137060782B6850701980FFF764BAAD4B51
:10CC9000E9E7AD4BE7E7AD4BE5E7A74D296800298C
:10CCA00040F021817F202225A44AA5491268096805
:10CCB00010702078957050700B80FFF74CBA03F01D
:10CCC000F002402A40F29E817F20122503219B4BD7
:10CCD0009B4A1B681268187020789D7058701180EC
:10CCE000FFF739BAB8F1020F00F271817F201325E6
:10CCF0000321924B924A1B681268187020789D702D
:10CD000058701180FFF727BA03F0F002402A40F272
:10CD100061817F2012250321884B894A1B68126894
:10CD2000187020789D7058701180FFF714BAA8F120
:10CD3000020111F007051FFA81F840F0B880B368CE
:10CD400072684344934200F2B280327B437893424C
:10CD500000F08F847F2073250321784B784A1B686D
:10CD60001268187020789D7058701180FFF7F3B921
:10CD7000B8F1060F00F041827F20132503216F4B8D
:10CD80006F4A1B681268187020789D705870118067
:10CD9000FFF7E1B940F26713ADF81C30FFF788F8F0
:10CDA0006B4A6C4B4240C3E903021E7794F9013091
:10CDB00000BA002BCDF81E00FFF6CDA906215F4B6F
:10CDC00007981B685E4A1860BDF8200012689880BA
:10CDD0001180FFF7C0B926B11FB1B3F5614F40F222
:10CDE00077837F2031250321544B554A1B681268F5
:10CDF000187020789D7058701180FFF7ACB94FF211
:10CE00008412B0F8013058BA80B220F00801914283
:10CE100000F0208149F2F102934200F08D82B8F1D6
:10CE2000070F00F07E847F2013250321434B444AE3
:10CE30001B681268187020789D7058701180FFF779
:10CE40008AB940F6AE52A8F105039BB2934240F274
:10CE500072817F2031250321384B394A1B681268C3
:10CE6000187020789D7058701180FFF774B9B8F170
:10CE7000030F00F00E827F251326FFF776BBB8F173
:10CE8000030FF8D1002207A8DA70FBF7D7FA2C4A73
:10CE90003B681668002800F03A847F2119707221DF
:10CEA000207899705870A6F80080FFF766BB7F2045
:10CEB00071250321214B224A1B68126818702078C3
:10CEC0009D7058701180FFF746B9B8F1020F00F05D
:10CED00085817F2171250323117021789570517010
:10CEE0000380FFF738B9130600F15581C7200221EE
:10CEF000124B134A1B6812681870607858701180C2
:10CF0000FFF729B97F2203211A7000789A705870B0
:10CF10003180FFF720B911063FF51DA9C521074B48
:10CF2000074A1B681268197041785970A2F800808E
:10CF3000FFF711B920A10700984003209440032077
:10CF40009040032090D0030048E8010040420F00C9
:10CF500078563412704003208378FF2B7FF40BAE99
:10CF6000C378FF2B7FF407AEFBF70CFA002800F024
:10CF700030847F2072250321BA4BBB4A1B6812689C
:10CF8000187020789D7058701180FFF7E4B8314612
:10CF9000FBF732FB002800F043817F213120B14BA9
:10CFA000B14A1B6812681970217898705970A2F8FC
:10CFB0000080FFF7D0B87E21AA4BAB4A1B681268ED
:10CFC000197041785970A2F80080FFF7C4B80122A7
:10CFD000FFF7F3BAA54A1278012A00F04D811B0928
:10CFE0009A1D904500F01D827F20132503219D4B43
:10CFF0009D4A1B681268187020789D7058701180C7
:10D00000FFF7A9B81B095A1D424580F2A880002BE2
:10D0100000F085830027591E0530C90010F8012F44
:10D020008A4008393A4311F1080F97B2F6D19E1D94
:10D03000F319984500F025827F2013250321894BA1
:10D04000894A1B681268187020789D70587011808A
:10D05000FFF781B87F2031250321824B824A1B686C
:10D060001268187020789D7058701180FFF773B89F
:10D070007F4A928A92B2B2F5805FC0F097817F209A
:10D080008825784A78491268096810702078957068
:10D0900050700B80FFF75FB8754B9B8A9BB2B3F55E
:10D0A000805FC0F0A0817F20222503216D4B6E4A56
:10D0B0001B681268187020789D7058701180FFF7F7
:10D0C0004AB87F2012250321664B674A1B68126805
:10D0D000187020789D7058701180FFF73CB81206C8
:10D0E0003FF539A84146204610B0BDE8F047FEF7AD
:10D0F000EBBE04215173027840321A70A6F800800A
:10D10000FFF729B8B3F57F4F00F0F2804FF60172B8
:10D1100093427FF4CEAAB8F1040F7FF4E6AA4378D5
:10D12000012B7FF404AB514B1A78022A00F0FB83E9
:10D130007E22FFF76CBBF9F78DF8C82009F026FCBA
:10D140003146E01CFDF770FC0121464A464B106851
:10D150001A682378403303701180FEF7FCBF7F20EC
:10D16000132503213F4B404A1B6812681870207832
:10D170009D7058701180FEF7EEBF7F2013250321AC
:10D18000384B394A1B681268187020789D705870A7
:10D190001180FEF7E0BF0123364C26782370F6F7A6
:10D1A0004FFD4FF47A7009F0F1FBF6B22868F6F7FC
:10D1B0004FFDF6F7BBFC2670FEF7CDBF51221A706B
:10D1C00042785A70A6F8008090F90130002BBEF624
:10D1D000C2AF10B0BDE8F04701F052BD317B6378BB
:10D1E0008B4200F08B817F217325032311702178FE
:10D1F000957051700380FEF7AEBF1C4B9A69042AEC
:10D2000040F252817F2036250321164B164A1B68B7
:10D210001268187020789D7058701180FEF79BBFBF
:10D2200060782378A478403304228DF81D003146BD
:10D230000DF11F008DF81C308DF81E4000F0F8FF36
:10D24000084B0DF11B021868431E063012F8011F2F
:10D2500003F8011F9842F9D10722034B1B681A807B
:10D26000FEF779BF944003209040032070400320D4
:10D2700070000320920003207F220320BA4BBB4999
:10D280001B6809681A7024789A705C700880FEF731
:10D2900062BF002207A8DA70FBF7D0F881460028A9
:10D2A00040F0E280079B002B00F00A83054602AEA7
:10D2B00014E09DF80B203B6803F80820BDF80A2015
:10D2C00003F82520029A4344120A9A70029ADA70EF
:10D2D000079B08F104089D4280F0358128463146BD
:10D2E000FBF768F801350028E3D04FF00109EFE7BC
:10D2F000B8F1040F7FF4F9A94378012B7FF417AA42
:10D300009B4B1A78022A7FF413AF1B7F022B40F04D
:10D31000EC82FCF7F7FA00283FF49FAA7F207225E1
:10D320000321914A914B12681B6810702078957008
:10D3300050701980FFF7C9B9B8F1140F7FF473ADBD
:10D34000D4F803100120FBF73FF9D4F80710054685
:10D350003046FBF739F90346D4F80B1003201D4380
:10D36000FBF732F90346D4F80F100420ADB21D4389
:10D37000FBF72AF90346E17C0520ADB21D43FBF71C
:10D3800023F9ADB245EA00039BB2774A77491268A8
:10D390000968002B00F012827F2072250323107091
:10D3A0002078957050700B80FEF7D5BE0022704932
:10D3B0007048C1E903220B706F4B42731A604A61D7
:10D3C0000A778A6194F9013060789342FEF6C3AE21
:10D3D0005021654B654A1B68126858701970A2F895
:10D3E0000080FEF7B8BE0023614A6348C2E90333F8
:10D3F000604903604B7353611377936194F9013073
:10D400006078002B82F80080FEF6A5AE5021564BC6
:10D41000564A1B68126858701970A2F80080FEF70F
:10D420009ABE002B00F007810025013B411DDB0067
:10D4300011F8012F9A40083B13F1080F45EA020545
:10D44000F6D140F6FE739D4240F2F6807F203125F2
:10D450000321454B454A1B681268187020789D705F
:10D4600058701180FEF777BE7F2272203B681A70D9
:10D4700021783E4A597098701368A3F80080FFF72E
:10D480007CB83B4B1A78022A00F0D6817F227F2598
:10D490000320354B35491B6809681D7024789A7044
:10D4A0005C700880FEF757BE58685969411A09290F
:10D4B00000F29E807F20372503212B4B2B4A1B68CF
:10D4C0001268187020789D7058701180FEF743BE66
:10D4D00090F801808578FDF7ABFA002800F07B8199
:10D4E0007F2021250321204B204A1B6812681870D9
:10D4F00020789D7058701180FEF72DBE0133337374
:10D500002378002140331370637802F8013FB36839
:10D510000BE034680131E35CB1F57F6F02F8013F45
:10D52000B36803F10103B36003D07468A342F0D37E
:10D5300089B27268023193420180FEF40CAE03237B
:10D540007373FEF708BEB9F1000F00F0B9817F21B7
:10D550003B687225197003212078044A58709D7029
:10D5600013681980FFF709B8944003209040032006
:10D57000704003209C40032098400320828840F69E
:10D58000FB7052BA92B2824240F2DF807F22312099
:10D590000A70227888704A70FFF703B9BFF34F8F83
:10D5A000BFF36F8F431D9847FFF717B94378012BDF
:10D5B0007FF4BDA80379002B00F0D581012B7FF407
:10D5C00078A8BB48F9F754FFBA4B2278196823466C
:10D5D000084640320A70221D13F8011F934200F8DA
:10D5E000011FF9D10522B44B1B681A80FFF76DB8F3
:10D5F000197F012900F0BF807F2024250321AD4B36
:10D60000AD4A1B681268187020789D7058701180A0
:10D61000FEF7A1BD2146207840301070A8F102002D
:10D6200014FA80F00C4611F8017F844202F8017F61
:10D63000F8D1FFF772B81D46D4F8026036BAA919BE
:10D640003046FCF769F89B4B9B4A1B681168002821
:10D6500000F00C812278F61A40321A705A1902E052
:10D66000F05C03F8010F9A42FAD101350D80FEF704
:10D6700072BD0133337302F0DDF9B8F1000F00F031
:10D68000FF802746AA46A946B0683B797A791B04F1
:10D6900003EB0263FA78397A03EB02237A7A0904FE
:10D6A00001EB0261BA780AF1080A134419EB03028C
:10D6B000FB79083701EB0323316801F58021084429
:10D6C00017F8021C0B44FCF795F940EA0503B06813
:10D6D000D04500F10800DDB2B060D6D802F0BEF946
:10D6E000D6E901329A4224BF03237373002D00F060
:10D6F000CF807F21722003226E4B1B681970217826
:10D70000987059706C4B1B681A80FEF724BD062078
:10D7100007995971090A19713080FEF72EBF1F460B
:10D7200085E4D4F8031009BAFAF74EFF03462CE655
:10D73000417801293ED0022937D07F211220117073
:10D74000217890705170FFF7F8B871200870084682
:10D7500065784D70A5788D70E4780021151F00F86C
:10D76000034F02E000F8011F0131A942FADB043245
:10D7700092B2FEF7A9BFD4F802101D6909BA8D4212
:10D7800000F0038100277F265861352503200132F0
:10D790009A61484A484912681F77167023780968C9
:10D7A000537095700880FEF7D6BC0020434908707E
:10D7B000FEF7AABF41480170FEF7A6BF6078237844
:10D7C000A578507003204033137095700880FEF7E1
:10D7D000C2BC012187E4F020611D0091B5FBF0F18E
:10D7E00000FB1151B8FBF0F500FB15803B463246BB
:10D7F000C9B2C0B2FDF722F901212E4A2E4B1068A2
:10D800001A682378403303701180FEF7A4BCC379F3
:10D81000042B7EF44EAF807922796379000240EACE
:10D82000026040EA034040F00400FAF7DFFD002800
:10D830007FF474ADFFF711B81B7F022B35D1D4F8FC
:10D8400002502DBA2846E919FBF756FF002856D199
:10D850007F2031250321174B174A1B681268187067
:10D8600020789D7058701180FEF775BC7F2031259F
:10D870000322187020789D7058700A80FEF76BBCE8
:10D8800002F0ECF8D6E901239A4201D8032373731E
:10D890000220084A084923781268647809684033EE
:10D8A000137054700880FEF756BC3322EFE500BFBA
:10D8B000500502089440032090400320920003206A
:10D8C000424A9B00116803330B80FEF756BE1B7F54
:10D8D000022B0AD14378012B7EF429AFFBF7DCFF42
:10D8E00000287FF41BADFEF7B8BF3322FEF78FBFD1
:10D8F0000CF012FB00287FF411ADFEF7AEBF022F33
:10D900002BD0042F23D0082F18D06FF00603E21D70
:10D910001B1B02E012F8011F297099188F42F9D8D9
:10D920003146FFF7E0BB1B7F022BDED1284B5B7B30
:10D93000042BD3D07F202221FEF7BDBEA168E06872
:10D940000BBA02BA3146C5E90023FFF7CCBBA36886
:10D9500031461BBA2B60FFF7C6BB238931465BBA41
:10D960002B80FFF7C0BB1B48F9F782FD1A4B2278CA
:10D9700019682346084640320A70221D13F8011F19
:10D98000934200F8011FF9D12CE61E7794F901307B
:10D99000002BFEF6E0AB40F267210F4A0B4B1268FA
:10D9A0001B6811801E80FEF7D6BB7F220026312027
:10D9B0000321094B094D1B682E601A70034A247815
:10D9C00012685C7098701180FEF7C5BB9040032010
:10D9D0009C400320640502089440032098400320E3
:10D9E00038B500240122094B09490A4D4C7358608F
:10D9F00009490A48C3E90344C3E905442C601A7085
:10DA00001C77FAF7E1FE204638BD00BF70400320C6
:10DA10009C4003209840032038010320902E0220D0
:10DA2000114B01461A78032A02D01048FBF766B85A
:10DA300041F288305A688A1A8242F6D900224FF0A1
:10DA4000010C0B4810B40B4C427383F800C01A77DA
:10DA5000226006485DF8044BC3E90322C3E90522AE
:10DA60005960FBF74BB800BF70400320902E022096
:10DA70009C400320984003200146024A0248FBF7DD
:10DA800053B800BF60010320902E02202DE9F0431F
:10DA9000002585B004468DF80D50ADF80E50D0E944
:10DAA0000050B0F1804F0F4690461E46C5F3826984
:10DAB0000BD030B9B5F5FC6F63D040F2DF739D42F7
:10DAC0000ED0002005B0BDE8F083C5F30743DA2B84
:10DAD000C5F3072200F09980DB2BF2D1FF2AF0D1A9
:10DAE000E06800F099FB0028EBD03B780F2BE8D8DA
:10DAF000002B00F09680072BE3D801388342E0D852
:10DB0000A2690137ADF80E30A2F500120123B2FA76
:10DB100082F28DF80D30504B520983F8262161684E
:10DB2000B1F1804F00F08F804FF4FD6200214B482F
:10DB30004B4B0260C3E9002141604FF0FF330122EB
:10DB40000DF10D01306809F0F5FB4FF0FF330222B3
:10DB500004460DF10E01306809F0ECFB02464FF06F
:10DB6000FF33144439463068BDF80E2009F0E2FB5B
:10DB7000BDF80E3004440333A34244D0F3F702FB54
:10DB800041E04FF4FD63364AC2E90030334AC2E94E
:10DB90000030E06800F040FBCDF80080A369314C14
:10DBA000A3F50013B3FA83F301463A4620465B0916
:10DBB000FAF734FE2578022D83D100274FF0FF338A
:10DBC00001220DF10D0130688DF80D7009F0B2FBE6
:10DBD0002A464FF0FF330546A11C306809F0AAFB26
:10DBE00002464FF0FF3315443068628804F10D019E
:10DBF00009F0A0FB638805440333AB4201D0F3F77F
:10DC0000C1FA0023237001205CE72A2A7FF459AF70
:10DC10002B029BB243EA896343F45A0343F02A037D
:10DC2000B1E7A269B2F5001F7FF44BAF08287FF679
:10DC300048AF7B78002B3FF444AF023883423FF675
:10DC400040AF02375EE72A0292B242EA896242F4AA
:10DC50005A0242F02A026AE7904E0220380103205D
:10DC600060010320902E02204FF0000C10B5029CA2
:10DC7000A4F800C08C460D490B600D490C600D499D
:10DC80004860114622B1BDE810406046FEF7CAB9AF
:10DC90004FF07F0E8CF800201320032283F800E061
:10DCA0009CF8001098705970228010BD9440032099
:10DCB00090400320704003204FF0000C10B5029CF0
:10DCC000A4F800C08C460D490B600D490C600D494D
:10DCD0004860114622B1BDE810406046FEF7A2B987
:10DCE0004FF07F0E8CF800201320032283F800E011
:10DCF0009CF8001098705970228010BD9440032049
:10DD0000904003207040032038B5049A12884AB12D
:10DD10001978512907D0C72904D1012A02D05B788C
:10DD2000032B08D038BD4FF4FA7008F02FFEBDE881
:10DD3000384000F0A5BF4FF4FA7008F027FE012329
:10DD4000084C25782370F5F77BFF4FF47A7008F0C4
:10DD50001DFE054BEDB21868F5F77AFFF5F7E6FE04
:10DD6000257038BD9200032098400320024A936832
:10DD700001339360704700BF84010320024608B559
:10DD8000054B064901201A6009F00EF8044B054ABC
:10DD900005491860116008BD00410320B040032010
:10DDA000AC4003206C4103206DDD0008002238B533
:10DDB00005460C46104601210AF0EEFC2846A1B2A9
:10DDC0000BF0FEFC70B941F2883406E0012200201D
:10DDD00011460AF0E1FC013C09D00BF0D5FC00280B
:10DDE000F4D138BD064AD3680133D36038BD044A44
:10DDF000936801339360BDE838400BF0D3BC00BF9B
:10DE000084010320F8B507460D46174C4FF0FF314B
:10DE1000206809F087F80128F8D1144E3368186893
:10DE200009F066FAA8420BD2002320681A46194668
:10DE300008F01EFF01200E4AD3680344D360F8BDEA
:10DE400032680023394610682A4609F073FA024600
:10DE500000232068144619461A4608F009FFA54217
:10DE6000E8D10020F8BD00BFAC40032000410320F2
:10DE70008401032010B5044C4FF0FF31206809F0F5
:10DE800051F80128F8D110BDAC4003200023034A0B
:10DE9000194610681A4608F0EBBE00BFAC400320DC
:10DEA00070B50D4E054632680C46106809F020FA30
:10DEB000A04205D20120094AD3680344D36070BD53
:10DEC0003068002322462946006809F033FA84426C
:10DED000F0D1002070BD00BF004103208401032069
:10DEE00010B5044600F0B8F901462046BDE81040E0
:10DEF000FFF788BF00B583B001A900F0A3F80221A5
:10DF000001A8FFF77FFF03B000BD00BF00B583B0DD
:10DF1000694600F029F808216846FFF773FF03B04F
:10DF200000BD00BFE2B1034610B40E4C50000139F1
:10DF300003EB420211F801CF02334FEA1C1C14F824
:10DF40000CC0934203F802CC91F800C00CF00F0C07
:10DF500014F80CC003F801CCECD15DF8044B704709
:10DF600010467047500802084FF0000C034610B5E9
:10DF7000E646174AC3F30334145D082064F3070C24
:10DF80001C0F145D64F3070EC3F30324145D64F3E4
:10DF90000F2CC3F30364145D64F30F2EC3F3031457
:10DFA000145D64F3174CC3F30354145D64F3174E0C
:10DFB00003F00F04C3F30343145DD35C64F31F6CDD
:10DFC00063F31F6EC1F800E0C1F804C010BD00BFCC
:10DFD000500802080346094AC3F3032C12F80CC088
:10DFE000032081F800C0C3F3031C03F00F0312F8F1
:10DFF0000CC0D35C81F801C08B70704750080208D8
:10E000000346002210B40E4C4FEA133C14F80CC027
:10E0100004206CF30702C3F3032C14F80CC06CF358
:10E020000F22C3F3031C14F80CC003F00F03E35CCE
:10E030006CF3174263F31F625DF8044B0A6070478C
:10E04000500802080346064A4FEA131C03F00F0368
:10E0500012F80CC0D35C022081F800C04B707047EE
:10E06000500802080346034A03F00F03D35C012063
:10E070000B7070475008020850EA010305D13021A7
:10E08000002301201170537070472DE9F0478A4634
:10E090004FF0000911464FF0CC3805261F4C0B46B7
:10E0A00010EB0A0C4CF1000CA4FB0C1525F003013D
:10E0B00001EB9501ACEB010CB0EB0C0508FB05F195
:10E0C0000746A5FB040E6AF1000504FB0511554641
:10E0D000714400F0010E4008AEFB06EA40EAC17050
:10E0E0004FEA510A19461EEB0C0E0A2F0EF1300EA4
:10E0F00075F1000501F801EBD1D2881A9A4281F836
:10E100000090C0B207D211781C7802F8014B03F8D6
:10E1100001199A42F7D3BDE8F08700BFCDCCCCCC33
:10E12000A2B110B40A4C013801EB420291F800C0D0
:10E130004B7814F80CC0E35C023103EB0C138A42F9
:10E1400000F8013FF2D15DF8044B7047704700BF03
:10E1500060080208014A0378D05C70476008020832
:10E16000044B027841789A5C585C00EB0210C0B214
:10E17000704700BF6008020800B50A4A437801787A
:10E18000D35C90F803E0515C90F802C01B0212F8D7
:10E190000E0003EB013312F80C20184400EB0210C0
:10E1A00080B200BD60080208064A43780178D35C5B
:10E1B0008078515C105C1B0103EB0123184480B292
:10E1C000704700BF60080208124A437890F800C008
:10E1D0008178D35C12F80CC0515C1B0603EB0C7306
:10E1E00090F803C003EB0153017912F80CC0515CA5
:10E1F00003EB0C4390F805C003EB0133817912F86F
:10E200000CC0C079515C105C03EB0C2303EB0113D1
:10E210001844704760080208014BC0B2185C704790
:10E2200040080208704700BF0AB10BF06DBD70478F
:10E230004AB1013A4B1E0138114413F8012F8B42A9
:10E2400000F8012FF9D17047421E11F8013B02F886
:10E25000013F002BF9D1704708B503782BB101308D
:10E26000F1F7EEFF013080B208BD184608BD00BFCF
:10E270004FF47A7202FB00F0024BA3FB00308009DE
:10E2800008F084BBD34D621088B179B103781BB913
:10E2900015E010F8013F5BB18C4611F8012B9A4252
:10E2A000F7D0981AB0FA80F04009704708467047D6
:10E2B0009CF80120981AB0FA80F0400970470A785B
:10E2C000EFE700BFA2B10244431E013902F1FF3C57
:10E2D00002E060B163450BD013F8010F11F8012F74
:10E2E0009042F6D001D9012070474FF0FF307047BF
:10E2F0000020704710B5144658B3027802B301F1FC
:10E30000FF3C614601E0934216D011F8013F002B1B
:10E31000F9D1427800F1010E5AB1614601E0934211
:10E3200012D011F8013F002BF9D11EF8012F002A5D
:10E33000F3D11346236010BD10F8012F002AE0D15D
:10E3400000232360002010BD0022734603F8012B38
:10E35000F0E710680028D0D1F4E700BF30B50546DB
:10E360000AB10023137005B32C78F4B1002007E044
:10E37000DBB28B4219D215F8014F00FB0130B4B16A
:10E38000A4F13003DBB2092BA4F1410CF1D9BCF1AB
:10E39000050FA4F1610EA4F13703E9D9BEF1050F11
:10E3A00003D8573CE3B28B42E5D3002030BD002AAE
:10E3B000FCD00123137030BD024620B93023012068
:10E3C0004A700B7070478C4630B5124D9646A5FBCF
:10E3D0000240C00800EB8004A2EB440202F13004CA
:10E3E000BEF1090F634602460CF8014BEED800223D
:10E3F000ACEB01009942C0B28CF8002008D20A7838
:10E4000093F800C001F801CB03F801299942F6D333
:10E4100030BD00BFCDCCCCCC10B50F4B82B0186E48
:10E42000002240F0010018661C6E072104F0010470
:10E430000094009C9C6D6FF0010044F080549C653A
:10E440009B6D03F080530193019B00F0BFFB02B072
:10E45000BDE8104003F01CBB00100240094B0268ED
:10E460009A4200D07047A3F500539A6C82B042F4F0
:10E4700080529A649B6C03F480530193019B02B019
:10E48000704700BF0030024010B500210446ACB018
:10E49000942207A8CDE90211CDE9041106910BF0F1
:10E4A00033FC274B22689A4201D02CB010BD4FF0AC
:10E4B00000724FF0807307A80792219304F0C6F909
:10E4C000002832D19FED1A6B9FED1B7B09241D4B59
:10E4D00002A9DA6D1C4842F40072DA65DA6D02F4C2
:10E4E00000720092009ADA6C42F00202DA64DB6C8D
:10E4F0008DED026B03F0020301938DED047B019B14
:10E50000069401F07FFD00220521272000F05EFB2C
:10E51000272000F095FB00220521282000F056FB63
:10E52000282000F08DFB2CB010BDF2F72BFEC9E7C0
:10E5300000030000020000000000000000000000D6
:10E5400000A40040001002400004024208B5026826
:10E550000A4B9A4200D008BD094A4FF44071D36D6E
:10E56000084823F40073D36501F052FE272000F021
:10E5700075FBBDE80840282000F070BB00A40040F7
:10E58000001002400004024210B50446A6B09422D6
:10E59000002101A80BF0B8FB114B22689A4201D070
:10E5A00026B010BD4FF4802301A8019304F04EF96A
:10E5B00098B90C4B0022D86C052140F48020D86417
:10E5C000DB6C5E2003F480230093009B00F0FEFAD6
:10E5D0005E2000F035FB26B010BDF2F7D3FDE8E772
:10E5E00000080C4200100240F0B50024414B0268C4
:10E5F00089B09A42CDE90244CDE90444069401D0A1
:10E6000009B0F0BD03F5EC339A6D052642F4804263
:10E610009A659A6D032702F480420092009ADA6CA0
:10E62000054642F00202DA64DB6C4FF4204203F04C
:10E6300002030193022301992F4802A9CDE9022385
:10E64000CDE9057601F0DEFC02224FF48043CDE9EE
:10E6500002320123284802A906960493059701F087
:10E66000D1FC80230E211022244EC6E90343244B03
:10E670003046C6E90112C6E90544C6E907443360DD
:10E6800000F0B2FB48BB10211C4800F05DFD68BBE8
:10E69000002380220D211B4C6E65C4E90233C4E9BE
:10E6A0000423C4E906332362174B2046B562616038
:10E6B000236000F099FBB0B91021124800F044FD2E
:10E6C00070B9002205213C20AC65A56200F07EFAFD
:10E6D0003C2000F0B5FA09B0F0BDF2F753FDD2E7E7
:10E6E000F2F750FDEDE7F2F74DFDE5E7F2F74AFDF1
:10E6F000CEE700BF0038004000040242402603205D
:10E7000008000240D82503201C00024000B5036821
:10E7100087B0B3F1804F0DD02E4A934238D02E4AA5
:10E72000934214D02D4A934226D02D4A934244D08E
:10E7300007B000BD03F504339A6D42F001029A65FB
:10E740009B6D03F001030193019B07B000BD254BB6
:10E750000022986D052140F0200098659B6D3220C5
:10E7600003F020030393039B00F030FA322007B03C
:10E770005DF804EB00F064BA1A4B1A6E42F40032F2
:10E780001A661B6E03F400330493049B07B000BDAC
:10E79000144B0022986D052140F0100098659B6D88
:10E7A000312003F010030293029B00F00FFA312096
:10E7B00007B05DF804EB00F043BA0A4B1A6E42F45E
:10E7C00080221A661B6E03F480230593059B07B015
:10E7D00000BD00BF00100040001400400044014094
:10E7E000004801400010024010B500210446AEB0C0
:10E7F000942209A8CDE90411CDE9061108910BF086
:10E8000083FA2D4B22689A4201D02EB010BD4FF4EE
:10E81000005309A8099304F019F800283FD19FED8F
:10E82000226B9FED237B0A22244C2548E36C04A92C
:10E8300043F00103E364E36C8DED046B03F001032B
:10E840000193019B8DED067B089201F0DBFBE36DEC
:10E8500043F40013E365E36D03F400130293029B9A
:10E86000A36DDB0018D4A36D43F08053A365A36DA3
:10E8700003F080530393039B03F002F9A36D23F08D
:10E880008053A36500220521492000F09FF949200B
:10E8900000F0D6F92EB010BD03F0F2F8F2E7F2F76F
:10E8A00071FCBCE7AFF3008000180000020000001C
:10E8B000000000000000000000D4004000100240F2
:10E8C0000000024210B5014688B000222A2000F064
:10E8D0007DF92A2000F0B4F9154B01A91A6E03A89E
:10E8E00042F400621A661B6E124C03F4006302933A
:10E8F000029B03F0A3FE03F089FE0346002140F2D1
:10E90000E7300D4A2161A2FB0323A1609B0C0B4958
:10E91000E060013B20462160636005F0D9F810B14A
:10E92000012008B010BD204604F0E2FE08B010BD82
:10E93000001002400441032083DE1B43002C0140F1
:10E94000FEE700BFFEE700BFFEE700BFFEE700BF37
:10E95000FEE700BF704700BF014800F083BB00BF67
:10E9600040260320014800F07DBB00BFD8250320CE
:10E97000014800F097BF00BF08280320014800F0BD
:10E9800091BF00BF08280320014804F0A1BF00BFC9
:10E9900004410320014804F09BBF00BF4025032031
:10E9A000014804F095BF00BFF4240320014801F0A2
:10E9B000EDBC00BFB4270320014801F085BE00BFB5
:10E9C000B4270320014804F069BD00BFA826032036
:10E9D000014805F047B900BF20270320014802F095
:10E9E000CFB800BF80210320014800F03BBB00BF2F
:10E9F00090280320014804F037BA00BF0C270320F9
:10EA00000D49034610B50D4A0D4C0868121B20B184
:10EA10000344934207D80B6010BD0A4C20460344C0
:10EA200093420C60F7D90BF0E5F90C2203464FF046
:10EA3000FF301A6010BD00BF5041032000000420C9
:10EA400000100000F8750320034AD2F8883043F420
:10EA50007003C2F88830704700ED00E0254B25496F
:10EA60001A68120754BFD3F894301B688A6858BFDD
:10EA7000C3F3032302F00C0248BFC3F30313082AB5
:10EA800012D01D480C2A50F823300FD01B49042AFD
:10EA900008BF0B46174A1A4892681A49C2F3031274
:10EAA000825CD3400B607047174BF3E7C868CA68B5
:10EAB00000F00301C2F30312022902F1010211D096
:10EAC000032913D0B3FBF2F10A4AD368D268C3F327
:10EAD000062301FB03F3C2F3416201325200B3FB90
:10EAE000F2F3D7E70549B1FBF2F1EDE70649B1FBD7
:10EAF000F2F1E9E700100240600902080024F40086
:10EB0000A80902089401032080969800DFF834D009
:10EB1000FFF79AFF002103E00B4B5B584350043191
:10EB20000A480B4B42189A42F6D30A4A02E00023E5
:10EB300042F8043B084B9A42F9D30BF061F9F1F724
:10EB4000D1FFFEE700000420DC09020800000320DA
:10EB50000804032008040320F4750320FEE70000E6
:10EB6000042010B500F020F8FFF778FF0020FFF731
:10EB7000A9FE10B10124204610BD0446FFF74CFC4D
:10EB8000204610BD034A044B11681B780B441360E8
:10EB9000704700BF5441032098010320014B1868BF
:10EBA000704700BF544103204FF6FF0C0649030293
:10EBB000CA6803F4E06302EA0C02134343F0BF6344
:10EBC00043F40033CB60704700ED00E01A4B00B512
:10EBD000DB68C3F30223C3F1070EBEF1030F03F199
:10EBE000030C28BF4FF0030EBCF1060F1BD9A3F195
:10EBF000040C4FF0FF3303FA0CF322EA03024FF048
:10EC0000FF3303FA0EF321EA030303FA0CF3134371
:10EC10005B010028DBB209DB00F1604000F56140D8
:10EC200080F8003300BD00229446E8E7034A00F074
:10EC30000F000244137600BD00ED00E0FCEC00E0A4
:10EC4000002807DB012300F01F01034A40098B4025
:10EC500042F82030704700BF00E100E000280CDBE4
:10EC600001220649430900F01F002033824041F889
:10EC70002320BFF34F8FBFF36F8F704700E100E099
:10EC8000BFF34F8F0549064BCA6802F4E062134395
:10EC9000CB60BFF34F8F00BFFDE700BF00ED00E08A
:10ECA0000400FA05002836D038B5437F044603F047
:10ECB000FF0263B3022223796277F3B92368174A0C
:10ECC0005A619A6822F018029A6062798AB12269C0
:10ECD0001A6101219A68656922F060022A439A60EC
:10ECE0009A68A56922F080022A439A606177002021
:10ECF00038BD4FF0FF321A61EBE72046D4E902122B
:10ED000000F00EF808B92368DFE7012038BD02776C
:10ED1000FFF7A4FBCEE70120704700BFB71DC10479
:10ED2000CB071AD51E2310B401E0013B17D321FAFB
:10ED300003FC1CF0010FF8D0182A11D8DFE802F00C
:10ED400016101010101010102410101010101010A9
:10ED500021101010101010101400012070472AB15B
:10ED600001205DF8044B7047062BF9D80468002099
:10ED70006161A36823F018031343A3605DF8044B9B
:10ED80007047072BF2D9EBE70F2BEFD9E8E700BF6D
:10ED900011490368C26C8B4288BF104922F00302FC
:10EDA00094BF02F1804189184FF0010210B4DBB228
:10EDB0000B4CA3F10803A4FB03430A4CC3F3041355
:10EDC00098BF01F5023102FA03F3C0E91414836518
:10EDD0005DF8044B704700BF070402402008024062
:10EDE000CDCCCCCC8008024000285ED00268304BED
:10EDF00070B59A42044646D92E4B2F491344A1FBC5
:10EE000003132E481B099B000221C4E91203D4E915
:10EE1000025320692B430343606984F825100343A0
:10EE2000A06911680343E0696FF310110343206A7E
:10EE300003430B4320461360FFF7AAFFD4E9146194
:10EE4000B5F5804FA06D27D06368DAB2013B032B84
:10EE50003260486024D801210020194B194D134419
:10EE6000013A01FA02F218499B00E36562662566E1
:10EE700018604A6400230122636484F8243084F813
:10EE80002520184670BD114B0B491344A1FB0313F9
:10EE90001B090F489B00B7E700236360336048609D
:10EEA0000023C4E917336366E4E70120704700BF1D
:10EEB00007040240F8FBFDBFCDCCCCCC00040240DF
:10EEC0003F8200104009024000090240F8FFFDBFE8
:10EED00000000240F0B590F82440012C0AD04FF019
:10EEE000010C90F8254080F824C0644504D000232C
:10EEF00080F824300220F0BD0026D0E9157C4FF0C8
:10EF0000020E046880F825E046642668C56D26F088
:10EF100001062660C7F804C015B1D0E9186777600C
:10EF20000126C76C07F01C0C876C06FA0CF67E6095
:10EF300063608368102B036B0BBFA260A160E1606C
:10EF4000E260B3B1236843F00E032360036D1A68D7
:10EF5000D20303D51A6842F480721A601DB12B687F
:10EF600043F480732B602368002043F00103236087
:10EF7000F0BD236823F004032360236843F00A03F1
:10EF80002360E3E790F825200346022A06D00422F6
:10EF90005A640022012083F824207047026870B46C
:10EFA000046D1068D96C20F00E00106020689E6C13
:10EFB00020F480702060106801F01C0120F0010036
:10EFC00010600122D3E91545D86D8A4072606560F2
:10EFD00030B1D3E91814026822F4807202604C60E8
:10EFE000012283F82520002283F82420002070BC11
:10EFF000704700BF90F825200346022A03D0042260
:10F0000001205A647047026870B5046D1068D96CAD
:10F0100020F00E00106010689E6C20F0010010605F
:10F020002268D86D22F4807222600122D3E915454E
:10F0300001F01C018A407260656030B1D3E9181498
:10F04000026822F4807202604C60012000211A6C78
:10F0500083F8250083F824100AB118469047002051
:10F0600070BD00BF0421F0B4C26C866C02F01C02BB
:10F0700035680468914029420346276812D017F08A
:10F08000040F0FD02268170439D42268950603D4E0
:10F09000226822F0040222601A6B716092B1F0BC07
:10F0A000184610470221914029420DD0B8070BD5D0
:10F0B000226812F4004F226829D0D4033CD45A6B42
:10F0C000002AECD1F0BC7047082191402942F9D0C8
:10F0D0003907F7D52168002021F00E0121600121B8
:10F0E000DC6B01FA02F27260596483F8240083F841
:10F0F0002510002CE6D018462346F0BC1847716056
:10F100002268D60314D4036B002BF6D1DAE79006FD
:10F1100006D4226822F00A022260012283F8252008
:10F120000020DA6A716083F82400002AB7D1C9E7A9
:10F13000836B002BE1D1C5E7DA6A002AAFD1C1E7C2
:10F1400090F82500704700BF60B10368C8061A68D0
:10F1500005D5C9024CBF42F4801222F4801200206F
:10F160001A60704701207047002800F0D78038B53A
:10F1700090F85C30044603F0FF02002B70D0226848
:10F18000936923F010039361FFF708FD054604E03F
:10F19000FFF704FD401B0A2859D823689A69110714
:10F1A000F6D49A6942F001029A61FFF7F7FC05462E
:10F1B00004E0FFF7F3FC401B0A2848D823689A694B
:10F1C000D207F6D59A696068574942F002029A61FF
:10F1D0000860227C012A9A690CBF22F0400242F0AA
:10F1E00040029A61627C012A9A690CBF42F4804213
:10F1F00022F480429A61A27C012A9A690CBF22F40F
:10F20000805242F480529A619A69A06822F4407256
:10F2100002439A619A69E16822F0A4029A611A692C
:10F22000012922F010021A611FD011B302299A6934
:10F2300076D042F080029A611A69032942F01002E6
:10F240001A6116D19A6942F020029A6111E00322F4
:10F25000236E012043F00103236684F85C2038BD4F
:10F2600080F85D20FFF710F989E79A6942F00402FF
:10F270009A61D4E90612013A0139120242EA416266
:10F28000216AB0F5407F01F1FF3142EA0102616974
:10F2900001F1FF3142EA0142DA610ED1D4E90B02F9
:10F2A000A16A013A01381201013942EA00220A43F7
:10F2B000616A013942EA0142DA60D3F8C020E06BAA
:10F2C000616B0243C3F8C020D3F88020174822F4B2
:10F2D000F81242EA01422064C3F88020D3F880206B
:10F2E000A16B134D22F0706242EA01626564C3F8BB
:10F2F0008020104B10494035C4E91253F033C4E963
:10F3000014134FF4547200210AF0FEFC0023012272
:10F31000236684F85C201846A36538BD0120704739
:10F3200042F020029A61A4E700A5004000AC004032
:10F3300070AC004088AD004060AE004090F85C20AA
:10F340000346013A012A05D91A6E012042F0020251
:10F350001A6670478A6870B4D1E903544869920705
:10F36000D1E9006156B942EAC56202431B6C42EA28
:10F370000442002070BC43F8212070475B6C44EAD3
:10F38000457443F83140104303EBC103586070BC2F
:10F3900000207047844690F85C00012807D0DCF814
:10F3A0006030012043F00403CCF86030704710B4A3
:10F3B0000198DCF8004040EA4303D4F8800043EAB7
:10F3C000820242EA011120F03F030B430020C4F8FF
:10F3D00080305DF8044B704790F85C200346012AAA
:10F3E00005D01A6E012042F004021A6670470268C6
:10F3F0000020936923F400439361704790F85C20E8
:10F400000346012A05D01A6E012042F004021A6652
:10F41000704702680020936943F40043936170478A
:10F4200090F85C200346012A05D01A6E012042F0B4
:10F4300004021A6670470222002110B4046880F8A2
:10F440005C20A269084622F00102A2615DF8044B2B
:10F450001966704790F85C300146022B17D102689C
:10F46000936943F0010393619369DB0758BF0B2352
:10F4700013D49069C00710D4013BFAD103220B6E5C
:10F48000012043F001030B6681F85C207047036E96
:10F4900043F00803036601207047936923F01003CB
:10F4A000936193691B0748BF0B2305D5906900073B
:10F4B00002D5013BFAD1E1E74FF0010C10B4002472
:10F4C0009369204643F00203936181F85CC08C6528
:10F4D0005DF8044B704700BF88B110B50446FFF7D4
:10F4E000B9FF22682046D36D23F00303D365FFF7ED
:10F4F0002DF80023236684F85C30184610BD0120E7
:10F50000704700BFF0B590F85C308646022B0BD1F7
:10F510000568D5F8C43013F4001C0BD0036E43F417
:10F52000007303660120F0BD036E43F00803036619
:10F530000120F0BDD5F8C4604B680C6988680F687D
:10F54000C6F30146002B37D1044344EA8744D1E98E
:10F5500006030343486906EBC6070343086A43EA08
:10F560000063C86843EA0043DEF8540040F83740BF
:10F5700000EBC7004360134CCB68E35CA3B1937806
:10F58000D7781B0443EA0763177804323B4312F829
:10F59000037C43EA07230CEB0007BB60CB680CF14C
:10F5A000040CE35C9C45EAD30123B340C5F8CC309E
:10F5B0000020CEF85830F0BD3C43044344F0804472
:10F5C000C5E700BFB80902082DE9F04190F85C409A
:10F5D000022C64D1402905686DD0D5F898402707E2
:10F5E00064D0D5F89870D5F89840C7F30128E601A3
:10F5F00007D5D5F88040E40544BF08F1010707F0BE
:10F600000308C46C08EBC80604EBC604266806F0C1
:10F6100080465660D4F800C0002E66D1CCF38A46EE
:10F620001660266806F000569660266806F00046CA
:10F630001661A688D661B4F806C00CF00F0CC2F8AB
:10F640000CC0666806F480165661666806F40016FB
:10F650009661E67906F07F061662274E676816F80F
:10F660000CE04FEAD77CC2F824C0BEF1000F10D0E6
:10F67000013B04F1070EF4461EF8015FACF1060CE5
:10F6800003F8015FD568ACEB040C755D6545F2D8F5
:10F69000056840292CD0C5F89C80002004E0036E4A
:10F6A00043F0080303660120BDE8F081036E43F4D4
:10F6B00080730366F7E7D5F890402707F6D0D5F8B2
:10F6C0009070D5F89040C7F30128E60107D5D5F82A
:10F6D0008040A40544BF08F1010707F00308846CCB
:10F6E00008EBC80604EBC60490E72CF0604697E7E9
:10F6F000C5F89480D1E700BFB809020803461B682B
:10F7000030B45B6C002003F00704C3F30222C1E9AC
:10F710000042C3F34014C3F38012C1E90342C3F3B0
:10F72000C014C3F3C022C1E90542C3F30034C3F3DC
:10F73000403203F01805C1E90742C3F38032C3F336
:10F7400006438D60C1E9092330BC7047034630B4DD
:10F750001B6800201B6CDCB2C3F3C035C3F3062268
:10F76000C3F30743C1E900428D60CB6030BC7047F2
:10F77000036840290CBFD3F89000D3F8980000F03C
:10F780000F0070470368D3F8C40000F0070070470B
:10F79000034690F85C000138012805D91A6E012053
:10F7A00042F002021A6670471B6870B411F0070538
:10F7B000986D01F0380420D0C6071ED4DD6D45F0E9
:10F7C0000105DD650CB384071FD5D86D40F002003C
:10F7D000D8650C0604D5D3F8DC001043C3F8DC0070
:10F7E000C80504D5D3F8E0000243C3F8E0205A6D01
:10F7F000002070BC0A435A65704704B386071ED4C4
:10F80000DE6D46F00106DE6525BB11F4E07F01D018
:10F810004607DAD411F4F05F01D00507D5D411F40E
:10F82000604F01D0C406D0D411F4403F01D0860609
:10F83000CBD411F47C0FCCD04506C6D4C9E711F463
:10F84000E07F0AD0460708D4DE6D46F00106DE658B
:10F85000002DB7D0C507B5D5B7E711F4F05F01D0DB
:10F860000607F1D511F4604F01D0C606ECD511F4AE
:10F87000403F01D08606E7D511F47C0FE8D046065C
:10F88000E2D5002D9ED0E5E7704700BF704700BF6E
:10F89000704700BF704700BF704700BF704700BF90
:10F8A000704700BF2DE9F84F036804461A6D596D83
:10F8B00002EA010A1A6D596D0AF4E05A02EA0109D6
:10F8C0001A6D596D1E6D02EA01085A6D1F6D1640C2
:10F8D0005A6DD3F854B01D6D1740690609F0070939
:10F8E00008F0380806F4710607F4602702D51BF00B
:10F8F000400F73D1EA0502D51BF4807F5DD1BAF1C8
:10F90000000F4AD1B9F1000F35D1B8F1000F3CD149
:10F91000AB0502D51BF4007F75D1280602D51BF07C
:10F92000800F78D1A90402D51BF4005F5BD12A04B3
:10F9300002D51BF4004F5ED16B040AD51BF4804F37
:10F9400007D04FF4804223681A65236E43F080038A
:10F9500023664FB926B123681E65236E33432366A1
:10F96000236E2BBBBDE8F88F2368394620461F6500
:10F97000F4F70CFBEEE7236849462046C3F85090A5
:10F98000F4F752FAB8F1000FC2D02368414620467E
:10F99000C3F85080FFF77AFFBAE723685146204644
:10F9A000C3F850A0FFF770FFB9F1000FADD0E2E748
:10F9B0002046F4F7CFFABDE8F88F4FF48072236841
:10F9C0002046D3F8D8C0D3F8E0101A650CEA01013C
:10F9D000FFF760FFBAF1000F94D0DEE740221A650E
:10F9E000FFF75EFF86E74FF40052236820461A6552
:10F9F000FFF752FF9BE74FF40042236820461A6549
:10FA0000FFF74CFF98E74FF40072236820461A6511
:10FA1000FFF73EFF81E7802223682046D3F8D4C059
:10FA2000D3F8DC101A650CEA0101F4F777FA79E7EC
:10FA3000006E7047064B9A6A002A01DB002070476F
:10FA40000449054A99609A60986AC00F704700BFE0
:10FA50000020024023016745AB89EFCD044B9A6A31
:10FA600042F000429A62986AC043C00F704700BFDC
:10FA700000200240064B986A10F0804006D00549ED
:10FA8000054A19611A61986AC0F38070704700BF17
:10FA9000002002403B2A19087F6E5D4C054B9A6A94
:10FAA00042F080429A62986A80F08040C0F3807091
:10FAB000704700BF00200240034A0120936A43F0D0
:10FAC00000639362704700BF0020024070B5164C7F
:10FAD0000546FFF763F8236ADE0306D56A1C18BFE4
:10FAE000064612D1236AD803FCD442F2FA010E4A28
:10FAF000136A0B4010D1136A0020DB0744BF0123B7
:10FB0000136270BD236AD903EFD5FFF747F8801B56
:10FB1000A842F7D3032070BD044C01206168136232
:10FB20001943616070BD00BF00200240A0010320A6
:10FB30002DE9F0411A4C94F800C0BCF1010F2CD013
:10FB4000984601232370002307464FF47A700D4630
:10FB500016466360FFF7BAFF18B100232370BDE8B3
:10FB6000F081A760EFF3108272B60E4FBB6A43F0CC
:10FB70000103BB622E60BFF36F8FC5F8048082F370
:10FB800010884FF47A70FFF7A1FFA268BB6A22F0D9
:10FB9000004223EA0203BB62DFE70220BDE8F081F6
:10FBA000A0010320002002400E4B1A6C510212D516
:10FBB000C20703D59A6A42F004029A62830704D509
:10FBC000084A936A43F400439362064A936A43F4F3
:10FBD0008033936270479A6A42F4004242F0040212
:10FBE0009A62F2E70020024070B58E4D2B78012B0F
:10FBF00020D00122002304464FF47A702A706B60F3
:10FC0000FFF764FF98B92068C10700F1C48082073C
:10FC100012D4430719D4030700F1AF80824A4FF48E
:10FC20007A70936A43F400339362FFF74FFF002327
:10FC30002B7070BD022070BD7B4A2169136C23F0CC
:10FC4000FF030B4313644307E5D5D4E9052612F0FF
:10FC5000010316BF4FF4E061194606EA010312F0F2
:10FC6000020F05D006F4805C41F4805143EA0C0396
:10FC700012F0040F05D006F4005C41F4005143EA91
:10FC80000C0312F0080F05D006F4804C41F48041BB
:10FC900043EA0C0312F0100F05D006F4803C41F447
:10FCA000803143EA0C0312F0200F05D006F4003C2B
:10FCB00041F4003143EA0C0312F0400F05D006F482
:10FCC000802C41F4802143EA0C0312F0800F05D010
:10FCD00006F4002C41F4002143EA0C0312F4807F67
:10FCE00005D006F4801C41F4801143EA0C0312F4A1
:10FCF000007F05D006F4001C41F4001143EA0C0318
:10FD000012F4006F05D006F0807C41F0807143EA68
:10FD10000C0312F4805F05D006F0007C41F0007106
:10FD200043EA0C0312F4005F05D006F0806C41F04A
:10FD3000806143EA0C0312F4804F05D006F0006C9A
:10FD400041F0006143EA0C0312F4004F05D006F0C5
:10FD5000805C41F0805143EA0C03D20304D506F0E5
:10FD60000046334341F000412F4E326C22EA01023B
:10FD70001343336403077FF551AFD4E90732012BF6
:10FD800048D0022B7FF44AAF27498B6C03F07F03E6
:10FD900013438B6442E76368D4E90212013B072BEB
:10FDA0003FF635AF01A656F823F000BF03FE00086A
:10FDB000F1FD00080FFC0008DFFD00080FFC000843
:10FDC0000FFC00080FFC0008CDFD0008164EF36E76
:10FDD00023F07F130B4343EA0243F36617E7124E07
:10FDE000B36E23F07F130B4343EA0243B3660EE77F
:10FDF0000D4EF36D23F07F130B4343EA0243F3658B
:10FE000005E7094EB36D23F07F130B4343EA02432A
:10FE1000B365FCE604494B6C03F07F0313434B646A
:10FE2000FCE600BFA0010320002002400622436838
:10FE30000260082B04D84FF48B72DA40D20717D433
:10FE4000334B1B6CDBB2AA2B05D0552B03D0CC2B2C
:10FE50000CBFCC23BB232E49C26903610B6C02F19A
:10FE6000FF3C23F0FF03BCF1010F836118D97047F9
:10FE70000722013B0260072BE2D801A252F823F0CF
:10FE8000F3FE0008DFFE000841FE0008CBFE00087C
:10FE900041FE000841FE000841FE0008B7FE0008D0
:10FEA0000368012A43F0080303602CD08B6C23F015
:10FEB0007F0303627047164AD36E03F07F038360AB
:10FEC000D36EC3F30643C360BAE7114A936E03F0DF
:10FED0007F038360936EC3F30643C360B0E70C4AAD
:10FEE000D36D03F07F038360D36DC3F30643C36018
:10FEF000A6E7074A936D03F07F038360936DC3F316
:10FF00000643C3609CE74B6C23F07F03036270479A
:10FF1000002002400F4B1A6C12F4800F9A6A01D035
:10FF2000C90712D522F400629A620A4A936A23F43E
:10FF30007E7323F0020343EAC00343F0020393629B
:10FF4000936A43F480339362704742F400629A628A
:10FF5000EBE700BF002002402DE9F041274E337847
:10FF6000012B3DD00122002304464FF47A708846CD
:10FF700032707360FFF7AAFD074660BB48F20402C7
:10FF80002368B36023F0004393422DD04FF0FF333A
:10FF9000C8F80030D4E902532B449D4206D312E046
:10FFA0000135D4E902321344AB420CD928466168CA
:10FFB000FFF7B0FF4FF47A70FFF788FD0028EFD00D
:10FFC0000746C8F800500E49B2688B6A22F000421A
:10FFD00023EA02038B62002333703846BDE8F081C8
:10FFE00002273846BDE8F0816068FFF7DDFD4FF479
:10FFF0007A70FFF76BFD0746E5E700BFA00103201D
:020000040801F1
:10000000002002402DE9F04F0C6883B0002C00F076
:10001000908000238946774F012202FA03F515EA02
:10002000040800F081800326D9F8041003FA02F2D4
:1000300001F0030E0EF1FF3A06FA02FCBAF1010FCD
:100040006FEA0C0CD9F8086076D9BEF1030F01D124
:10005000012E05D0C568964005EA0C052E43C66002
:1000600005680EFA02F205EA0C052A4311F4403F36
:10007000026059D04FF00F0C23F0030202F18042CE
:1000800002F53D3203F00306156EF6000CFA06FC8D
:1000900025EA0C0E584DA84222D005F58065A842ED
:1000A00000F08C80554DA84200F08F80DFF850C1E1
:1000B00060457CD0DFF84CC1604500F08D80DFF8F2
:1000C00048C1604500F08F80DFF840C160450CBF3B
:1000D0004FF0060C4FF0070C0CFA06F64EEA060E2F
:1000E0006FEA0805C2F860E03A68CE0254BF2A40C1
:1000F00048EA02023A607A688E0254BF2A4048EA0F
:1001000002027A60D7F884208E0354BF2A4048EA5E
:100110000202C7F88420D7F88020C90354BF2A40C0
:1001200048EA0202C7F88020013334FA03F27FF470
:1001300073AF03B0BDE8F08F9640D0F808B00196D9
:10014000D9F80C600BEA0C0B06FA02FA4AEA0B0A21
:10015000C0F808A0D0F804A0019E2AEA050AC1F35D
:1001600000159D4045EA0A054560C568BEF1020FCD
:1001700005EA0C0546EA0506C6607FF471AFD9F8BA
:10018000105003F00706B600B54001950F254FEA61
:10019000D30A00EB8A0ADAF820B005FA06F6019DC8
:1001A0002BEA060B45EA0B05CAF8205058E74FF03A
:1001B000030C0CFA06F64EEA060E91E74FF0010C1E
:1001C0000CFA06F64EEA060E8AE74FF0020C0CFA1D
:1001D00006F64EEA060E83E74FF0040C0CFA06F61C
:1001E0004EEA060E7CE74FF0050C0CFA06F64EEAD6
:1001F000060E75E700F402400000024200080242C9
:10020000000C024200100242001402420018024296
:10021000002900F095802DE9F04F00234FF00F09E1
:100220004FF0030A474E01229A4012EA010E69D0AC
:1002300023F0030505F18045434F05F53D3503F0F7
:100240000304D5F860C0E40009FA04F8B84208EAEB
:100250000C0C1BD007F58067B84259D03B4FB84211
:100260005AD03B4FB84261D03A4FB84263D0DFF822
:10027000E8B0584555D0DFF8E4B058450CBF4FF012
:10028000060B4FF0070B0BFA04F400E00024A44522
:1002900017D1D6F8804024EA0E04C6F88040D6F87C
:1002A000844024EA0E04C6F88440746824EA0E04EC
:1002B0007460346824EA0E0434602C6E24EA080466
:1002C0002C6604685D000AFA05F52C434FEAD30C4E
:1002D000046000EB8C0C03F00704DCF820E0A400C1
:1002E00009FA04F42EEA0404CCF82040846824EAD5
:1002F00005048460446824EA02024260C26822EA7B
:100300000502C260013331FA03F28CD1BDE8F08FEF
:10031000012707FA04F4BAE74FF0020B0BFA04F4D2
:10032000B5E74FF0050B0BFA04F4B0E74FF0030B01
:100330000BFA04F4ABE74FF0040B0BFA04F4A6E756
:10034000704700BF00F40240000002420008024271
:10035000000C024200100242001402420018024245
:1003600003691940081E18BF012070470AB1816156
:1003700070478162704700BF436901EA030221EAC6
:10038000030141EA02418161704700BF0268436B8B
:100390009169126803B11847704700BF704700BFEA
:1003A000704700BF0022016810B50B6880F842203A
:1003B0005A040CD50B6823F480430B6090F841304D
:1003C000292B0ED090F841302A2B24D010BD1B04CD
:1003D000F4D50B6823F400430B6090F84130292BCF
:1003E000F0D14FF0280C212380F841C0036390F82E
:1003F0004130002203EA0C03634514BF6FF0F20C96
:100400006FF0420C0B6803EA0C030B6080F840208D
:10041000FFF7C4FF10BD2824222380F84140036366
:1004200090F8413000222340A34214BF6FF0F40340
:100430006FF044030C6823400B6080F84020FFF706
:10044000AFFF10BD704700BF70B50468C368A169F5
:10045000A269022B4FEA1242A5688446E668C1F3FE
:10046000004102F0FE020FD182EAD51313F0060319
:10047000C5F3090206D1856C01358564856C022DB2
:100480000CD070BD06F0FE020025236823F0B803EF
:1004900023608CF84050FFF7D5FF70BD08258364BA
:1004A000E56180F84030FFF7CDFF70BD704700BFB9
:1004B0000023202210B5174C4363C462036380F805
:1004C000412080F842304B0712D50268436A526AD5
:1004D0001A70436A028D013343624AB1438D013A77
:1004E000013B9BB24385436C028543F004034364A4
:1004F00010240021036890F8412090F841201A68E8
:1005000022F0FE021A60DC6180F84010FFF7CEFF97
:1005100010BD00BF0000FFFF704700BF704700BF65
:10052000806A08B5836B0BB100221A64C36B0BB1F0
:1005300000221A6490F84130602B4FF0000305D080
:10054000036380F84030FFF7E7FF08BD202280F802
:10055000403080F841200363FFF7E0FF08BD00BF93
:1005600070B50025554B90F8412080F84250C36289
:100570004585436C283A0B43022A436404460368CA
:1005800033D890F8411090F8412001F02801282933
:1005900008BF462102F0280218BFF621282A0CBF06
:1005A000C9436FF0F60128201A680A4044491A60CE
:1005B00084F84100A06B226B616318B1112A3ED010
:1005C000212A3CD0E06B18B1122A4ED0222A4CD0FE
:1005D00094F84130602B4FF0000365D02046236330
:1005E00084F84030FFF798FF70BD90F8412090F8F4
:1005F00041201A6822F0FE021A609A69920748BFE9
:100600009D629A69D60703D49A6942F001029A6101
:1006100094F84120602A10D0202284F841209A6961
:1006200095060AD59A69D00605D51022DA61626C62
:1006300042F0040262642022DA610021BAE71A68FB
:1006400051042CD4FEF77CFD0128C1D00023A06BFF
:100650001C4A026484F84030FEF7CCFC0028C3D06A
:10066000A06BBDE87040036C18471A68120403D5EC
:100670001A6822F400421A60FEF762FD0128A7D032
:100680000023E06B0F4A026484F84030FEF7B2FCAE
:100690000028A9D0E06BBDE87040036C18471A68C9
:1006A00022F480421A60CDE72022204684F84120BF
:1006B00084F840302363FFF731FF70BD0000FFFF77
:1006C0002909010821050108036810B49A6919680D
:1006D00012F4807F02F4806408D0090626D4416CAD
:1006E00011F00B0F19D15DF8044B7047CCB109061E
:1006F000F5D54FF48064416C920541F008014164E6
:10070000DC61ECD54FF40071426C42F002024264AD
:10071000D961416C11F00B0FE5D05DF8044BFFF788
:100720001FBF9405DBD50A06ECD4D8E7416C41F035
:10073000010141644FF48071D961002CD9D1940535
:10074000CDD5DFE770B50446202603680D4619684D
:10075000C06A94F84120DE61213A092A0ED8DFE808
:1007600002F077050D0D0D0D0DAA7705222694F8E0
:1007700041201A6822F0FC021A6026635A68684E0B
:1007800042F400425A605A6832405A609A699207AD
:1007900044BF00229A629A69D60703D49A6942F04C
:1007A00001029A614A043BD51A6822F480421A6019
:1007B000A26B1AB11268526892B262856A070AD5B2
:1007C0005A6A636A25F004051A70636A013363622A
:1007D000238D002B68D1638D9BB21BB1636C43F0FA
:1007E00004036364EB0601D5CE063AD4002384F8F3
:1007F0004230666C6363002E68D1E36A494DAB42B8
:1008000018D194F841302046222B4FF0200384F871
:10081000406084F84130266376D0FFF7BFFD70BD9D
:100820000E04CBD51A6822F400421A60E26B002A4B
:10083000C0D1C3E72046FFF7B5FD2023E56220467F
:1008400084F8413084F840602663FFF72FFE70BDC6
:10085000212694F841201A6822F0FA021A602663D1
:100860008CE7638D9BB2002B3ED194F84130282B4E
:100870004DD094F841202368292A4FF01002DA6104
:10088000B4D110F5803FB1D09A69910744BF0022DE
:100890009A629A69D20703D49A6942F001029A6176
:1008A0002046FFF77FFDA1E7013B2385638D013BD8
:1008B0009BB263858FE7002694F8412094F841208D
:1008C0001A6822F0FE021A60266357E72046616C20
:1008D000FFF746FE94F84130282BA0D12946204648
:1008E000BDE87040FFF7E4BD10222368DA61636C55
:1008F00043F00403636430F080737FF477AF2046E5
:10090000616CFFF72DFE71E7FFF74AFD70BDB0F196
:10091000007FAED129462046FFF7CAFD66E700BF3B
:1009200000E800FE0000FFFF38B590F840C0C56A3F
:10093000BCF1010F70D04FF0010C11F0200F0446F4
:100940000B4680F840C002D012F0200F53D1D806D9
:1009500017D5D10615D5628D92B2002A5ED194F8D2
:100960004120282A00F0818094F841202368292A18
:100970004FF01002DA6164D00023184684F840304A
:1009800038BD590719D4190701D510073AD499076A
:10099000F2D59307F0D5638D9BB2002B4DD0616AE1
:1009A000236811F8010B228D9862638D013A013B97
:1009B0009BB2616263852285DEE75007E3D5638DD4
:1009C0009BB26BB12268636A526A1A70638D616A66
:1009D000228D013B0131013A9BB261622285638520
:1009E000638D9BB2002BC7D115F5803FC4D0204644
:1009F000FFF7D8FCC0E7FFF7A5FE0023184684F8F0
:100A00004030BDE794F8413003F02803282B28D06C
:100A100008222368DA61AFE7022038BD102223687C
:100A2000DA61636C43F00403636435F08073A3D12F
:100A30002046616CFFF794FD9EE735F080739BD1F3
:100A4000D5E715F5803F97D09A69950744BF0022F6
:100A50009A629A69D007CAD49A6942F001029A61EF
:100A6000C5E72046FFF7F0FC86E7B5F1007F7FF48D
:100A70007BAF19462046FFF71BFD7DE708490B6851
:100A800013F001030AD1024610B40C68184624F092
:100A9000040313435DF8044B0B607047012070475B
:100AA00000040340034A0020136843F0010313606D
:100AB000704700BF00040340002844D070B590F890
:100AC0009132064603F0FF02C3B30323306886F871
:100AD000913203F097FA3579FDB100213346324661
:100AE00001200C4611740131A942C2E90844507436
:100AF000D47442F8284FF5D100210A4683F85011EA
:100B00000131A942C3E9582283F8512183F85321C6
:100B1000C3F8682103F12803F0D1334653F8040BDE
:100B200093E8060003F078FA01220021B37A3173CA
:100B3000934286F8912208D0002070BD80F8902260
:100B4000FDF752FEC1E701207047304600F03EFF3E
:100B5000002070BD90F89032012B0FD010B501230A
:100B60000446006884F8903203F042FA206803F0EB
:100B7000B1FF002384F89032184610BD0220704760
:100B80002DE9F84F0546006803F0B0FF10F400446B
:100B90002BD1430500F17C8247041BD410F4005193
:100BA00040F09382C60400F1BD81040500F19284F7
:100BB000010600F16484820500F1CE84C30512D5DC
:100BC0002A68B2F8443023F480731B041B0CA2F88B
:100BD000443008E02A68B2F8443023F480431B0410
:100BE0001B0CA2F84430BDE8F88F2868B0F84430F8
:100BF0001904F8D5B0F84440A1B214F00F0436D16E
:100C000011F0100100F0E180018811F400648BB252
:100C100000F0AA8095F85021B0F8503000EBC202E5
:100C200012FA83F3B3F80634C3F30903082BC5F8AB
:100C30006C3140F06B84B5F8562105F5267103F050
:100C400069FF40F68F732A68284611880B4043F0ED
:100C50008003138008F046FE2868B0F84430190479
:100C6000C1D5B0F84440A1B214F00F04C8D030F898
:100C70002430A7001FFA83F81B0439D418F0800F22
:100C8000B4D030F824309BB223F4E14323F0700356
:100C900043F4004320F824303B1905EBC302D17C18
:100CA000DB00012900F0EB80117C18F48079D2F888
:100CB00028E04FEAC10C40F05881B0F850401CFACF
:100CC00084F40444B4F80244C4F30904744580F085
:100CD0000381AEEB040110339162E918536A234497
:100CE0005362D36A2344D36203F0C6FC28687DE7CD
:100CF00040F68F7330F824203919134043F08003F5
:100D000020F8243005EBC10191F85C3191F85021B5
:100D1000002B40F08580B0F85030D20012FA83F3F7
:100D20000344B3F80694C9F30909B9F1000F40F080
:100D3000E481391905EBC103D3F86C21C9004A4499
:100D4000C3F86C21D3F8682122B1D3F860214A4559
:100D500040F2C6813B1905EBC303284693F85011B6
:100D600008F0D2FD286889E71A047FF53FAF40F606
:100D70008F730288134043F08003038095F850215D
:100D8000B0F8503000EBC20212FA83F3B3F8063425
:100D9000C3F30903C5F86C31002B00F0B480D5F81B
:100DA000641100293FF422AFB5F8562103F0B2FEDA
:100DB000D5F86431D5F86C21284613442146C5F88E
:100DC000643108F0A1FD286810E703889BB223F482
:100DD000E14323F0700343F4004303802A7CB0F81E
:100DE000503000EBC20212FA83F3B3F802346A6A9D
:100DF000C3F309031A442846EB626A6208F08EFDC9
:100E00002B7B2868002B3FF4F1AEAB6A002B7FF4FC
:100E1000EDAE2A7B42F08002A0F84C202B73E5E671
:100E200091F85331022B00F0508230F822309BB2FF
:100E300023F4E04323F0700343F4004343F0C00382
:100E400020F8223091F8503130F82320DB0012F4E2
:100E5000804FB0F8502013FA82F3034443D0B3F824
:100E60000294C9F30909B9F1000F3FF462AFB1F878
:100E700058214B46D1F8641103F04CFE59E700218C
:100E8000631C03EB830345F83310137FDBB118F0C9
:100E90004008537C00F00A82002B40F05F82117CF6
:100EA000B0F8503000F2024010FA83F333F83120EA
:100EB000C2F3090223F8312033F8312092B242F410
:100EC000004223F83120274405EBC7072846397C28
:100ED00008F024FD286889E62846C2F8289008F022
:100EE0001DFD286882E6B3F80694C9F30909B9F133
:100EF000000F3FF41EAFB1F85A214B46D1F86411F0
:100F000003F008FE15E7038823F4804323F0700301
:100F10001B041B0C83F4405343F4004343F0800351
:100F2000038063E62A68B2F8403023F004031B0410
:100F30001B0CA2F84030B2F8403023F008031B0429
:100F40001B0CA2F8403095F8C832012B00F0128338
:100F5000284608F013FD2A68B2F8443023F4805381
:100F60001B041B0CA2F844303DE608F4804918F03D
:100F70004008B0F8503000F0C88000F2024818FA7B
:100F800083F333F83130C3F3090373454AD34FF089
:100F9000000C537CC2F828C0002B40F0F882B0F857
:100FA000503018FA83F333F83120C2F3090223F8E2
:100FB000312033F8312092B242F4004223F831203C
:100FC000B0F8503000F2064212FA83F333F83120C1
:100FD000C2F3090223F8312033F8312092B242F4EF
:100FE000004223F831203B1905EBC303DB7C022BC5
:100FF0000FD130F8213023F4E04323F040031B04E9
:101000001B0C83F0200343F4004343F0800320F8DB
:101010002130284608F082FC2868B9F1000F3FF41F
:10102000E5ADCBE0AEEB030EC2F828E0B9F1000F5E
:101030000FD030F821E02EF4E04E2EF0700E4FEA83
:101040000E4E4FEA1E4E4EF4404E4EF0800E20F8EB
:1010500021E007EB040E05EBCE0E9EF83490B9F1BB
:10106000010F00F0CB81274405EBC7073A7C30F82D
:10107000223023F4E04323F040031B041B0C83F0D5
:10108000300343F4004343F0800320F82230ADE501
:101090002A682846B2F8443023F480631B041B0CF2
:1010A000A2F8443008F048FC95F89032012B3FF448
:1010B0009AAD0123214628682C7385F8903203F0FD
:1010C00003FD85F89042BDE8F88F2A68B2F84430F5
:1010D00023F400531B041B0CA2F84430BDE8F88F26
:1010E000D3F8642101F5A8714A4428682944C3F85B
:1010F000642103F0C1FA2868C0E5B1F856214B46D7
:10110000D1F8641103F006FD13E600F2064A1AFA5C
:1011100083F333F83130C3F30903734561D9C2F85F
:1011200028803B1905EBC3035B7C002B40F0418218
:10113000B0F8502000F2024313FA82F232F8313054
:10114000C3F3090322F8313032F831306FEA4343F8
:101150006FEA53439BB222F83130B0F850201AFAAC
:1011600082F232F83130C3F3090322F8313032F819
:1011700031306FEA43436FEA53439BB222F8313078
:101180003B1905EBC303DB7C022B0FD130F8213078
:1011900023F4E04323F040031B041B0C83F02003E3
:1011A00043F4004343F0800320F82130284608F040
:1011B000B5FB2868B9F1000F7FF418AD3B1905EBBA
:1011C000C3031A7C30F8223023F4E04323F0700389
:1011D0001B041B0C43F4404343F0800320F82230EF
:1011E00004E5AEEB030EC2F828E0BEF1000F98D084
:1011F000B9F1000F0FD130F821E02EF4E04E2EF0BF
:10120000700E4FEA0E4E4FEA1E4E4EF4404E4EF018
:10121000800E20F821E007EB040E05EBCE0E9EF8C1
:101220003480B8F1010F7FF41EAFDEF8246006EBC6
:101230000308CEF82480D66A06EB0309C2F82C9086
:10124000DEF83090DEF820209145C0F0D081A9EB87
:101250000203CEF8303093B207EB040E05EBCE0E4E
:101260009EF811B0BBF1000F40F0B681B0F850E02D
:101270001AFA8EFE3EF83190F444C9F309092EF8AB
:101280003190002A40F0E4813EF831206FEA42427A
:101290006FEA524292B22EF831203A1905EBC2029F
:1012A0004146528B03F026FC2868DCE6002B62D016
:1012B000012B7FF408AEB0F85030127C00F20640EB
:1012C00010FA83F323F83280FDE5B0F850C04FEAFE
:1012D000C20919FA8CFC18F4804ED1F868318444A4
:1012E0004FD0BCF802C4CCF3090C9C45E14600F297
:1012F0004781A3EB0C03C1F868317BB930F82210A9
:1013000021F4804121F070010904090C81F400519D
:1013100041F4004141F0800120F8221018F0400F04
:101320000DD030F8223023F4E04323F070031B0487
:101330001B0C43F4004343F0C00320F82230BCF1FF
:10134000000F3FF4F6AC391905EBC101B1F8582193
:101350006346D1F8641103F0DDFBEAE4012B7FF46E
:10136000B2ADB0F85030127C00F2024010FA83F3B4
:1013700023F83210A7E5B0F85030117C00F2064097
:1013800092E5BCF806C4CCF3090C9C45E14600F29A
:10139000FB80A3EB0C03C1F868317BB930F8221055
:1013A00021F4804121F070010904090C81F40051FD
:1013B00041F4004141F0800120F8221018F0400F64
:1013C0000DD130F8223023F4E04323F070031B04E6
:1013D0001B0C43F4004343F0C00320F82230BCF15F
:1013E000000F3FF4A6AC391905EBC101B1F85A2141
:1013F0006346D1F8641103F08DFB9AE4DEF82460B3
:1014000006EB0309CEF82490D66A06EB030AC2F86D
:101410002CA0DEF830A0DEF820209245C0F0F98044
:10142000AAEB0203CEF8303093B207EB040E05EBC3
:10143000CE0E9EF811B0BBF1000F40F0DF80B0F887
:1014400050E018FA8EFE3EF83180F444C8F30908E3
:101450002EF83180002A40F022813EF831206FEAD8
:1014600042426FEA524292B22EF831203A1905EB0D
:10147000C2024946128B03F03DFB2868F3E52A6857
:10148000B2F8443023F080031B041B0CA2F8443054
:1014900095F8C832002B5AD10121B2F840302846C5
:1014A0009BB243F00403A2F84030B2F840309BB244
:1014B00043F00803A2F8403085F8C812B2F854305F
:1014C000C3F38D0303F03C03C5F8CC32BDE8F84FFD
:1014D00000F096BA2A682846B2F840309BB243F032
:1014E0000803A2F84030B2F8443023F400631B0430
:1014F0001B0CA2F84430B2F840309BB243F0040316
:10150000A2F8403008F02AFAFFF76DBB48F28001DC
:1015100040F68F72038823F4804323F070031B048A
:101520001B0C83F480530B430380038823F4E043B4
:1015300023F040031B041B0C83F0100319430180AC
:101540000388134043F080030380FFF74CBB284619
:1015500008F004FAFFF747BB2A682846B2F844307F
:1015600023F400731B041B0CA2F8443008F0E0F9CC
:10157000FFF739BB284685F8C81200F041FAE7E4C6
:101580000023C1F86831B9E6C1F868E106E7012B2C
:101590007FF429ADB0F8503000F2064218FA83F318
:1015A00023F831C0B0F8503012FA83F323F831C079
:1015B00019E5012B7FF4E4AD0022B0F8503000F2C1
:1015C000024C1CFA83F323F83120B0F850301AFA99
:1015D00083F323F83120D3E5BBF1010F7FF45DAE37
:1015E000B0F850201AFA82F222F8313055E6B9F1FB
:1015F000000F15D11A468EF834902DE6BBF1010F7D
:101600007FF434AFB0F8502018FA82F222F831306B
:101610002CE7BAF1000F2AD11A468EF834A004E75D
:1016200000229EF811B01FFA89F3CEF830208EF810
:101630003420BBF1000FCFD1B0F850E04A461AFA7F
:101640008EFE3EF83190F444C9F309092EF831902A
:101650003E2A33D8BCF8001002F0010E89B20EEB1E
:10166000520241EA822292B2ACF8002015E6002232
:101670009EF811B01FFA8AF38EF83420CEF830208D
:10168000BBF1000FBAD15246B0F850E018FA8EFE06
:101690003EF83180F444C8F309082EF831803E2A20
:1016A0001ED8BCF8001002F0010E89B20EEB5202F7
:1016B00041EA822292B2ACF80020D7E65109D20664
:1016C000BCF8002008BF01F1FF3192B242EA81224A
:1016D0006FEA42426FEA524292B2ACF80020DCE577
:1016E0005109D606BCF8002008BF01F1FF3192B2C3
:1016F00042EA81226FEA42426FEA524292B2ACF869
:101700000020B3E690F89022012A0DD010B50122F6
:1017100004460068217384F8902203F0D5F9002371
:1017200084F89032184610BD0220704701F0070C73
:1017300010B5090604460CEB8C004FEAC00021D41A
:101740004FF0000E00F5A871204480F851E12144CB
:10175000022BCB7008BF0023C2F30A0208BF0B7133
:1017600081F800C00A6194F89032012B13D0012354
:10177000206884F8903202F069FC002384F89032EB
:10178000184610BD4FF0010E00F11001204480F802
:1017900011E02144DCE7022010BD00BF01F0070288
:1017A00002EB8203090610B54FEAC303044616D4C0
:1017B00003F5A87101440344002083F851010A7025
:1017C00094F89032012B15D00123206884F89032D0
:1017D00002F06CFE002384F89032184610BD03F12D
:1017E000100101440344012058740A7094F89032A7
:1017F000012BE9D1022010BD10B5002401F0070132
:1018000001EB810E00EBCE0C8CF850118CF851419D
:101810000068CCF86421CCE95A340CF5A87102F0C8
:101820002BFF204610BD00BF01F0070101EB810135
:1018300000EBC100D0F86C01704700BF01F0070158
:1018400038B501EB810E00EBCE0C01258CF81010A1
:10185000002461468CF834508CF811500068CCF8A4
:101860002420CCE90B43CCF82830103102F004FFDF
:10187000204638BD10B50379044601F007008342C5
:101880002ED30B061AD401EB8101C90001F5A87211
:101890006318A118002283F85121012308708B706E
:1018A00094F890229A4219D084F89032206803F07C
:1018B00095F8002384F89032184610BD012200EB01
:1018C0008003DB0003F1100123445A7401232144F7
:1018D00008708B7094F890229A42E5D1022010BDD6
:1018E000012010BD38B5027901F00F039A422FD3C1
:1018F00001F0070202EB8203090604464FEAC30324
:1019000017D403F5A871014403440025002083F88F
:1019100051010A708D7094F89032012B16D001237A
:10192000206884F8903203F081F884F890522846B9
:1019300038BD03F11001014403440025012058740F
:101940000A708D7094F89032012BE8D1022038BDD6
:10195000012038BD90F89032012B17D0012310B52B
:101960000446006884F890320B0606D402F06CFB43
:10197000002384F89032184610BD01F0070102F0F0
:1019800061FB002384F89032184610BD0220704796
:1019900011F0800F0CD001F0070101EB810100EB89
:1019A000C100103099B262B9C18002730020704743
:1019B00001EB810100EBC10000F5A87099B2002A8B
:1019C000F2D0012283600273002070470246002398
:1019D00010B40124116882F8C8321846B1F85430A6
:1019E000C2F8D0429BB22343A1F85430B1F854302E
:1019F0005DF8044B9BB243F00203A1F854307047EA
:101A0000704700BF024B186800F4C060704700BF09
:101A100000700040174A1368116911F4104F25D067
:101A2000D168090422D403F4C06383421CD0136834
:101A3000114923F4C063034313600B680F495B092A
:101A4000A1FB03135169DB0903EB8303480503F191
:101A5000010305D55169013B490501D5002BF9D199
:101A6000044B5B695B0503D400207047012070477D
:101A7000032070470070004094010320C55A7C0A7F
:101A8000024A536843F4806353607047007000401B
:101A9000024A936843F480439360704700700040AB
:101AA00030B51E4C0546A36D83B0DB0021D5FFF792
:101AB000A9FF30F4007315D0802D2AD82BD0A5F1C2
:101AC0007003B3FA83F35B0915490A6822F00F0229
:101AD0001A430A60086800F00F00C01A18BF0120FE
:101AE00003B030BD802DEFD9A02D8CBF0223012380
:101AF000EAE7A36D43F08053A365A36D03F0805321
:101B00000193019BFFF77EFFA36D23F08053A36534
:101B1000CFE70323D8E70223D6E700BF0010024037
:101B2000002002402B4A9368D26813F00C0307D0C0
:101B30000C2B33D0042B39D0082B35D00020704724
:101B4000244A1168090754BFD2F894201268224928
:101B500054BFC2F30322C2F3031251F82200002B38
:101B6000EDD01C49CA68CB6802F00302C3F303132B
:101B7000022A03F1010324D0032A19D0B0FBF3F0A9
:101B8000CB68C3F3062303FB00F0124BDB68C3F3FF
:101B9000416301335B00B0FBF3F0704702F00302D6
:101BA000012ACDD00020DCE70C4870470C48704774
:101BB0000A4AC868B2FBF3F3C0F3062003FB00F047
:101BC000E3E7074AC868B2FBF3F3C0F3062003FB60
:101BD00000F0DAE7001002406009020880969800E1
:101BE0000024F400002800F0DE809F4A2DE9F8432D
:101BF0001368814603F00F038B420C460CD2136826
:101C000023F00F030B431360136803F00F038B42A1
:101C100002D00120BDE8F883D9F80030980703F01E
:101C2000010240F19A80914DD9F80800A96801F0AD
:101C3000F001884204D9A96821F0F0010143A960AC
:101C4000002A4DD0D9F80450884B032D00F08D8028
:101C5000022D1B6800F0A380002D40F0A6809E0797
:101C6000D7D5FFF75FFF824B984205D97F4B9A6823
:101C700012F0F00F00F09F807C4FBB6823F003034D
:101C80002B43BB60FCF78AFFBB68D9F8042003F044
:101C90000C03B3EB820F064618BF4FF0000819D0B3
:101CA00041F28837714DFCF779FFD9F80430821B77
:101CB000BA424FEA830304D9AA6802F00C029A429E
:101CC00077D1AA6802F00C029A42ECD1B8F1000F69
:101CD00040F08C80D9F80030990707D5D9F8080072
:101CE00062498A6802F0F002824252D85E490A686C
:101CF00002F00F02A24209D90A6822F00F02224321
:101D00000A600A6802F00F02A24282D15A0707D580
:101D10005649D9F80C008A6822F4E06202438A60CE
:101D20001B0708D5514AD9F81010936823F4605363
:101D300043EAC1039360FFF7F5FE03464B4A4D4962
:101D400092684D48C2F30312895C4C4ACB40136041
:101D50000068BDE8F843FCF7B5BD002AC6D0D9F845
:101D60000450424B032D7FF473AF1A6891017FF545
:101D700050AFD968DA6801F00301C2F303120229F7
:101D800002F1010238D0032965D0012954D0DB6863
:101D900072E78A6822F0F00202438A60A6E79F0396
:101DA0003FF55FAF35E70120704758057FF531AF4C
:101DB00057E703202EE79A6822F0F00242F08002F3
:101DC0009A602A4FBB6823F003032B43BB60FCF7E8
:101DD000E5FEBB68D9F8042003F00C03B3EB820FD7
:101DE000064618BF4FF080087FF45AAF1F4A936829
:101DF00023F0F00393606DE72149DB68B1FBF2F259
:101E0000C3F3062303FB02F218491948CB68C3F356
:101E1000416301335B00B2FBF3F383427FF62CAFE7
:101E20008B6813F0F00F7FF427AF8B6823F0F0037B
:101E300043F080038B60C4E71A68120754BFD3F8DD
:101E400094301B680F4A54BFC3F30323C3F3031337
:101E500052F82320D8E70C49DB68B1FBF2F2C3F358
:101E6000062303FB02F2CFE70020024000100240ED
:101E700000B4C404A80902089C01032094010320B3
:101E80000024F4006009020880969800002800F001
:101E9000B7832DE9F041174B02689D68DE68D106D3
:101EA0000446134682B005F00C0506F003063BD548
:101EB000002D00F06A810C2D00F06481E3690D4F64
:101EC000D3B13B6843F001033B60FCF767FE8046FB
:101ED0003B689A0700F1CA82FCF760FEA0EB08009D
:101EE0000228F5D93B689B07F2D4032002B0BDE875
:101EF000F08100BF001002403B6823F001033B600B
:101F0000FCF74CFE3B68804699070BD5FCF746FE74
:101F1000A0EB0800022802D93B689A07E5D43B6889
:101F20009B07F3D422681346D1072DD5082D00F066
:101F300095810C2D00F08F816368B3F5803F00F030
:101F4000B681B3F5A02F00F005838B4F3A6822F4D9
:101F500080323A603A6822F480223A60002B40F0E6
:101F6000AB81FCF71BFE3B6880469A030BD5FCF760
:101F700015FEA0EB0800642802D93B689B03B4D48B
:101F80003B689903F3D423689A0713D5042D40F0D6
:101F90003D81794B1B685B0503D5E368002B00F09E
:101FA0005881754A2169536823F0FE4343EA01636F
:101FB000536023681A072BD56369002B00F0598101
:101FC000A3696D4A002B40F0D681D2F8943023F0FB
:101FD0001003C2F89430684DD5F8943043F00103F3
:101FE000C5F89430FCF7DAFDD5F8943006469B0727
:101FF0000DD4FCF7D3FD801B072804D9D5F8943005
:102000009F077FF572AFD5F894309907F1D5236813
:102010005D0765D5584B9A6DD00000F128810125E8
:102020009A6D42F080529A659B6D03F08053019344
:10203000019B524E3368D90540F1D981A368DA0774
:1020400040F150815A0740F126824B4BD3F8902043
:1020500042F00402C3F89020D3F8902042F001022D
:10206000C3F89020FCF79AFD434F0646D7F890300E
:102070009B070FD441F28838FCF790FD801B404548
:1020800004D9D7F890309A077FF52FAFD7F8903062
:102090009B07F1D5A368190640F10582364FD7F8A2
:1020A000903043F08003C7F89030D7F8903019058E
:1020B0000FD441F28838FCF771FD801B404504D9EC
:1020C000D7F890301A057FF510AFD7F890301B0580
:1020D000F1D525B1284A936D23F080539365236889
:1020E0009A061FD5A36A244D002B00F06381D5F812
:1020F000983043F00103C5F89830FCF74FFDD5F850
:10210000983006469B070DD4FCF748FD801B02283B
:1021100004D9D5F898309F077FF5E7AED5F8983009
:102120009907F1D5E36A23B3134DAA6802F00C02B4
:102130000C2A00F0D581022B2B6823F080732B60D2
:1021400000F01582FCF72AFD2B68044699010BD597
:10215000FCF724FD001B022803D92B689A013FF5E8
:10216000C4AE2B689B01F3D4034A054BD1680B40E6
:10217000D3600020BAE600BF0010024000700040AB
:10218000FCFFEEFE012E7FF499AEA64B1B689B0769
:102190005CD4A44B606A1A68170756BFD3F8943012
:1021A0001B681B0903F0F003984200F243819D4B2A
:1021B0001A6842F008021A601A6822F0F00202431C
:1021C0001A605A68216A22F47F4242EA01225A6068
:1021D000002D00F0B981FFF7A5FC0346914A924912
:1021E0009268C2F30312895C904ACB401068904A0F
:1021F0001360FCF767FB00287FF478AE2368D907EB
:102200001A463FF596AE99077FF5D4AE0C2D00F037
:102210002981E368834D002B00F0B4802B6843F4E0
:1022200080732B60FCF7BAFC2B6806465F053FF510
:10223000B8AEFCF7B3FC801B022803D92B68590504
:102240007FF553AE2B685A05F3D5AAE6E369002B58
:102250009FD101204AE6032E7FF46EAE714B1B68BE
:102260009F0302D56368002BF3D01346CBE700250C
:10227000DFE66C4DD5F8943023F00103C5F89430B7
:10228000FCF78CFCD5F8943006469A077FF5BFAE74
:10229000FCF784FC801B072804D9D5F894309B07F1
:1022A0003FF523AED5F894309F07F1D4AFE65D4AF1
:1022B000136843F480331360FCF770FC594F804679
:1022C0003B689A033FF55FAEFCF768FCA0EB0800A3
:1022D000642803D93B689B037FF507AE3B689903ED
:1022E000F2D550E64F4ED6F8902022F00102C6F803
:1022F0009020D6F8902022F00402C6F89020002BFF
:102300007FF4B0AEFCF74AFCD6F890300746990748
:102310000FD541F28838FCF741FCC01B404504D979
:10232000D6F890309B073FF5E0ADD6F8903099078E
:10233000F1D43C4ED6F890301A067FF5CAAED6F8E6
:10234000903023F08003C6F89030D6F890301A050C
:102350007FF5BFAE41F28838FCF720FCC01B40453A
:1023600004D9D6F890301B053FF5BFADD6F89030B4
:102370001905F1D4ADE6D2F8943043F01003C2F859
:10238000943028E62B6823F480732B60FCF706FC5E
:102390002B6806465B050BD5FCF700FC801B02286A
:1023A00003D92B685F053FF5A0AD2B685905F3D421
:1023B0002368FFE5D5F8983023F00103C5F898307D
:1023C000FCF7ECFBD5F8983006469A077FF5AAAEE5
:1023D000FCF7E4FB801B022804D9D5F898309B0752
:1023E0003FF583ADD5F898309F07F1D49AE633686E
:1023F00043F480733360FCF7D1FB33680746DB0599
:102400003FF51CAE03E03368D9053FF517AEFCF786
:10241000C5FBC01B0228F6D93368D8057FF565AD2A
:10242000F1E700BF00100240A80902089C01032048
:1024300094010320FFF734FB00287FF40AAF714BAF
:102440001A6842F008021A601A68616A22F0F00203
:102450000A431A605A68216A22F47F4242EA012242
:102460005A60B8E6022E7FF4D4AE92E5654B1A6846
:1024700042F008021A601A68616A22F0F0020A4308
:102480001A605A68216A22F47F4242EA01225A60A5
:102490002268134648E55B4AD2F8903043F00103C6
:1024A000C2F89030DEE5574FD7F8903023F0800324
:1024B000C7F89030D7F8903019057FF50AAE41F291
:1024C0008838FCF76BFB801B404504D9D7F8903067
:1024D0001A053FF50AADD7F890301B05F1D4F8E5A1
:1024E000012B3FF4B6AEEB68226B03F0030191427F
:1024F0007FF4AFAE616B03F0F0020139B2EB011F64
:102500007FF4A7AEA16B03F4FE42B2EB012F7FF480
:10251000A0AEE16B03F07842B2EBC16F7FF499AEED
:10252000226C03F4C0015208013AB1EB425F7FF420
:1025300090AE626C03F0C0635208013AB3EB426F95
:1025400014BF01200020D1E4FFF7AAFA00283FF4CD
:1025500042AE7EE603F18043A3F53C331A6842F4B1
:1025600080221A601A6842F480321A60A4E6FCF7EE
:1025700015FB2B68064699010BD5FCF70FFB801B5A
:10258000022803D92B689B013FF5AFAC2B689F0154
:10259000F3D41C4D1C4BE968226B0B40606B13435A
:1025A000D4E90E1243EA012343EAC2630138D4E9B5
:1025B0001012490843EA001301395208013A43EA6C
:1025C000415343EA4263EB602B6843F080732B6016
:1025D000EB6843F08073EB60FCF7E0FA2B6804468D
:1025E0009A013FF5C6ADFCF7D9FA001B022803D9C2
:1025F0002B689E017FF579AC2B689801F3D5B8E57F
:1026000001207047001002400C809F0108B5FFF7C1
:1026100089FA074B07499A689B68C2F303128A5CE0
:102620000549C3F3C223CB5CD040D84008BD00BFEE
:1026300000100240A8090208A00902080F220E4B50
:1026400010B402609A680D4C02F0030242609A686E
:1026500002F0F00282609A6802F4E062C2609B6855
:10266000DB0803F4E063036123685DF8044B03F0C7
:102670000F030B60704700BF0010024000200240B3
:10268000F8B5044600680F4602284ED0032845D00E
:10269000012848D1394B1B689E073ED5374D2B6822
:1026A00023F080632B60FCF779FA064604E0FCF720
:1026B00075FA831B022B4AD82B681901F7D4D4E989
:1026C0000132013B100221681A01002F33D0012F83
:1026D0002A4D45D02E692A4B33400B430343134305
:1026E00062695208013A43EA42632B61234D2B6829
:1026F00043F080632B60FCF751FA064604E0FCF7D8
:102700004DFA831B022B27D82B681B01F7D500201D
:102710001A4AA16913690B431361F8BD174B1B6873
:1027200013F4C02FBAD10120F8BD144B1B685D050E
:10273000B4D40120F8E7114D124B2E6933400B43FE
:10274000E168034343EAC16313432B61CEE72B687F
:102750001801B4D50320F8BD2B681A01FAD5D6E7C5
:102760002E69094B33400B4303431343226952083C
:10277000013A43EA42532B61B8E700BF0010024020
:102780000C80FFF90C80FF070C809FFF70B504469A
:102790000068022847D003283ED0012841D1294BA8
:1027A0001B689E0737D5274D2B6823F080532B607D
:1027B000FCF7F4F9064604E0FCF7F0F9831B022B62
:1027C00037D82B689900F7D41E4D1F4B69692268D2
:1027D0000B401343D4E9021243EA012343EAC263E4
:1027E0006268013A43EA02136B612B6843F080533D
:1027F0002B60FCF7D3F9064604E0FCF7CFF9831B06
:10280000022B1BD82B689B00F7D500200D4A2169AD
:1028100053690B43536170BD0A4B1B6813F4C02FFF
:10282000C1D1012070BD074B1B685D05BBD40120E1
:10283000F8E72B689800C7D5032070BD2B689A0075
:10284000FAD5E2E7001002400C80FF072DE9F047BF
:102850000368044613F4006582B01BD0C16E4029A2
:1028600000F03D8200F25882002900F022822029E7
:1028700040F058822030FFF789FF054623684DB9A4
:10288000E16E0025B648D0F89C2022F0E0020A4311
:10289000C0F89C20DF0440F14F81216FB1F5007F2B
:1028A00000F0168200F23F81002900F00782B1F5A6
:1028B000807F40F0408104F12000FFF767FF07466A
:1028C0002368002F40F00282A549206FD1F89C2098
:1028D0009E0322F4E06242EA0002C1F89C2000F16B
:1028E0002F81D90708D59E49606BD1F8882022F046
:1028F00003020243C1F888209A0708D59849A06BC3
:10290000D1F8882022F00C020243C1F888205E072B
:1029100008D59349E06BD1F8882022F030020243B9
:10292000C1F88820180708D58D49206CD1F8882077
:1029300022F0C0020243C1F88820D90608D5884990
:10294000606CD1F8882022F440720243C1F88820DC
:102950009A0608D58249A06CD1F8882022F44062FA
:102960000243C1F888209E0508D57D49E06DD1F865
:10297000882022F440220243C1F88820580508D557
:102980007749206ED1F8882022F440120243C1F822
:102990008820590208D57249606ED1F8882022F447
:1029A00040020243C1F888209A010CD5A26EB2F110
:1029B000807F00F06D81B2F1007F00F02681002A57
:1029C00000F0298101255F0608D56549E06CD1F842
:1029D000882022F440520243C1F888201E0608D500
:1029E0005F49206DD1F8882022F440420243C1F8AB
:1029F0008820D80508D55A49606DD1F8882022F47E
:102A000040320243C1F88820D90208D55449A06D4C
:102A1000D1F89C2022F003020243C1F89C209A04C2
:102A200011D54F49606FD1F88820B0F1006F22F0C6
:102A3000406242EA0002C1F8882000F02481B0F12F
:102A4000806F00F060811F031BD5A16FB1F5804F2F
:102A500000F005814248B1F1806FD0F8882022F063
:102A6000406242EA0102C0F88820D0F89C2022F49B
:102A70008042C0F89C2000F05781B1F1006F00F057
:102A800034815E0311D53649E06FD1F88820B0F16A
:102A9000006F22F0406242EA0002C1F8882000F094
:102AA000D980B0F1806F00F0258158040ED52C48F4
:102AB000D4F88010D0F88820B1F1805F22F0405225
:102AC00042EA0102C0F8882000F0EA80D90309D563
:102AD0002349D4F88400D1F89C2022F00402024358
:102AE000C1F89C209A0209D51D49D4F88800D1F874
:102AF0009C2022F018020243C1F89C20DB010ED575
:102B0000174AD4F88C10D2F89C30B1F5001F23F48A
:102B1000401343EA0103C2F89C3000F0AC80284621
:102B200002B0BDE8F087B1F5407F00F0D680B1F586
:102B3000806F00F0D28001252F469E037FF5D1AE35
:102B4000074B9A6DD00054D54FF00008054E3368FE
:102B500043F480733360FCF721F881460AE000BF3C
:102B60000010024000700040FCF718F8A0EB0900CC
:102B700002285BD83368DA05F6D5002F5CD1DFF880
:102B8000C8A1D4F89010DAF8903013F4407327D02D
:102B90008B4225D0DAF89020DAF8903043F4803375
:102BA000CAF89030DAF8903023F48033CAF89030C5
:102BB00022F44073CAF89030D30711D5FBF7EEFF2B
:102BC00041F28839064605E0FBF7E8FF801B4845DF
:102BD00000F2B380DAF890309807F5D5D4F8901069
:102BE000594AD2F8903023F440730B43C2F8903026
:102BF00023E09A6D4FF0010842F080529A659B6D78
:102C000003F080530193019BA0E70021201DFFF7F3
:102C100037FD07462368DFB94B49A06ED1F88820FD
:102C200022F040720243C1F88820CCE63368D9050F
:102C3000A3D403252F4600E03D462368B8F1000FDA
:102C40003FF44FAE40498A6D22F080528A6548E6D3
:102C50003D46B8E6CA6842F48012CA6025E73A4A9F
:102C6000D2F89C1041F48041C2F89C10D16841F424
:102C70008031D16005E72846D36843F48013D360E0
:102C800002B0BDE8F087CA6842F48012CA60DAE692
:102C90002D49CA6842F48012CA60002FD8D1BBE720
:102CA0000221201DFFF7ECFC2368002818BF054611
:102CB0000CE70430FFF7E4FC0546DFE5201DFFF7D5
:102CC000DFFC07462368002F3FF4FEAD3D4634E7A6
:102CD0001D49CA6842F48032CA602F46F1E51A489D
:102CE000C26842F48032C260CBE5C26842F480120E
:102CF000C260C6E60121201DFFF7C2FC2368002840
:102D000018BF0546D1E60121201DFFF7B9FC236855
:102D1000002818BF054696E660293FF4B2AD802929
:102D20003FF4AFAD0125B5E50121201DFFF7A8FC5B
:102D30002368002818BF0546A3E6DAF890309E07FE
:102D40007FF577AF4AE700BF00100240114B10B487
:102D5000996B114A41F080719963996B21F08071F0
:102D600099630368D0E9014123430B43D0E9034150
:102D7000234343EA014353601368416923F4FE434C
:102D800043EA0123136013685DF8044B43F06003CA
:102D900013607047001002400060004000285AD0C5
:102DA00038B5437A044603F0FF02002B49D0D4E93A
:102DB000003502214AF2B3206172284A19682A4379
:102DC000274D21F0040119601A601D6118611A680D
:102DD00022F080421A60FBF7E1FE054623681A687C
:102DE00051000ED5FBF7DAFE401B02282368F6D906
:102DF0001A685200F3D50122022362720120E360B7
:102E000038BD1A6842F004021A605B68580603D5A0
:102E100004236372012038BDFBF7C0FE054623681A
:102E20005B68D90711D4FBF7B9FE401B0228236861
:102E3000F6D95A68D207F3D4042202236272E360FF
:102E4000E8E70272FBF7A0FBB1E701220023627200
:102E50001846E36038BD0120704700BF000DF04008
:102E6000BC0A5917704700BF026810B55368044682
:102E7000990613D4580605D5590723D4516821F073
:102E800040015160DB0708D5136823F00803136085
:102E90009168637A2161042B0CD110BD1023C360AB
:102EA000042320466372F8F7F3FF6FF06002236893
:102EB0005A6010BD01220023204662722372FFF780
:102EC000D1FF10BD0823E360136823F008031360EB
:102ED000E6E700BF002300B5026883B001935368A2
:102EE000014658070AD4536823F04003536000207A
:102EF000CB6823F00803CB6003B000BD0220136849
:102F000043F080431360136823F080431360019003
:102F100002E013685B0012D5019B013B0193019B0A
:102F2000002BF6D101224A720B72CB68084643F09F
:102F30000203CB60F8F7ACFF012003B000BD53687B
:102F400058060CD40223019302E053685B07CED5E8
:102F5000019B013B0193019B002BF6D1E2E75368F3
:102F600023F040035360EDE7F8B5037A012B43D01B
:102F70000122437A04469342DFB2027206D0042350
:102F80001746C360002323723846F8BD0222036847
:102F900042725B680E46590616D4FBF7FFFD0546E4
:102FA00023685A68D20718D4FBF7F8FD401B0228A3
:102FB0002368F6D95A6812F00102F2D101210223E6
:102FC00061722272E360DFE70823C360FFF782FFCC
:102FD0000128E2D12023E360D6E79A685B6822618A
:102FE00013F0400316BF08231F46E3604FF00103B0
:102FF00008BF32606372C5E702273846F8BD00BFDC
:10300000F0B50D46144683B00646FBF7C7FD2C44C9
:10301000241AFBF7C3FD0746264B1B68C3F3CB33CB
:1030200004FB03F3019332689368190604D56B1C03
:1030300006D193681C06FCD4002003B0F0BD1C46EA
:10304000FBF7ACFDC31B9C4206D9019B0BBB32684E
:1030500092681006F3D4EFE7D6E900315A68B1F56B
:10306000827F22F0E0025A6017D0B26AB2F5005FA8
:1030700007D11A6822F400521A601A6842F400520A
:103080001A6001220023032086F85D2086F85C3058
:10309000D3E7019B013B0193C5E7B268B2F5004F4E
:1030A00002D0B2F5806FE0D11A6822F040021A60B7
:1030B000DBE700BF940103202DE9F04700241D4603
:1030C00082B01746064688468DF80340FBF766FD3A
:1030D0003D442D1AFBF762FDD6F8009082464C461F
:1030E0002F4B1B6803EB8303C3EBC3031B0D05FBD3
:1030F00003F30193A36818EA030F08D0B8F5C06F73
:103100000DD07B1C14D1A36813F4C05FFBD1002049
:1031100002B0BDE8F087A36813F4C06FF7D099F848
:103120000C307A1CDBB28DF803309DF80330F2D0FE
:10313000FBF734FDA0EB0A00A842346803D2019BE0
:10314000EBB91D46D6E76368726823F0E003B2F579
:10315000827F636017D0B36AB3F5005F07D123683D
:1031600023F400532360236843F4005323600122B7
:103170000023032086F85D2086F85C30C8E7019BB9
:10318000013B0193B6E7B368B3F5004F02D0B3F546
:10319000806FE0D1236823F040032360DBE700BFAA
:1031A0009401032070B50D46164613464FF4C051E6
:1031B0002A460446FFF780FF70B93246294620466A
:1031C000FFF71EFF40B933462A464FF4C061204640
:1031D000FFF772FF00B970BD236E032043F0200398
:1031E000236670BD002879D02DE9F84F0446406A67
:1031F000002857D00023C4E90433002294F85D303E
:10320000A26203F0FF01002B5BD00223256884F843
:103210005D30E2682B68B2F5E06F23F040032B606D
:1032200046D855D04FF4805E0027BB46A7624FF0CA
:10323000010C0026636802F47068A26803F48273CC
:1032400002F4044213432269A16902F0020213430B
:103250006269E76902EA0C021343626B07F03809FE
:1032600001F4007A276A02F00802090C42EA080217
:1032700043EA0A0301F0040100F0100007F080089F
:1032800043EA09030A4343EA0803024343EA0B0300
:1032900042EA0E022B606A60266684F85DC0304602
:1032A000BDE8F88F6368B3F5827FA6D0E061A4E73C
:1032B000B2F5706F14D1A76A4FF0000E07F4005BEF
:1032C000B5E7204684F85C10FBF78EF9606A9CE74E
:1032D000A76A4FF4805E07F4005BA8E701207047FF
:1032E0004FF0000EA0E700BF70B590F85D30012BE5
:1032F00065D1DDB2002960D0002A5ED090F85C3044
:103300000446012B5BD000234FF0030C80F85C5087
:103310008163828780682668B0F5004F84F85DC0BD
:10332000C4E9133323662364E287A4F84430A4F885
:10333000463007D1336823F040033360336843F4E9
:10334000804333600023606D274A0364736802631F
:10335000264A23F48043C262254AC2637360E3684D
:10336000B3F5E06F0FD88369B3F5806F0BD1E38FAE
:1033700013F0010F73682ED123F480437360E38F41
:10338000C3F34E03E387E38F06F10C029BB2FBF716
:10339000A1FDB8B923681A68520603D41A6842F02E
:1033A00040021A60002584F85C505A6842F02002FE
:1033B0005A605A6842F002025A60284670BD0225DF
:1033C000284670BD0022236E84F85C2043F0100371
:1033D0002846236670BD43F480437360E38FC3F3D4
:1033E0004E030133E387CEE7F93301082D3401089A
:1033F00009340108704700BF08B5806AFFF7FAFF7B
:1034000008BD00BF704700BF0121806A08B502688F
:10341000536823F003035360036E43F01003036605
:1034200080F85D10FFF7EEFF08BD00BF30B5054620
:1034300083B0846AFBF7B2FB2B681B689B0622D41F
:10344000236802465868642120F0200058605868BC
:1034500020F0020058602046FFF7A4FE18B1236E4A
:1034600043F020032366A36833B922680193D3682D
:10347000019393680193019B01230022E28784F862
:103480005D30236E23B92046F8F75EFA03B030BDF5
:103490002046FFF7B7FF03B030BD00BF30B502686C
:1034A00004465168936885B013F0400FC3F380154C
:1034B00019D113F0010F2FD1980745D49D0600F1C3
:1034C0009180DB050DD58D060BD50020236E43F0D2
:1034D00008032366039093680393039B236E002BDA
:1034E0005AD105B030BD13F002001AD008067CD4C2
:1034F00013F020002CD18D06F3D594F85D50032DE8
:1035000079D0256E45F0040525660090D0680090BE
:103510009068009000983AE011F0400FCCD0C36C56
:1035200065E08D06DDD594F85D50032D63D0256EE2
:1035300045F0040525660090D068009090680090E2
:103540000098980623D515E008064ED49806B8D5FD
:103550008806C6D575B194F85D0003284BD0206E5F
:1035600040F00400206600200090D0680090906831
:1035700000900098206E40F001002066002002902C
:1035800090680290106820F0400010600298DB05FF
:103590009BD4236E002BA4D0012053688D0723F009
:1035A000E003536084F85D002DD05368A06D23F0D4
:1035B0000303536040B1164B0364FBF71BFD18B1C6
:1035C000236E43F040032366606D002889D0104BC2
:1035D0000364FBF70FFD002883D0236E43F0400304
:1035E00023667EE78806C5D47BE72046236D05B0B9
:1035F000BDE83040184700230193D36801939368D6
:103600000193019B6DE72046FFF7FCFE69E700BFD1
:103610001536010808B50023806AA0F84630C38734
:10362000FFF7F0FE08BD00BF30B4036A124D046A14
:10363000A84224F0010404620ED0104CA0420BD02A
:1036400004F54064A04207D004F58064A04203D092
:1036500004F58064A04203D1046A24F004040462E7
:10366000846923F00A0324F0F00C4CEA0212194397
:10367000826130BC01627047002C0140003401407F
:1036800090F83D30012B23D102210368164A80F8BF
:103690003D1093421ED0B3F1804F1BD0A2F594325F
:1036A000934217D002F58062934213D002F58062F4
:1036B00093420FD002F5943293420BD002F5406250
:1036C000934207D01A6842F001021A600020704746
:1036D000012070479968054A0A40062AF6D0B2F5DB
:1036E000803FEFD100207047002C0140070001000F
:1036F00090F83D30012B26D10222036880F83D204E
:10370000DA68174942F001028B42DA601DD0B3F14A
:10371000804F1AD0134A934217D002F58062934229
:1037200013D002F5806293420FD002F59432934297
:103730000BD002F54062934207D01A6842F00102B2
:103740001A6000207047012070479968064A0A40B5
:10375000062AF6D0B2F5803FEFD10020704700BFB7
:10376000002C0140000400400700010038B590F82B
:103770003C30012B6AD0044602250123006884F8FE
:103780003C3084F83D5085684B4A2A4082600A6884
:10379000602A6AD010D8402A5AD02CD8202A4BD080
:1037A00048D832F0100147D018460122002384F88F
:1037B0003D2084F83C3038BDB2F5805F13D0B2F5BF
:1037C000005F27D0702AEFD1D1E901538268C96820
:1037D0002B4322F47F4243EA01231343836083682F
:1037E00043F0770383600122002384F83D2084F8AE
:1037F0003C30002038BD502AD6D1CA684968FFF74E
:1038000013FF836823F4401323F0700343F057033E
:103810008360E8E78268D1E90153C9682B4322F449
:103820007F4243EA012313438360836843F4804368
:103830008360D8E7302AB7D1836823F4401323F09C
:103840007003134343F007038360CCE7022038BDC5
:10385000CA684968FFF7E8FE836823F4401323F041
:10386000700343F047038360BDE7036A026A4D6853
:1038700022F01002C9680262104A904217D002F585
:103880000062904213D0826923F0A00322F47042B8
:1038900043EA051342EA013282610362836823F43A
:1038A000401323F0700343F0670383609BE7026AD1
:1038B00022F040020262E6E78800CEFF002C0140C1
:1038C000704700BF704700BF704700BF704700BF20
:1038D000036870B5DE681C690546A20701D5B1070B
:1038E0005AD4630701D5700743D4210701D53207A5
:1038F0002DD4E00601D5F10616D4E20701D5F30771
:1039000063D414F4025F0AD0300666D4600601D591
:10391000710673D4A20601D5B3064DD470BDE2057D
:10392000F4D5330662D4F1E76FF0100108222B685A
:10393000284619612A77DB6913F4407F6FD1FFF7BE
:10394000BFFF2846FFF7C0FF00232B77D5E76FF0B6
:10395000080104222B68284619612A77DB699B0736
:103960005AD1FFF7ADFF2846FFF7AEFF00232B77B4
:10397000BFE76FF0040102222B68284619612A77FD
:103980009B6913F4407F44D1FFF79AFF2846FFF765
:103990009BFF00232B77A8E76FF002021A61012238
:1039A00002779B699A0731D1FFF78AFF2846FFF714
:1039B0008BFF00232B7794E76FF020022B682846BB
:1039C000BDE870401A6100F005B96FF001022B6884
:1039D00028461A61EDF7BAFB93E76FF402522B68A1
:1039E00028461A6100F0F8F8E1058FD56FF480726F
:1039F0002B6828461A6100F0F1F887E76FF0400263
:103A00002B6828461A61FFF761FF83E7FFF75AFF2B
:103A1000CFE7FFF757FFBCE7FFF754FFA6E7FFF735
:103A200051FF91E770B4284E0368B0424A698D682F
:103A30000C6839D0B0F1804F20D0A6F59436B04252
:103A40001CD006F58066B04218D006F58066B042FC
:103A500014D006F59436B04226D01C4EB04227D082
:103A600006F58066B04223D006F58066B0421FD0CE
:103A700023F08003C5621A4384620CE04E6823F091
:103A80007003C968334323F440730B4323F080036E
:103A9000C5621A438462012170BC036843F00403C9
:103AA00003604161026070474E6823F07003334346
:103AB000CE6823F440733343C56223F080038462ED
:103AC0001A430B690363E6E7002C01400040014004
:103AD00070B310B590F83D30044603F0FF0213B305
:103AE0000223214684F83D3051F8040BFFF79AFF7A
:103AF000012384F8483084F83E3084F83F3084F85D
:103B0000403084F8413084F8423084F8433084F8FF
:103B1000443084F8453084F8463084F8473084F8DF
:103B20003D30002010BD80F83C20FAF7EFFDD7E7CC
:103B30000120704790F83C20012A45D0034602201E
:103B400070B41A68214E83F83D00B24250680D6887
:103B5000946827D006F50066B2422CD020F07000A1
:103B60002843B2F1804F50600ED0194882420BD0EA
:103B700000F58060824207D000F58060824203D069
:103B800000F59A30824204D1896824F080040C4305
:103B900094600022012183F83C2083F83D101046F8
:103BA00070BC70474E6820F47000304320F0700005
:103BB00028435060E8E74E6820F47000304320F05E
:103BC000700005435560DFE702207047002C01407C
:103BD00000040040704700BF704700BF704700BF3F
:103BE00010B4026852E8003F23F4907342E80031B9
:103BF0000029F7D1144C02F1080353E8003F234099
:103C000002F1080C4CE800310029F4D1C36E012BFD
:103C100008D0002320225DF8044BC0F88C204367B5
:103C2000C366704752E8003F23F0100342E80031BA
:103C30000029EED052E8003F23F0100342E80031A3
:103C40000029EFD1E5E700BFFEFFFFEF704700BF9F
:103C5000704700BF08B5806AFFF7FAFF08BD00BFD4
:103C6000704700BF40F60F0C70B504680546E36965
:103C7000216813EA0C0FA26829D19E0607D501F02E
:103C8000200C02F080565CEA060C40F0F080E86EF2
:103C9000012800F0AC80D80200F19E80180606D5FD
:103CA00002F4000201F08000104340F0E7805A0661
:103CB00002D54E0600F1C380180202D54A0000F179
:103CC0000C81DB0102D50029C0F23D8170BDA34803
:103CD000104040F0C580A24E3142D8D0DE0740F1FE
:103CE000DC80CE0540F1D28001262662D5F89060B6
:103CF00046F00106C5F890609E0740F1C980D607DE
:103D000040F1CB8002202062D5F890005E0740F0A1
:103D10000400C5F8900040F1DD8004202062D5F851
:103D2000900040F00200C5F89000180700F1BD8037
:103D300018050AD54E0108D54FF400602062D5F869
:103D4000900040F02000C5F89000D5F890000028C1
:103D5000BCD0980606D501F0200102F08052114334
:103D600040F0AC80D5F89020A36802F0280203F060
:103D7000400353EA0206284600F0EA80FFF730FFCE
:103D8000A3685B0640F1A28004F1080353E8003FFA
:103D900023F0400304F1080141E8003262B12C68CD
:103DA00004F1080353E8003F23F0400304F1080145
:103DB00041E80032002AF3D1D5F88000002800F055
:103DC0008580684B0364FBF715F900283FF47EAF4C
:103DD000D5F88000036C4EE056027FF55FAF4FF4DC
:103DE000801328462362BDE8704000F0FBB8DE0671
:103DF0007FF551AFC8067FF54EAF1022B5F85C30A5
:103E00002262A268520640F1AF80D5F880000268B5
:103E1000516889B2002900F0DC80994280F0D98095
:103E2000A5F85E10126896065CD502222A67B5F8DE
:103E30005E102846591A89B2FFF712FF70BD54E888
:103E4000003F23F0400344E80032002AF7D120224B
:103E500000232846C5F88820AB67FFF7F7FE70BD42
:103E6000DE077FF549AFCE057FF546AF3CE7436FF0
:103E7000002B3FF42BAFBDE870401847AB6F002B11
:103E80003FF424AF2846BDE8704018479E0704D48D
:103E90005E0702D5D6073FF540AF1E077FF548AF56
:103EA00001F0200606433FF443AF08202062D5F816
:103EB000900040F00800C5F8900039E76B6F002BC8
:103EC0003FF450AF284698472C684BE72846FFF749
:103ED000BFFE70BD1807E8D42AE72846BDE8704049
:103EE00000F084B854E8003F23F4807344E80032C3
:103EF000002AF7D104F1080353E8003F23F001033F
:103F000004F1080141E80032002AF3D104F108036A
:103F100053E8003F23F0400304F1080141E8003278
:103F2000002AF3D12023C5F88C30EA6654E8003F1C
:103F300023F0100344E80032002AF7D1FBF722F8FF
:103F4000B5F85C3071E72846BDE8704000F04CB829
:103F5000FFF77EFEC5F8906070BD00BF0100001045
:103F600020010004553C0108B5F85E10B5F85E204C
:103F700089B292B2002A3FF4A9AE5B1A99B2002925
:103F80003FF4A4AE54E8003F23F4907344E80032B9
:103F9000002AF7D1124804F1080353E8003F034018
:103FA00004F1080646E80032002AF4D120236A67AB
:103FB000C5F88C30EA6654E8003F23F0100344E86B
:103FC0000032002AF7D1022328462B67FFF748FE6C
:103FD00070BD99427FF47AAE13689C06F3D470BD2D
:103FE000FEFFFFEF704700BF704700BF704700BF84
:103FF000034600224BF68071A3F844201046A3F834
:1040000040107047034644F27F02B3F8401000208E
:104010000A40A3F8402070474FF0000C00B583B071
:1040200002AB4FF0010E03E9060003466046A3F819
:1040300040E0A3F840C0A3F844C0A3F850C003B0C8
:1040400000BD00BF002070470020704770B50A789F
:10405000034630F8220091F803E020F4EC4020F011
:1040600070000004000CBEF1030F00F20582DFE8CF
:104070000EF0CDD0B10240F4C06048F2800C40EAAE
:104080000C0023F8220033F8220020F4E04020F056
:1040900070000004000C10434CEA000C23F822C00E
:1040A000087B002800F0B880002033F822C02CF4F0
:1040B000E24C2CF0700C4FEA0C4C4FEA1C4C4CF4C8
:1040C000004C4CF0800C23F822C00C89B3F85050FF
:1040D00003EBC20C640864001CFA85F5A5F80044E3
:1040E0004C89B3F85050640864001CFA85F5A5F8B3
:1040F00004444C78002C40F01C8133F822406404C6
:104100000DD533F8224024F4E04424F07004240454
:10411000240C44F4404444F0800423F8224033F853
:10412000224066060DD533F8224024F4E04424F002
:1041300070042404240C44F4004444F0C00423F824
:1041400022400D69B3F850101CFA81F1B1F8024415
:104150000CF2064CC4F30904A1F80244002D00F04F
:1041600030813E2D00F2658105F0010404EB550419
:10417000A402A5B2B1F80244A4B22C43A1F80244AF
:10418000B3F8501089B231F80C40C4F3090421F897
:104190000C4031F80C40A4B22C4321F80C4048F2FA
:1041A000800433F8221021F4804121F070010904C9
:1041B000090C81F44051214323F8221033F82210D6
:1041C00021F4E04121F040010904090C0C4323F8DB
:1041D000224070BD48F28005284323F8220033F8BE
:1041E0002200B14C80B220401043054323F82250F6
:1041F000087B88B133F8220080B2204040F40140AF
:1042000040F0800023F8220000205EE740F40070B8
:1042100033E740F4806030E70020CC884E786408B3
:10422000640003EBC205F6B3B3F8501015FA81F140
:10423000A1F8004433F8221049060DD533F82210B6
:1042400021F4E04121F070010904090C41F400411E
:1042500041F0C00123F8221033F82210BEF1010F03
:1042600021F4E04121F040014FEA01414FEA1141C0
:1042700012D081F0200141F4004141F0800123F887
:10428000221070BD33F8221021F4804121F070011A
:104290000904090C81F4005141F4004141F080010E
:1042A00023F8221070BD0E69B3F8501015FA81F191
:1042B000A1F80444B3F8501015FA81F1B1F806449E
:1042C000C4F30904A1F80644002E00F096803E2EA7
:1042D00000F29D80B1F8064406F00105A4B205EB9A
:1042E000560544EA8524A4B2A1F8064433F8221006
:1042F0004D040DD533F8221021F4E04121F0700176
:104300000904090C41F4404141F0800123F82210D6
:10431000002AB7D11A8822F4804222F070021204D7
:10432000120C82F4405242F4004242F080021A80A1
:1043300070BD33F822104C040DD533F8221021F44F
:10434000E04121F070010904090C41F4404141F0C1
:10435000800123F8221033F8221049060DD533F8D6
:10436000221021F4E04121F070010904090C41F40C
:10437000004141F0C00123F8221033F82210BEF1B1
:10438000010F21F4E04121F040014FEA01414FEAE1
:10439000114118BF81F0200141F4004141F080013A
:1043A00023F8221033F8221021F4804121F070010B
:1043B0000904090C41F4004141F0800123F8221066
:1043C00070BDB1F802446FEA44446FEA5444A4B2A9
:1043D000A1F80244B3F85040A4B234F80C10C1F371
:1043E000090124F80C1034F80C106FEA41416FEA0F
:1043F000514189B224F80C10D1E6B1F806446FEAB5
:1044000044446FEA5444A4B2A1F806446EE7B1F8FC
:1044100006447509F60608BF05F1FF35A4B244EA63
:1044200085246FEA44446FEA5444A4B2A1F80644D8
:104430005CE76C09ED0608BF04F1FF34B1F80254E3
:10444000A402A4B2ADB2254345F40045A1F802543C
:10445000B3F85050ADB235F80C10C1F3090125F88E
:104460000C1035F80C1021436FEA41416FEA5141BD
:1044700089B225F80C1092E648F28004204323F814
:10448000220033F8220020F4E04020F07000000405
:10449000000C1043044323F82240087B08B101209C
:1044A00003E60120B9E600BF8F8FFFFF10B40C7B3D
:1044B0004A780B78CCB9002A00F0B58030F8232078
:1044C000540600F1C98030F8232022F4E04222F0A3
:1044D00040021204120C42F4004242F0800220F822
:1044E00023205DF8044B00207047002A4DD130F89E
:1044F000232052040DD530F8232022F4E04222F08C
:1045000070021204120C42F4404242F0800220F881
:10451000232030F8232054060DD530F8232022F430
:10452000E04222F070021204120C42F4004242F007
:10453000C00220F8232048F2800130F823205DF8E3
:10454000044B22F4E04222F070021204120C42F4F6
:10455000004242F0C00220F8232030F8232022F449
:10456000804222F070021204120C0A4320F8232029
:1045700030F8232022F4E04222F040021204120C10
:10458000114320F823100020704730F823205104F5
:104590000DD530F8232022F4E04222F070021204FC
:1045A000120C42F4404242F0800220F8232030F8FE
:1045B000232052060DD530F8232022F4E04222F0C9
:1045C00070021204120C42F4004242F0C00220F8C1
:1045D000232048F2800130F823205DF8044B22F4B8
:1045E000E04222F070021204120C42F4404242F007
:1045F000800220F8232030F8232022F4E04222F029
:1046000040021204120C0A4320F8232030F8232021
:1046100022F4804222F070021204120C114320F89E
:1046200023100020704730F8232051040DD530F8B6
:10463000232022F4E04222F070021204120C42F411
:10464000404242F0800220F8232030F8232022F458
:10465000804222F070023CE730F8232022F4E0424E
:1046600022F070021204120C42F4004242F0C00226
:1046700020F8232027E700BF2DE9F04F4B780C7B73
:10468000012B83B035D0ECB1CB78022B00F0FD804C
:10469000012B40F0878000230A788B6130F82230AC
:1046A00023F4804323F070031B041B0C83F440535A
:1046B00043F4004343F0800320F82230002003B08D
:1046C000BDE8F08F8A690C78002A55D1CB78002B91
:1046D00040F0F98030F8243023F4E04323F07003F5
:1046E0001B041B0C43F4014343F0800320F82430E7
:1046F000D1E70E698A694B69B24228BF324600F59C
:104700008067002C00F0A880CD780C6A022D91F80B
:1047100000E04BD0A41A30F82E500C6294B2013451
:1047200015F0400F92B2B0F850504FEA540400F028
:10473000D98000F2064616FA85F525F83E204D8907
:104740003D443CB103EB4404ED1A1A885A5302333A
:104750009C42FAD10A7830F8223023F4E04323F067
:1047600040031B041B0C83F0300343F4004343F06D
:10477000800320F82230A1E730F8243023F4E2430C
:1047800023F070031B041B0C43F4004343F080032D
:1047900020F824300B699A427FF67DAFD31A8B61E3
:1047A0000A787BE7012003B0BDE8F08FA64200F253
:1047B000024B80F0DF8030F82E50A41A25F4E0453B
:1047C00025F070052D042D0C45F4014545F08005BC
:1047D00020F82E5030F82EC095B201351CF0400F55
:1047E0000C62B0F850C04FEA55051FFA82F800F28B
:1047F000064900F08E8019FA8CFC2CF83E80B1F846
:104800000A90B94475B19C46A9EB030903EB450A2C
:104810000196BCF800602CF809600CF1020CD4453C
:10482000F7D1019E1344A6424B6180F0C880A21AC2
:104830000A62B0F850201BFA82F222F83E800C89FE
:104840003C44002D86D003EB4505E41A1A881A5320
:1048500002339D42FAD17DE795B2CE8801356D08CD
:104860003E4492B207D003EB4505F61A1C889C53D0
:104870000233AB42FAD1B0F850300C7800F2024566
:1048800015FA83F323F8342064E7CB690A78002B08
:104890003FF404AF30F8223003F040045B0435D419
:1048A000002C7FF4FBAE30F8223023F4E04323F0F9
:1048B00070031B041B0C43F4004343F0C00320F8B7
:1048C00022300A78EAE630F8243023F4E24323F079
:1048D00070031B041B0C43F4004343F0800320F8D7
:1048E0002430D8E600F2024616FA85F525F83E2077
:1048F0000D893D44002C3FF42DAF03EB4404ED1A29
:104900001A885A5302339C42FAD123E7002CCAD1A9
:10491000C4E61BFA8CFC2CF83E80B1F808A0BA441F
:1049200075B19C46AAEB030A03EB450B0196BCF854
:1049300000602CF80A600CF1020CDC45F7D1019EF6
:104940001344A6424B6141D2A41AB0F850200C6225
:1049500019FA82F222F83E804C893C44002D3FF443
:10496000F9AE03EB4505E41A1A881A530233AB4239
:10497000FAD1EFE6A5B22C4630F82E20013422F40D
:10498000E24222F070021204120C42F4004242F0A1
:10499000800220F82E20B0F8502064081BFA82F222
:1049A00022F83E500D893D443FF4D4AE03EB44045D
:1049B000ED1A1A885A5302339C42FAD1CAE6A5B2BC
:1049C000013500221FFA84F86D0831E7A5B20135E0
:1049D0001FFA84F86D080024B7E700BF4B780A7807
:1049E0008BB130F8223023F4E04323F040031B0462
:1049F0001B0C83F0100343F4004343F0800320F8C2
:104A000022300020704730F8223023F4804323F016
:104A100070031B041B0C83F4805343F4004343F0E6
:104A2000800320F822300020704700BF4B780A78BE
:104A300033B330F822305B060DD530F8223023F442
:104A4000E04323F070031B041B0C43F4004343F0CA
:104A5000C00320F82230CB78012B0FD030F8223061
:104A600023F4E04323F040031B041B0C83F02003DA
:104A700043F4004343F0800320F8223000207047C5
:104A800030F822305B040DD530F8223023F4E043B7
:104A900023F070031B041B0C43F4404343F08003DA
:104AA00020F8223030F8223023F4804323F07003C2
:104AB0001B041B0C83F4405343F4004343F0800376
:104AC00020F822300020704711B98023A0F84C3024
:104AD000002070470246B2F8583000206FEA434386
:104AE0006FEA53439BB2A2F858307047B0F84400C5
:104AF00080B27047013302F580625B08104408D031
:104B00000A4601EB4301801A1388135202328A428B
:104B1000FAD1704770B502F580625D0800EB0204BF
:104B200019D06FF001008E1C3246AC46401A20446A
:104B3000815ABCF1010C89B24FEA112E02F1020236
:104B400002F8041C02F803ECF2D1013D023406EB3A
:104B5000450104EB4504DB0744BF23880B7070BD9F
:104B6000D0E90023F0B4D0E90267D0E90445D0E9E8
:104B70000601B1F1FF3F08BFB0F1FF3F18D1B5F119
:104B8000FF3F08BFB4F1FF3F0FD1B7F1FF3F08BFB0
:104B9000B6F1FF3F0FD1F0BCB3F1FF3F08BFB2F158
:104BA000FF3F14BF0120002070470320F0BC704776
:104BB0000420F0BC70470220F0BC704710B54FF6DF
:104BC000FD7E1F4B0446B3F8E0C000F580330CF1C6
:104BD000FF3292B272454FEAC32008D84FF47832C0
:104BE000184B03EA4C23B2FBF3F203FB0200032948
:104BF0004FF0AA324FF0AA3312D0042908D002296C
:104C000016D000F041FFC0B90F4B00201C7010BD42
:104C1000183000F039FF003818BF0120400010BDE7
:104C2000103000F031FF003818BF0120400010BDE7
:104C3000083000F029FF0028E6D0022010BD00BF98
:104C40000005FA0B00FE1F0060410320F8B5044682
:104C500000F052FF002840F0BD804FF6FD73634A1C
:104C6000B2F8E0C00CF1FF3291B2994200F2B0808C
:104C70004FF478355E4B03EA4C23B5FBF3F503FBA9
:104C800005F5C5F57835ED0A4FF6FD7391B29942F9
:104C900012D999E04FF6FD77544E2846012100F0D5
:104CA000F7FE0135002840F08D80B6F8E0C00CF129
:104CB000FF3293B2BB4237D84FF478334C4901EA04
:104CC0004C21B3FBF1F301FB03F3C3F57833DB0AAB
:104CD00004339D422AD2002CDCD04FF47836B6FB48
:104CE000F1F01127EB0203F1006301FB003303F540
:104CF000006ED3E90001B1F1FF3F08BFB0F1FF3F03
:104D000003F1080318BF10279E45F2D1102F47D09A
:104D10004FF6FD7391B2994205F10105CCD9802D72
:104D200004D04FF48021DAE7802DB6D100F0E2FE06
:104D30004FF6FD712D4BB3F8E020531E9BB28B4212
:104D40004AD84FF478302A4B022103EA4223B0FBC1
:104D5000F3F003FB00F0C0F57830C00AFFF72EFF38
:104D600000283FD14FF6FD71224A204B1080B3F846
:104D7000E020531E9BB28B4236D84FF478331C4947
:104D800001EA4222B3FBF2F302FB03F3C3F57833EB
:104D9000C3F3C7232021184C184A23701160F8BDB3
:104DA0000121284600F074FE60B9104B0135B3F8BC
:104DB000E0C04FF6FD730CF1FF3291B299427FF6DD
:104DC0007BAFACE70120F8BD80234FF4802180E762
:104DD0007C2559E70E20F8BD7C200221FFF7EEFE6E
:104DE0000028BFD00220F8BD7C23D3E70005FA0BD2
:104DF00000FE1F006241032060410320BC0103202C
:104E00004FF6FD71224B2DE9F041B3F8E02082B05E
:104E1000531E9BB28B4220D84FF478351D4B03EACA
:104E20004223B5FBF3F503FB05F5C5F57834E40A39
:104E3000271D05F1006606EBC420FFF791FE04284C
:104E40004FEAC42804F102030BD09F4203D8052087
:104E500002B0BDE8F0811C46EDE780277C240025E8
:104E6000E7E7621C9A4206D30221204600F010FEBA
:104E700048B10120ECE708F108202844FFF770FE54
:104E80000428F1D0E3E7019000F034FE0198DFE759
:104E90000005FA0B00FE1F002DE9F0474FF6FD74E8
:104EA000444A454BB2F8E0101E784A1E92B206F50D
:104EB0008033A24280464FEAC3234FD84FF478395B
:104EC0003E4C04EA4124B9FBF4F904FB09F94B44D4
:104ED0001846FFF745FE4FF47833B3FBF4F304FBB9
:104EE00003F3C3F57833A6EBD32A0AF1010505F0E5
:104EF000030505EBD325074605F5803009EBC020F7
:104F0000DC0AFFF72DFEB8F1010F12D0B8F1020F45
:104F10000AD0022F1FD0012F1BD10AF1030A0AF079
:104F2000030A0AEB040616E098B92E463046BDE89F
:104F3000F087022F17D0012F0BD1214C2368B3F536
:104F4000006F08D304282BD003213046FFF736FE2C
:104F5000E0B14FF0FF363046BDE8F0874FF0000972
:104F60004FF48024B4E7164C2368B3F5006FF2D3F6
:104F700004281AD003213046FFF720FE0028E8D18C
:104F800002212846FFF71AFE30B1E2E70121284648
:104F9000FFF714FE0028DCD120232E462360C5E74E
:104FA000FFF72EFF0028CFD0D3E7FFF729FF002817
:104FB000E0D0CEE70005FA0B6041032000FE1F00A1
:104FC000BC0103202DE9F041074600200E46FFF703
:104FD00063FF431C6DD000F58031CC024FF6FD71AC
:104FE000354B8046B3F8E020531E9BB28B4208D865
:104FF0004FF47831314B03EA4223B1FBF3F203FB68
:1050000002442046FFF7ACFD831EDBB2022B4BD8D7
:105010002B4D04F5FF6C04F1180101E08C451CD008
:10502000DCE90023B3F1FF3F08BFB2F1FF3FACF171
:10503000080C1FFA82FEF1D0BE45EFD1A86840F0FF
:105040000100A8602B602F802C68A4B2B4EB124F33
:10505000E4D100203360BDE8F0814FF6FD71164BBE
:10506000B3F8E020531E9BB28B421FD84FF4783127
:10507000124B03EA4223B1FBF3F103FB01F1C1F54B
:105080007833DB0A08F10308A8EB030808F00308EB
:10509000984408F5803301EBC3242046FFF760FDF8
:1050A000831EDBB2022BB4D90720D4E700217C2376
:1050B000E8E70320BDE8F0810005FA0B00FE1F00C1
:1050C000003002404FF6FD72431E9BB2934201D95D
:1050D00008207047002310B582B00C4601A9019347
:1050E000FFF770FF019B236002B010BD70B506464C
:1050F00001200D46FFF7D0FE431C3AD04FF6FD715C
:105100001D4B00F5803CB3F8E0204FEACC2C531E39
:105110009BB28B4227D84FF47830184B03EA4223D6
:10512000B0FBF3F003FB00F0CDB1154CA36843F0E6
:105130000103A3602560268022681204114C2B46CF
:10514000216832438C44604400F09EFC78B90E49DB
:1051500022680B880832013322600B8070BD002E5C
:10516000E3D13246EAE70020002DDED1F7E7022046
:1051700070BD032070BD00BF0005FA0B00FE1F00CC
:1051800000300240BC010320624103202DE9F04FB2
:10519000002785B0CDE90001C2F10200C0B214467B
:1051A0000397FFF779FE431C00F068812023BB4A78
:1051B000BB4D1070BB4A06462F801360002C00F0D8
:1051C00042814FF6FD71B84BB3F8E020531E9BB2FD
:1051D0008B4200F23F814FF47833B44901EA422216
:1051E000B3FBF2F302FB03F31A46C3F57833DB0A91
:1051F0000336F61A06F003061E4406F5803002EB6D
:10520000C020FFF7ADFC022800F08680042800F0E3
:105210008980012C40F0DB80032840F0D8809F4B30
:105220002C881E789F4B4FF0000B1A6804F1FC038A
:10523000C2EBC62C0CF1006C4FF6FD7A9B4F0CF1C3
:10524000200C1FFA83FE09E01FFA89F474454FF021
:10525000010B2C8002F1080200F01981924BB3F887
:10526000E03003F1FF381FFA88F1514598BF4FF441
:10527000783107EA432996BFB1FBF9F0002009FB1A
:1052800000F00CEB02010144D1E90001B1F1FF3F54
:1052900008BFB0F1FF3F04F10109D5D14146BBF190
:1052A000000F01D07F4802604FF6FD77DFF8FC81E8
:1052B00089B204F57C7AB942DFF8EC911FFA8AFAD8
:1052C00008EA432325D84FF47830B0FBF3F003FB12
:1052D00000F0C0F57832D20AC2F10303334403F080
:1052E00003039E1806F5803300EBC320FFF738FC5C
:1052F000032804F1FC0340F0C8809CB254452C8084
:1053000078D0B9F8E030591E89B2B94208EA43238F
:10531000D9D97C220020DFE704213046FFF74EFC7C
:1053200000285ED14FF6FD715F4BB3F8E020531EAD
:105330009BB28B4200F2A6804FF478335B4901EABE
:105340004222B3FBF2F302FB03F31A46C3F57833B0
:10535000DB0A06F10309A9EB030909F003099944E3
:1053600009F5803002EBC020FFF7FAFBC31EDBB269
:10537000012B3AD84C4F4D4E1AE04FF47833B3FB23
:10538000F1F301FB03F31846C3F57833DB0A09F1A7
:105390000309A9EB030909F00309994409F58033CE
:1053A00000EBC320FFF7DCFBC31EDBB2012B1CD8D4
:1053B000032810D04FF6FD72B7F8E03006EA43211B
:1053C000013B9BB29342D8D900207C23DFE70A201F
:1053D00005B0BDE8F08F04214846FFF7EFFB002839
:1053E000E8D0022005B0BDE8F08F012CB5F800A090
:1053F0003FF415AFBAF5FC7FF3D2DDE90001FFF70A
:1054000075FE0028EDD12C88022C26D80124009F9F
:105410000CE02B88B3F5FC7F2CD230460399FFF7C4
:1054200065FE0028D4D10134FB2C19D0BC42A6B2B1
:10543000F9D0304603A9FFF7C5FD0028E9D00728B9
:10544000F1D00320C4E70121FFF7B8FB00283FF4A7
:10545000B8AEC6E700227C23CAE6023CFA2CD6D9B5
:105460000E4B02211878FFF7A9FB0028B9D14FF4A1
:105470008070ADE7122005B0BDE8F08F042005B0C4
:10548000BDE8F08F00227C2363E7A246B2E7054B1C
:105490001A60054BB3F8E030591E05E76041032060
:1054A00062410320BC0103200005FA0B00FE1F002F
:1054B0002DE9F04F89B0064600F01EFB002840F0B1
:1054C000D281074648F2050001244FF6FD71C04B1A
:1054D0009A6C42F480529A649B6CBE4A03F48053E7
:1054E0000793079B50619368BB4823F0180343F070
:1054F00008039360B94B0470B3F8E020531E9BB2CD
:105500008B4200F242814FF4783AB54B03EA4223D2
:10551000BAFBF3FA03FB0AF3C3F57834E40A039306
:1055200004F58033049304F10408A446039AAD49BA
:1055300002F5006202EBC3224FEAC32EA2F500631C
:105540000B60F3E802AB9A42FAD10CF1010CC445AE
:1055500002F50062F2D3039B4FF0000C0EEB030B3D
:105560005B46E1466546A3469A46CDE901CC80F804
:1055700000C05046FFF7F4FA421ED2B2012A40F2B0
:105580000B81032807D1019BCDF808B0002B08BF81
:10559000D946013301930BF1010BC3450AF5006AAB
:1055A000E7D3002D00F064814FF6FD718B4BB3F80B
:1055B000E020531E9BB28B4200F2E481884B03EA49
:1055C00042234FF47832B2FBF3F203FB02FBCBF53C
:1055D00078334FEAD32909F58035294609F1040AC1
:1055E0004FF0030803964C464646884609F10203ED
:1055F0000BEBC52501932846FFF7B2FA012800F00E
:10560000FB800134544505F5006506F10106F2D32F
:105610000023039E01934FF6FD71704BB3F8E02019
:10562000531E9BB28B4200F2A5814FF4783C6C4B29
:1056300003EA4223BCFBF3FC03FB0CFCCCF57835FE
:10564000ED0A05F58034224605F104084FF0000903
:105650000CEBC424CA46A346039704964F4616464D
:10566000A94664465846FFF77BFA022800F0968068
:10567000032808BFCDF80890791C01EB0509C14546
:105680000F460BF5006BEDD3DDE903765346002B97
:1056900000F08681544D002220202B78DFF85481C1
:1056A0004FEAC32C0293514B4FF6FD7B9646DFF831
:1056B0002CA1DFF82C910CF1006CA8F800201860E8
:1056C00008E00830B0F5006F4FF0010EA8F8002098
:1056D00000F08381BAF8E0300132591E8DB25D4589
:1056E00098BF4FF4783509EA432496BFB5FBF4F52B
:1056F000002565430CEB00042C44D4E90045B5F1CA
:10570000FF3F08BFB4F1FF3F92B2DAD1BEF1000F04
:1057100001D0364A10604FF6FD750A46DDF808A044
:105720002F4CDFF8B89028E04FF47831B1FBF3F15B
:1057300003FB01F1C1F57832D20A0AF103039B1A87
:10574000924503F0030302F1020000F0B3805045DC
:1057500000F0B08003EB020A0AF5803001EBC020B4
:10576000FFF7FEF9032840F01681B8F80030FC334B
:10577000A8F80030B9F8E0305A1E92B2AA4204EA02
:105780004323D1D97C220021D7E7194B4FF0800861
:105790007C2404930397C8E60135FCE6A94549D06B
:1057A000022F47D0F81C00F00300304404EBC02067
:1057B000FFF7D6F903287FF45FAFBAF1000F40F08E
:1057C000EA80094A4FF0010A791C82F8009054E7F8
:1057D0000010024000300240584103200005FA0B3F
:1057E00000FE1F005C41032060410320BC01032038
:1057F0007C000100624103204C4528D0019BA3425C
:1058000025D006F0030040440BEBC020FFF7A8F9B9
:1058100003287FF4F6AE0021744D01220846039E52
:105820002C70FFF7B3FCB0F5807F40F0DD800123E2
:105830000193F0E6791C01F00300304404EBC02032
:105840000591FFF78DF90028B7D0059915E7B01E2F
:1058500000F0030040440BEBC020FFF781F9002863
:105860007FF4CFAED7E70E27384609B0BDE8F08FFA
:10587000019B002B00F0AB80C4F10300049B484463
:1058800000F003001844039B03EBC020FFF768F906
:1058900004287FF489AE029BC4F10100184400F093
:1058A000030001212044FFF789F900283FF47CAE72
:1058B0000227D9E7029D0135AD1A05F0030515440D
:1058C00005F58033AA4501EBC32127D0484C002EB3
:1058D00037D10121284600F0DBF8002872D14FF6BD
:1058E000FD71B4F8E020531E9BB28B423FD84FF4B9
:1058F0007831404B03EA4223B1FBF3F103FB01F1A2
:10590000C1F57833DB0A0135ED1A05F003051D44B6
:1059100005F58033AA4501EBC321D8D100F0EAF8A0
:10592000019B002BA0D1B8F80030B3F5FC7F9BD2CF
:1059300001990846FFF7DAFB071E18BF01277F0011
:1059400092E74FF0110C01F50060D1E90023B3F1AB
:10595000FF3F08BFB2F1FF3F01F1080118BF4FF050
:10596000100C8142F1D1BCF1100FB8D1B1E7002188
:105970007C23C8E7204A4FF080087C254FF0000CBC
:10598000144663E61C494FF0800A4FF07C094FF043
:10599000000B0D4624E60A27384609B0BDE8F08F13
:1059A000EDB2029AC5F10103134403F003031D4451
:1059B000E8B20E4D02212870FFF700F900283FF4ED
:1059C0006AAE75E70127384609B0BDE8F08F019847
:1059D00009B0BDE8F04FFFF739B9084B1860044B28
:1059E000B3F8E030591E96E60C273DE760410320EE
:1059F0000005FA0B00FE1F007C000100BC01032023
:105A00004FF6FD72431E9BB2934201D908207047A6
:105A1000044B1B88B3F5FC7F01D2FFF767BB002264
:105A2000FFF7B4BB62410320134B144A196CB2F860
:105A3000E02011F4801F02F1FF334FF6FD719BB29D
:105A40000CD18B4297BF0E4B0E4B03EA422303F15E
:105A5000006383428CBF0120022070478B4297BFB6
:105A6000074B084B03EA422303F1006383428CBFD8
:105A700002200120704700BF002002400005FA0B01
:105A800000FE1F000000040801460120FAF750B88C
:105A90004FF6FD7C70B50026144B0446B3F8E020A9
:105AA00086B0531E9BB200F5803063450D460196CB
:105AB0004FEAC02008D80E4B03EA42234FF4783255
:105AC000B2FBF3F203FB0200FFF7AEFF0222034634
:105AD00001A902A8CDE9033405950292FAF73CFA30
:105AE000003818BF012006B070BD00BF0005FA0BDA
:105AF00000FE1F00704700BFFF2300B58BB001A858
:105B00000293FAF793F9079B13F4800F0CBF0E2052
:105B100000200BB000BD00BF38B50446012540236E
:105B20000222842103F0B2FFA4F874504023022221
:105B30000421204603F0AAFF102003228321A4F8A9
:105B4000B451A4F862000823204603F09FFFA4F894
:105B500060500025D4F8C0321B689847D4F8BC3296
:105B60000421C3F834522046C3F8405200F0BAF979
:105B7000284638BD0023F0B5D0F8BC6283B08DF85C
:105B80000530ADF8063066B10B78054613F0600CB1
:105B90000C4623D0BCF1200F06D02146284600F049
:105BA0009DFD032003B0F0BDCF8891F801C09FB3E5
:105BB0001B0654D502F1B00350F823303A46314663
:105BC00060469B689847E2883146072A28BF07222B
:105BD000284600F0B7FD002003B0F0BD4B780B2B3A
:105BE000DBD801A252F823F04B5C0108D75B010817
:105BF0009B5B01089B5B01089B5B01089B5B0108A9
:105C00009B5B01089B5B01089B5B01089B5B010898
:105C1000375C01082D5C010802F1B00350F8233015
:105C20003A4660469B6898470020D5E790F89C323A
:105C3000032BD0D0B1E790F89C32032BADD10122D9
:105C40000DF1050100F07EFDC5E790F89C32032BB5
:105C5000A3D102220DF1060100F074FDBBE73A4624
:105C6000314686F800C286F8017200F083FDB2E783
:105C700010B5D0F8BC4284B1D0F8C0325BB194F812
:105C80000002FF2807D09B68214694F8012298471C
:105C9000FF2384F80032002010BD032010BD00BF98
:105CA00003464B2201481A80704700BF10020320B0
:105CB00003460A2201481A80704700BF5C02032095
:105CC000EE2903D1122305481380704710B5002434
:105CD0002146148000F002FD204610BDFC01032087
:105CE00038B5D0F8BC524DB30429044617D0022968
:105CF00005D003F041FFC5F82402002038BD03F0B1
:105D00003BFFD4F8C432C5F82002002BF5D0204662
:105D10009B68D5F8081205F508729847EDE703F07F
:105D20002BFFD4F8C032C5F81C02002BE5D0DB688D
:105D3000D5F8040205F507719847DEE7032038BD62
:105D400070B5D0F8BC42ACB301EB810E00EB8E0510
:105D5000AB690A4684465BB9DCF8C0320BB1042A51
:105D600018D0DCF8C4320BB1012A1ED0002070BD5F
:105D7000D0F8CC6206EBCE0EDEF82060B3FBF6FE68
:105D800006FB1E33002BE7D11A46AB6103F0DCFEA5
:105D90000020ECE700251B69D4F8100204F50A7115
:105DA000C4F8345298470020E1E700230020C4F8EB
:105DB0003832DCE7032070BD8A8870B50C46054692
:105DC0004AB9FFF7D7FE064618B12146284600F02B
:105DD00085FC304670BD21462846032600F07EFC37
:105DE000F7E700BF38B504460025842103F05CFEC8
:105DF00004212046A4F8745003F056FE8321204667
:105E0000A4F8B45103F050FED4F8BC3225664BB16F
:105E1000D4F8C0325B689847D4F8BC0203F0B4FEF3
:105E2000C4F8BC52002038BD10B504464FF41470BD
:105E300003F0A6FE034630B12046C4F8BC32BDE8EC
:105E40001040FFF769BEC4F8BC02022010BD00BFBD
:105E5000034621B1B032002043F8221070470320DE
:105E6000704700BFD0F8BC0238B100EB8303C3F821
:105E700010120020C3F8282270470320704700BF8B
:105E8000D0F8BC322BB103EB82030020C3F804121C
:105E900070470320704700BFD0F8BC2202B302EB6A
:105EA000810310B5D3F834426CB90124C3F83442ED
:105EB00059B9D2F828328421D2F81022836603F02F
:105EC00043FE002010BD012010BD0129F9D1D2F8F8
:105ED0002C328121D2F81422C36203F035FEF0E7A0
:105EE00003207047D0F8BC22A2B1042908B503D022
:105EF000022908D0002008BD4023D2F8042203F074
:105F00002FFE002008BD8023D2F8082203F028FECF
:105F1000002008BD0320704788B10023C0E9B033DA
:105F2000C0F8B832C0F8C832C0F8D43209B1C0F8ED
:105F3000B4120123027080F89C3203F039BD0320B3
:105F4000704700BF002310B582B0ADF8063061B1D4
:105F5000CB6A0446C0F8B81223B10DF10600984789
:105F6000C4F8D402002002B010BD032002B010BD5E
:105F700003F080BDD0F8B8320BB11B68184703207E
:105F8000704700BF08B5D0F8B8320BB15B689847CE
:105F9000002008BD38B5044600F2AA25284600F0C6
:105FA00091FB012294F8AA12B4F8B032C029C4F8C7
:105FB0009422C4F898320DD001F01F03012B1BD09E
:105FC000022B13D063B12046BDE8384001F08001B8
:105FD00003F082BD2046BDE83840802103F07CBD3F
:105FE00029462046BDE8384000F0F6B8294620464C
:105FF000BDE8384000F0C8BA29462046BDE8384020
:1060000000F08CBA70B5044631B91346D0F894222A
:10601000032A0DD0002070BD90F89C32032BF9D1DB
:10602000D0F8B8329B69002BF4D0BDE87040184717
:10603000D0E95752954208D890F89C32032B0ED0E5
:10604000204600F0AFFB002070BDAD1AAA4228BF69
:106050002A461946C0F85C5100F09AFBDAE7D0F8FE
:10606000B8321B69002BEBD09847E9E770B50446BE
:1060700049B9D0F89432022B11D094F8A032012BF8
:1060800022D0002070BD90F89C32032BF9D1D0F8BB
:10609000B8325B69002BF4D0BDE870401847D0E9F6
:1060A0000736B3420D4614D820D094F89C32032B07
:1060B0002FD08021204603F00FFD204600F07EFB0C
:1060C00094F8A032012BDCD1002384F8A032002008
:1060D00070BD9B1B1146C3611A4600F041FB2B4665
:1060E0002A462946204603F03BFDC6E782699342D3
:1060F000DBD8D0F898329A42D7D20A4600F030FB6B
:106100002B462A4629462046C4F8985203F028FD1B
:10611000B3E7D4F8B832DB68002BCAD020469847E2
:10612000C7E700BF00210122D0F8B83280F89C22D6
:106130004160C0F89412C0F8A412EBB1D0F8BC22B0
:1061400070B5044612B15B6803B198470022402540
:10615000012611464023204603F098FC00228021AE
:106160002B462046A4F86461C4F8605103F08EFC0D
:106170000020A684256270BD0320704703460020DE
:10618000197470470346042193F89C220020D2B270
:1061900083F89D2283F89C12704700BF90F89C32D0
:1061A000042B04D190F89D32DBB280F89C320020A1
:1061B000704700BFD0F8B82262B108B590F89C32A1
:1061C000032B01D0002008BDD369002BFAD09847DB
:1061D000002008BD0320704730B50B780D4603F052
:1061E0006003202B044683B028D0402B26D05BB11F
:1061F0008021204603F070FC0021204603F06CFC57
:106200000025284603B030BD4B78092BF0D801A2F9
:1062100052F823F087620108AF620108F1610108BA
:10622000CD620108F1610108D56201080F63010820
:10623000F1610108456301084F62010829462046C3
:10624000D4F8B8329B6803B0BDE83040184789786D
:10625000B14D0129297000F23B8190F89C32022B4C
:10626000DAB200F01D81032A00F0FA80802103F0E9
:1062700033FC0021204603F02FFC20462978FFF74D
:1062800081FE0325BDE790F89C32013B022BAFD87D
:10629000CA88022AACD1D0F8A4320146003B18BF0C
:1062A00001235B0041F80C3F00F04CFAA8E790F89E
:1062B0009C32013B022B9BD84B88012BA0D10023A1
:1062C0002046C4F8A43200F06DFA99E74B88012B00
:1062D00096D1F5E78B88002B8AD1CB88002B87D10C
:1062E0004B887F2B84D890F89C22032A80D0DDB283
:1062F000294680F89E5203F01BFC204600F052FA1B
:10630000002D00F0FB80022384F89C3278E7002106
:106310006A88ADF80610130A013B062B3FF668AFFA
:1063200001A151F823F000BFD9630108BF63010840
:10633000E9630108F1610108F1610108A96301083D
:106340006D630108CA88012A7FF452AF90F89C322D
:10635000022BD9B200F2B58000293FF449AF0146C3
:10636000002341F8083F00F0EDF949E7037C002BDA
:106370007FF43EAFD0F8B8320DF106001B6B9847A2
:1063800007234370EB88002B66D0BDF80620002A57
:106390003FF42EAF9A4228BF1A4601462046ADF878
:1063A000062000F0CFF92BE7037C002B7FF420AF11
:1063B000D0F8B8320DF106005B6B9847E2E7027C3B
:1063C000D0F8B832002A40F08B809B6A0DF10600AD
:1063D000984702234370D5E7D0F8B4320DF1060197
:1063E0001B68007C9847CDE7D1B2052900F28A806E
:1063F000DFE801F026201A140E03D0F8B4329B69AE
:10640000002B3FF4F5AE207C0DF106019847B9E76B
:10641000D0F8B4325B69002BF5D1E9E6D0F8B4329C
:106420001B69002BEFD1E3E6D0F8B432DB68002B18
:10643000E9D1DDE6D0F8B4329B68002BE3D1D7E692
:10644000D0F8B4325B68002BDDD1D1E60223416085
:1064500080F89C32FFF796FD204600F0A3F9CFE6C6
:106460000029F3D041680129F6D0C9B2FFF78AFDAF
:10647000297820466160FFF77DFD05460028EBD0B6
:106480008021204603F028FB0021204603F024FB56
:1064900020462179FFF776FD022384F89C32B0E68E
:1064A0000029D9D001214160FFF764FD0546F0B114
:1064B0008021204603F010FB0021204603F00CFB56
:1064C0009FE603297FF494AE011D00F03BF997E6A7
:1064D000802103F001FB0021204603F0FDFAD0E605
:1064E000DB6A0DF106009847022343704AE7204615
:1064F00000F058F9032384F89C3281E6012384F8E4
:106500009C327DE6D0F8B8329B6B002B3FF470AE26
:106510000DF10602984735E77041032038B50B7836
:106520000D465A0604460DD503F06002402A09D0F4
:10653000802103F0D1FA0021204603F0CDFA002596
:10654000284638BD94F89C32013B022B12D82B7997
:10655000022B0FD8D4F8B83229469B6820469847BA
:10656000EB880546002BEBD10028E9D1204600F04E
:1065700019F9E5E78021204603F0AEFA0021204614
:1065800003F0AAFADBE700BF70B50B780D4603F005
:106590006003202B04464CD0402B4AD04BB18021C5
:1065A000204603F099FA0021204603F095FA0020D6
:1065B00070BD6B788A88012BD1B22BD0032B40D0D1
:1065C000002BECD190F89C32022BD8B253D0032888
:1065D000E5D101F00F0303EB8303120604EB830301
:1065E00058D4B3F86431002BD9D001EB810504EB0A
:1065F000850505F5AA75002958D0204603F084FAD0
:10660000002859D001232B6002222946204600F0A1
:1066100099F8CCE790F89C32022BDAB222D0032A08
:10662000BDD16B88002BC2D14E0642D1204600F06E
:10663000B9F8D4F8B83229462046BDE870409B68C6
:10664000184790F89C32022BDAB20BD0032AA6D15D
:106650006B881BB94A0601D0EB887BB3204600F05B
:10666000A1F8A4E74B069AD003F036FA8021204621
:1066700003F032FA9BE7480691D1002311064CBF84
:1066800004F1140104F5AA71022220460B6000F007
:1066900059F88CE79B8C002B81D001F07F050135E8
:1066A00005EB8505802904EB8505A6D100232B6029
:1066B000AAE703F01DFAB9E72860A5E703F00CFA92
:1066C000CCE700BF0B7803704B7843704B88438056
:1066D0008B888380CB88C380704700BF10B5044689
:1066E000802103F0F9F92046BDE81040002103F0B5
:1066F000F3B900BF08B370B5037805460E461446DB
:10670000E3B10130E9F79CFD431CDBB201335B00D0
:10671000DAB223800323327073702C7864B1284678
:10672000022300215A1CD2B2F454B15410F8014F84
:106730000233DBB2002CF5D170BD70470222134644
:10674000E7E700BF10B5134602240A46C0E9063346
:106750000021C0F8944203F0F7F9002010BD00BFFB
:106760008C4608B500211346624603F0EDF900207F
:1067700008BD00BF10B5134603240A46C0E95633CE
:106780000021C0F8944203F0EBF9002010BD00BFD7
:106790008C4608B500211346624603F0E1F900205B
:1067A00008BD00BF002310B504241A461946C0F8DE
:1067B000944203F0C9F9002010BD00BF002310B5BA
:1067C00005241A461946C0F8944203F0C9F900207E
:1067D00010BD00BF08B54FF0E0231B6901F0E2FED9
:1067E000012800D108BDBDE8084002F02FBC00BF61
:1067F00008B5EFF3058313B16FF0050008BD01F094
:10680000D1FE012807D0EFF31083002BF4D1EFF372
:106810001183002BF0D101F0C5FE0128034604D1FD
:10682000034A106808B9136008BD4FF0FF3008BD77
:10683000CC4E0320EFF3058313B16FF005007047D2
:1068400010B501F0AFFE012809D0EFF3108313B1AA
:106850006FF0050010BDEFF31183002BF8D101F0AC
:10686000A1FE01280CD1084B1A68012A08D1002486
:1068700002220649CC771A6001F092FB204610BD37
:106880004FF0FF3010BD00BFCC4E032000ED00E004
:10689000F0B5002587B014460595EFF3058212B1D7
:1068A000002007B0F0BD07460E4601F07BFE012830
:1068B00009D0EFF3108313B1059807B0F0BDEFF3E3
:1068C0001183002BF8D1002FF6D00CB3A569DDB9E8
:1068D00018256368DB07E3D463693BB39A08A068B3
:1068E000D4F800C0E16820B3AB29E5D921690029BB
:1068F000E2D0002BE0D0CDE90110334661463846A6
:10690000009501F069F9CCE76B1E372BE1D9C7E799
:106910004FF480721825214605AC33463846009561
:10692000019401F08DF90128BAD1C5E74FF48072C6
:10693000D5E70029C0D12369002BBDD1644692B2AE
:10694000E9E700BF01F028BE38B5EFF3058313B1C6
:106950006FF0050038BD04460D4601F023FE012806
:1069600007D0EFF31083002BF2D1EFF31183002B4C
:10697000EED144B16B1E372B05D82046294601F0D5
:10698000ABFA002038BD6FF0030038BDEFF305838C
:1069900013B16FF00500704710B5044601F002FE18
:1069A000012809D0EFF3108313B16FF0050010BD7B
:1069B000EFF31183002BF8D10CB9002010BD204655
:1069C00001F022FAF9E700BF4FF4807330B4034DB1
:1069D000034C05600C60136030BC7047204E0320F0
:1069E000204A03204FF4007330B4034D034C05607C
:1069F0000C60136030BC704774490320744103205D
:106A00004FF0FF31002200F10803C0E90131C0E975
:106A100003330260704700BF00230361704700BF6B
:106A20004268036810B494680133C1E901246160CD
:106A300091605DF8044B08610360704730B40D68E5
:106A40006B1C10D000F108031C465B681A68AA4250
:106A5000FAD902684B60013299608C60616008610C
:106A600030BC0260704704696368F2E7036910B4E0
:106A7000D0E901125C688A6051600021844208BF3D
:106A80005A601A680161013A1A6018685DF8044B8F
:106A9000704700BF70B51646026C0446856B2AB974
:106AA000066801354EB31046A56370BD8EB94068C7
:106AB00003F0CCF96368216CA2680B4493426360D5
:106AC00028BF236805F1010528BF63600020A56386
:106AD00070BDC06803F0BAF9226CE36851429B1A9A
:106AE0002268E360934202D2A3680B44E360022E63
:106AF00008D001350020A56370BD806801F0AAFDB3
:106B0000A660D1E7012D38BF0125DFE770B5054646
:106B100002F07AFA95F845305CB2002C14DD05F1EC
:106B2000240603E0631EDAB25CB26AB16B6A5BB141
:106B3000304601F069FB0028F4D001F02BFC631E05
:106B4000DAB25CB2002AF1D1FF2385F8453002F0B9
:106B500069FA02F059FA95F844305CB2002C14DD61
:106B600005F1100603E0631EDAB25CB26AB12B696C
:106B70005BB1304601F048FB0028F4D001F00AFC7C
:106B8000631EDAB25CB2002AF1D1FF2385F84430EB
:106B9000BDE8704002F046BA70B568B3C56B0446F4
:106BA000F5B1026CA2FB0525D5B90E4602F02CFA10
:106BB000D4E90F30FF2100FB03F32268181A62604A
:106BC00013440244A563C4E9023284F8441084F8F3
:106BD000451046B9236993B902F024FA012070BD2B
:106BE00002F068FBFEE704F11000FFF709FF04F173
:106BF0002400FFF705FFEFE702F05CFBFEE704F17E
:106C0000100001F001FB0028E6D002F0F1F9E3E703
:106C100070B582B09DF8186033B3054650B11C467C
:106C20005AB139B150230193019B502B0DD002F082
:106C300041FBFEE702F03EFBFEE70029FAD15023BC
:106C40000193019B502BF2D12246C4E90F5101213F
:106C50002046226084F84610019BFFF79DFF2046E6
:106C600084F84C6002B070BD02F024FBFEE700BF68
:106C7000F0B585B00192002800F0878004460E46EA
:106C80001D46002961D0022D02D1E36B012B6FD18B
:106C900001F088FC00284ED002F0B6F9A26BE36B3D
:106CA0009A4258D3022D56D0002007460DE002F03C
:106CB000B9F92046FFF72AFF01F0CAF902F0A4F95A
:106CC000A26BE36B01209A4245D3019B002B5FD05E
:106CD000002836D002F0A6F901F0B2F902F094F9DA
:106CE00094F84430FF2B08BF84F8447094F84500B2
:106CF000FF2808BF84F8457002F094F901A902A8A2
:106D000001F010FB002848D102F07EF9A26BE36B82
:106D10009A42CCD102F086F9019904F1100001F0F9
:106D200033FA2046FFF7F2FE01F092F90028C5D1B0
:106D300002F05EF9C2E7019B002BADD002F0BAFA77
:106D4000FEE702A801F0E2FAC4E7036C002B9AD038
:106D500002F0B0FAFEE72A4631462046FFF79AFED7
:106D6000636A5BB938B902F05DF9012005B0F0BD86
:106D700002F0A0FAFEE702F03BF9F4E704F1240088
:106D800001F042FA0028EED0F5E702F093FAFEE7B0
:106D900002F048F9002005B0F0BD2046FFF7B6FE2E
:106DA00001F056F9F6E700BF70B582B011B3502379
:106DB0000193019B502B1AD10C4600260121054658
:106DC000C4E90F1684F8461020462460019BFFF7A3
:106DD000E3FE334632463146204684F84C50A660E6
:106DE0002660E660FFF744FF204602B070BD02F067
:106DF00061FAFEE702F05EFAFEE700BFF0B585B08B
:106E0000019200286BD004460E4600295BD001F0A9
:106E1000C9FB00285DD002F0F7F8A56B002D61D109
:106E2000019B002B42D002A801F070FA2F4602F01D
:106E3000F9F801F005F902F0E7F894F84430FF2B77
:106E400008BF84F8447094F84530FF2B08BF84F8DD
:106E5000457002F0E7F801A902A801F063FA98B9B9
:106E600002F0D2F8A36B33BB02F0DCF8019904F115
:106E7000240001F089F92046FFF748FE01F0E8F808
:106E800068B902F0B5F80AE02046FFF73FFE01F0CE
:106E9000DFF802F0B9F8A36B43B102F0C3F802F0D7
:106EA000B3F8A56BF5B9019B002BC0D102F0BAF87D
:106EB000002005B0F0BD02F0B5F82046FFF726FE31
:106EC00001F0C6F8EBE7036C002BA0D002F0F2F95A
:106ED000FEE7019B002B9ED002F0ECF9FEE702F0EA
:106EE000E9F9FEE7226C5AB1E168A36811449942BE
:106EF000E16028BF2168304628BFE16002F0A6FFAC
:106F0000013DA56323691BB902F08CF80120D0E78D
:106F100004F1100001F078F90028F5D002F068F8CB
:106F2000F2E700BFF0B585B00191002878D0036C7E
:106F30000446002B3FD101F035FB10B9019B002B1B
:106F40006BD102F061F8A56B002D7AD1019B002B6B
:106F500060D002A801F0DAF92E462F4602F062F85E
:106F600001F06EF802F050F894F84430FF2B08BF9F
:106F700084F8447094F84530FF2B08BF84F84570BE
:106F800002F050F801A902A801F0CCF9B0B902F062
:106F90003BF8A36B23B302F045F82046FFF7B6FD9C
:106FA00001F056F802F030F8A56B002D49D1019B95
:106FB000002BD3D12EE002F07DF9FEE72046FFF74B
:106FC000A5FD01F045F802F01FF8A36B2BB902F004
:106FD00029F8C6B9002005B0F0BD02F023F8E1E7BA
:106FE00002F020F823681BB3019904F1240001F09A
:106FF000CBF82046FFF78AFD01F02AF80028D1D10E
:1070000001F0F6FFCEE701F0FFFF616A59B9A06811
:1070100001F068FB02F006F8DCE702F04BF9FEE74E
:1070200002F048F9FEE7236B1968C1F13801EEE779
:1070300001F0EAFFA06801F0C5FA064601F0F2FF90
:10704000D2E72368013DA56373B123691BB901F041
:10705000E9FF0120BFE704F1100001F0D5F8002896
:10706000F5D001F0C5FFF2E701F08AFBA060ECE784
:1070700038B500B3A1B1124C6268234682421DD0DC
:10708000A44600221D68013208337DB1082A07D0CA
:107090005D689C46A842F5D104EBC20CCCE9001017
:1070A00038BD5D68A842F7D001320833082AF8D10C
:1070B000CCE90010F4E702F0FDF8FEE70022EBE770
:1070C000D04E032070B504460E46154601F09CFFD5
:1070D00094F84430FF2B04BF002384F8443094F824
:1070E0004530FF2B04BF002384F8453001F09AFFA0
:1070F000A36B23B12046BDE87040FFF707BD04F144
:1071000024002A46314601F053F82046BDE870407D
:10711000FFF7FCBC2DE9F8431C4683681646A3EB39
:1071200004089045474628BF1746E219934202D209
:1071300002F0C0F8FEE7054680693A4620448946D9
:1071400002F084FEB0450BD2AB68F21B9A4202D922
:1071500002F0B0F8FEE7A86909EB070102F076FE3D
:10716000AB68A019984228BFC01ABDE8F88300BFD9
:107170002DE9F0411C460B4681681546A1EB040839
:107180009045474628BF1746E219914202D202F0C5
:1071900091F8FEE7816906463A461846214402F016
:1071A00055FEA84506D3B3686019984228BFC01A97
:1071B000BDE8F081B1693844EA1B02F047FEF2E70E
:1071C000F0B51646027F1C46D20705460F460368F7
:1071D00083B006D4B44228BF34467CB9204603B0FD
:1071E000F0BD04220DEB0201FFF7C2FF019A034636
:1071F00096420CD20024204603B0F0BD2246394608
:107200002846FFF7B5FF2860204603B0F0BD1646BC
:10721000043CDFE7F0B51646027F1C46D207054660
:107220000F46436883B007D5089A0196944211D25D
:107230000024204603B0F0BDB44228BF3446002CE1
:10724000F7D0224639462846FFF764FF686020469B
:1072500003B0F0BD04220DEB0201FFF75BFF3446E3
:107260000346002CE5D0ECE72DE9F04182B0CBB12C
:107270001D46089BE3B1814204460E460FD8002A02
:107280000CBF4FF002084FF0030804280DD9242347
:107290000193019F9F420ED002F00CF8FEE702F02E
:1072A00009F8FEE702F006F8FEE702F003F8FEE751
:1072B00002F000F8FEE702465521284602F024FDC0
:1072C000854202D001F0F6FFFEE73A460021089819
:1072D00002F01AFD089B012E38BF012618469D6159
:1072E0009C6083F81C80DE6002B0BDE8F08100BFC6
:1072F00038B568B1856802680168446803689A42D5
:10730000F9D168180138001B854298BF401B38BD71
:1073100001F0D0FFFEE700BF08B540B182684368C6
:107320000168D018401A824298BF801A08BD01F047
:10733000C1FFFEE72DE9F04387B00393002900F079
:1073400084800446002800F08380037F8568DB0783
:1073500017460E4605F1FF325ED4BA4228BF3A46C0
:107360009046039B002B33D004A800F0B9FF01F036
:107370004BFEA16820682568626823689842F9D1AD
:107380000D44013DAD1AA94298BF6D1AA84565D9B3
:107390000021084601F01CFCD4F81490B9F1000F4C
:1073A0005FD101F0F9F8606101F03CFE039A4946B3
:1073B00000924B464A46484601F024FA03A904A825
:1073C000C4F8149000F0AEFF0028D0D05DB9A568D5
:1073D00022682168606823689A42F9D14B1E1B1A03
:1073E0005D1938BF1D462B463A4631462046CDF83A
:1073F0000080FFF70FFF054650B1A268636821685F
:1074000013445B1A9A4298BF9B1AE2689A420CD9BD
:10741000284607B0BDE8F08307F1040847451AD2B3
:1074200042459ED200230393D2E700F009FE236970
:1074300043B100262069334632463146009601F0BA
:107440002DFA266100F004FEE2E701F033FFFEE7CB
:1074500001F030FFFEE701F02DFFFEE701F0E2FD55
:10746000B4E701F027FFFEE7F0B583B0002942D072
:107470000446002842D01F4690F81CC0D0F808E00F
:107480000CF0010C02EB8C0C256826686368206800
:107490008542F9D17644013EF31A9E45204698BFB5
:1074A000A3EB0E03CDF800C0FFF7B4FE054650B1C4
:1074B000A2686368216813445B1A9A4298BF9B1ABA
:1074C000E2689A4202D9284603B0F0BD01F0F2FE0C
:1074D000236906464BB12069019700273B463A468F
:1074E0003946009701F05AFA2761304601F0EEFE66
:1074F000284603B0F0BD01F0DDFEFEE701F0DAFE44
:10750000FEE700BF2DE9F04383B0002949D00446CF
:10751000002849D0077F0E4607F00107904699469C
:10752000BF0073B9A368656822681D44AD1AAB42F9
:1075300098BFED1ABD4212D80025284603B0BDE819
:10754000F08301F061FDA368656822681D44AD1AEF
:10755000AB4298BFED1ABD421AD901F063FD2B462C
:10756000424631462046FFF72BFE05460028E3D071
:1075700000F066FD636943B1002660693346324618
:107580003146009601F08AF9666100F061FDD4E7AA
:107590000021084601F01CFB256945B101F08AFE77
:1075A000FEE701F087FEFEE701F084FEFEE700F053
:1075B000F3FF206101F036FD2B462A462946284676
:1075C000CDF8009001F01EF92561ABE72DE9F041FF
:1075D000054601F019FD374A374F13680133136030
:1075E0003B68002B35D0354CEB6A226852B3344EE1
:1075F000344935480A6805F1040C01326A640A60AE
:1076000002689A4238BF036003EB830306EB8300F2
:1076100041689B00A960F258D1F808E00132C5F832
:107620000CE0CEF804C0C1F808C06861F25001F067
:10763000F9FC236823B13A68EB6AD26A9A4210D304
:10764000BDE8F0813A681E4ED26A9A4298BF3D600A
:10765000CEE73D601368012B07D0EB6A184E174C3C
:10766000C6E7BDE8F04101F0C3BC154E344606F54F
:107670008C6820461434FFF7C3F94445F9D1DFF88C
:107680006480124C4046FFF7BBF92046FFF7B8F97B
:107690000F48FFF7B5F90F48FFF7B2F90E48FFF7AB
:1076A000AFF90E4BC3F800800D4B1C60EB6A034C26
:1076B0009EE700BF404F032014540320344F0320A3
:1076C000B44F0320244F0320384F03208C4F032056
:1076D000704F03205C4F0320444F0320884F03204A
:1076E000844F0320A04F0320F8B50446214B224EBF
:1076F0001D6830680F460430FFF7B8F9631C17D0D7
:1077000033682D195D600BD21C4B18683168043149
:10771000FFF794F91A4B1A68AA4200D91D60F8BD08
:10772000184B18683168BDE8F8400431FFF786B996
:107730006FB933686A1E5A60002DF1D10F4B18687B
:1077400031680431FFF77AF90D4B1B68F8BD0E4B19
:1077500031685A6837688A603068316835681C68F3
:10776000043001341C6094680431FC6060609160F6
:107770006B61F8BD3C4F032014540320884F032055
:10778000204F0320844F0320444F03202DE9F0476E
:107790008A460A9C95000746A5212A46206B9846F2
:1077A000089E02F0B1FAD4F83090BAF1000F0FD071
:1077B0000AF1FF3C0AF10F0104F1330E1CF8012F0E
:1077C0000EF8012F0AB18C45F8D1002384F843301C
:1077D000372E02D901F06EFDFEE7E662E664201D59
:1077E000FFF71AF9C6F1380604F11800FFF714F98B
:1077F0004C220021A6612461646204F1580002F069
:1078000083FA0B49043D01F16803E16509EB0500CA
:10781000D0312366616643463A46216B20F007006B
:1078200001F042FC099B206003B11C60BDE8F087B9
:10783000B474032080B51E4DDFF884801D4E1E4FAA
:107840001E4C2B684BB301F0DFFBD8F80C30D3F89B
:107850000C9009F10400FFF709F93368013B33602C
:107860002B68013B2B6001F0DDFB3868583002F0DB
:1078700053FA99F8A93033B1012B14D0022BE0D080
:1078800001F018FDFEE7D9F8300001F02BFE484664
:1078900001F028FE2B68002BD5D12368012BD0D90D
:1078A00001F0A6FBCDE7484601F01CFEC9E700BF8A
:1078B000584F0320404F032014540320B44F03209B
:1078C0005C4F03202DE9F04F604B83B01C680134FE
:1078D0001C60002C79D05E4B1A6894427CD35D4DBD
:1078E0002A681268002A00F0AC804FF0000CCDE945
:1078F000004366465848DFF874E1584F58E0D3F823
:107900001490D3E90241A1609C684C60D9F804103E
:10791000914204BFD968C9F80410D9F800105E611B
:107920000139C9F80010D3F82890B9F1000F11D02F
:10793000D3E90741A160DC694C60D9F804104145E6
:1079400004BF196AC9F80410D9F800109E62013901
:10795000C9F80010D3F82C80D7F8009008EB880104
:1079600000EB810AC845DAF8049088BFC7F80080A8
:1079700050F82180C3F80890D9F808B008F1010840
:10798000C3F80CB0CBF80420C9F80820C3F814A041
:1079900040F82180DEF80020D5F80080D96AD26A4C
:1079A000D8F80030914288BF4CF0010C002B43D036
:1079B0002B68009CDB68DB6859681A1D8C4203F158
:1079C00018089CD2019B19600BE0224B1A681268C0
:1079D000DAB101F06FFCFEE74FF0000C1E48DFF853
:1079E0008CE0DEF800301E4ADB6A03EB83039B0069
:1079F000C0581368012898BF002B14BF0120002035
:107A000040EA0C0003B0BDE8F08F164A1868116810
:107A10001960154910600A6801320A601A68126814
:107A200022B94FF0FF320A4B1A6055E71A68084B2B
:107A3000D26812681A604FE7019B4FF0FF321A605C
:107A4000CFE794460448DFF824E0F6E73C4F0320F4
:107A5000204F0320884F0320B44F0320384F0320CA
:107A60002C4F0320844F0320284F0320145403205D
:107A70002DE9F04F4E4C83B001F0C6FA2368013B6C
:107A800023602668002E40F083804A4B1B68002B41
:107A90007ED0494D2B68002B00F08680474F484828
:107AA000DFF82CC1DFF82C810196EB68DB681A6ADD
:107AB000DE69996AB260DE6903F1180E56604A68A1
:107AC000019E724504BF1A6A4A600A689E62013AC2
:107AD0000A60D9689E685A69B1609E6803F1040E15
:107AE0004E605168714504BFD96851601168013911
:107AF0001160DA6AD7F8009002EB820100EB810A8C
:107B00004A45DAF8049088BF3A6050F82120C3F85B
:107B10000890D9F808B00132C3F80CB0CBF804E0F3
:107B2000C9F808E0C3F814A040F82120DCF80010E0
:107B3000DA6ACB6A9A4284BF0123C8F800302B6806
:107B4000002BB2D11F4B1A68126842B31A681E4B41
:107B5000D26812681A601D4E356895B1012706E09B
:107B6000FFF7B0FE08B1C8F80070013D08D02368E7
:107B7000002BF5D03368013D03F101033360F6D1EA
:107B80003560D8F800301BB101F032FA012400E072
:107B9000002401F047FA204603B0BDE8F08F4FF013
:107BA000FF32094B1A60D6E7DFF82880D3E700BF21
:107BB000184F0320404F0320704F0320384F0320FD
:107BC000B44F0320884F0320204F0320304F032061
:107BD000145403202C4F03202DE9F04188B0DDE937
:107BE0000F573DB34FB31646AC220792079AAC2A03
:107BF00002D001F05FFBFEE704468846384607994D
:107C00000021059302F080F820460E9C3D6300940D
:107C10000224029787F8A94006AC32464146059BEC
:107C20000194FFF7B3FD3846FFF7D0FC069808B083
:107C3000BDE8F08101F03EFBFEE701F03BFBFEE713
:107C40002DE9F043064685B0900015460F4698464C
:107C500001F0C0FB08B30446AC2001F0BBFB814639
:107C6000C0B1AC22002102F04FF8C9F830400D9CA1
:107C7000434601940C9C2A4639463046CDF808907C
:107C80000094FFF783FD4846FFF7A0FC012005B0F4
:107C9000BDE8F083204601F025FC4FF0FF3005B031
:107CA000BDE8F08370B50446304D01F0ADF9002C0D
:107CB00042D0261D3046FEF7D9FEA36A1BB104F15F
:107CC0001800FEF7D3FE2A4A1368013313602B68AD
:107CD000A34228D0274A28491368013B13600B6848
:107CE0001B68DBB10A68254BD26812681A6001F084
:107CF00099F92B68A3420AD02868583002F00CF892
:107D000094F8A9301BB3012B28D0022B16D11C4BA1
:107D10001B6813B12B68A34213D070BD4FF0FF3224
:107D2000164B1A60E3E731461648FEF779FE164A0D
:107D3000136801331360DAE72C68BAE701F0BAFA86
:107D4000FEE7124B1B686BB101F0B4FAFEE7206B43
:107D500001F0C8FB204601F0C5FBD8E7204601F042
:107D6000C1FBD4E7BDE8704001F042B914540320D0
:107D7000244F0320404F0320884F0320204F03202F
:107D8000344F03205C4F0320584F0320184F03202B
:107D900038B578B3D1B11A4C23682BBB23680133B3
:107DA0002360184B02681D6853182CBF0121002165
:107DB000AA420ED8D9B103600021581BFFF794FCEA
:107DC000236801255BB901F075FAFEE701F072FA4C
:107DD000FEE761B9036023680025002BF3D0FFF7AD
:107DE00047FE50B1284638BD01F064FAFEE79D42D7
:107DF000E1D3EFE701F05EFAFEE701F0F9F8F1E711
:107E0000184F03203C4F0320C0B110B50C4C216823
:107E100011B101F04FFAFEE7236801332360FFF749
:107E200063FC23681BB1FFF723FE18B110BD01F0FE
:107E300041FAFEE7BDE8104001F0DAB801F0D8B829
:107E4000184F03202DE9F04150B31D4B04461B6829
:107E500083421DD001F0D8F81A4B1B4AA66A176856
:107E60006569D3F8008001F0DDF8184B9E421AD006
:107E7000BD4212D0454510D0154B9D420BD0154B3D
:107E80009D421AD0002D0CBF04200120BDE8F081D6
:107E90000020BDE8F081A36A43B10220BDE8F08173
:107EA00001F008FAFEE70120BDE8F08194F8A8305F
:107EB000012B0CBF02200320EBE70420E9E700BF01
:107EC00014540320844F0320884F0320704F032055
:107ED000444F03205C4F03203729F8B502D901F045
:107EE000E9F9FEE704460D4601F08EF86CB3E26C4A
:107EF000954226D0274B09D91968A14248D01B6862
:107F0000DE6AAE422CBF0026012604E01E68361B46
:107F1000B6FA86F67609E36AE5649A42A26908BF72
:107F2000E562002AA4BFC5F13805A5611A4D626952
:107F300003EB830305EB83039A420CD00EB101F0EF
:107F400057F8BDE8F84001F06DB8124B1C68E26CC0
:107F50009542CFD1F5E7271D3846FEF787FD0F4A3A
:107F6000E36A11688B4288BF136003EB830305EB60
:107F7000830041689B00EA58A160D1F808C0013233
:107F8000C4F80CC0CCF804708F606061EA50D5E78B
:107F90000026C0E714540320B44F0320384F0320B9
:107FA00030B5002489B007AA06A905A8CDE9054483
:107FB000FEF70AFDDDE905231849CDE9013218482D
:107FC0002346079A0094FFF707FE164B186030B15E
:107FD00000F0B6FF0128054608D0013503D0124B4A
:107FE0001B6809B030BD01F065F9FEE701F062F9E8
:107FF0004FF0FF300D4B0E4A1B680E49583313608B
:108000000D4A0E4B086015601C60E8F7F3FC01F0A8
:1080100087F8054B1B6809B030BD00BF4CDD010877
:10802000357801081C4F0320C809020814540320A6
:10803000D0020320204F0320344F03203C4F032065
:10804000024A136801331360704700BF184F0320C2
:1080500008B5054B1B6813B901F02CF9FEE7BDE824
:108060000840FFF705BD00BF184F0320014B1868FB
:10807000704700BF3C4F0320014B1868704700BF9A
:10808000404F0320054B1B680BB9FFF71BBC044A8C
:108090000020136801331360704700BF184F03209E
:1080A000304F0320304B1B681BB101222F4B1A604D
:1080B00070472E4A70B51360E8F7A6FC2C4B2D4A8A
:1080C0001860156819682C4CA94205D91E682068EB
:1080D000416D491B314441651968236811601B6B70
:1080E0001A68B2F1A53F07D15A68B2F1A53F03D192
:1080F0009A68B2F1A53F32D0206821683431E8F7A0
:10810000A7F81E4D1E492B6803EB830292008A5884
:10811000980042B903B3013B03EB830251F82220DC
:108120009800002AF6D0184401EB800C6246DCF877
:108130000410083249689142CCF8041008BFDCF8FA
:108140000C10104A08BFCCF80410C96821602B60DD
:1081500023685833136070BD01F0ACF8FEE7DB68AC
:10816000B3F1A53FC8D1CCE7184F03202C4F032013
:10817000104F0320144F032014540320384F0320C2
:10818000B44F0320D002032010B558B10C46074B62
:1081900019681831FEF752FC2046BDE81040012155
:1081A000FFF7A2BA01F086F8FEE700BF14540320DF
:1081B000F8B5034610B3134C5D680846002A114613
:1081C0002268D4F800E0D56126682268D4F800C09F
:1081D00002F118041A68AF6806F1180602F10102EC
:1081E000CEF8207018BF4FF0FF307E60AC60CCF846
:1081F00028301A60BDE8F840FFF776BA01F05AF867
:10820000FEE700BF14540320C36870B5DB68002B81
:1082100057D0D3E907019A6A8160DD6954684D60DF
:10822000002503F11800844208BF196A264C08BFD4
:10823000516011689D62013911602268AAB1234A18
:108240005468DC61A168196248601168A06001315E
:108250009A6211601E49DA6A0B68DB6A9A422ED96B
:1082600001231C4A1846136070BD5A69D3E9020104
:1082700081609C6850681D1D4C60A84208BFD96889
:10828000154808BF5160116801391160DA6A016848
:108290008A42124988BF026002EB82024FEA820CD6
:1082A00001EB8202546851F80C009C60A668013012
:1082B000DE607560A5605A6141F80C00CAE70020D5
:1082C00070BD00F0F7FFFEE7184F0320704F03204A
:1082D000145403202C4F0320384F0320B44F0320A5
:1082E00010B560B1044600F08FFE064A064B1268D6
:1082F0001B68C4E90023BDE8104000F093BE00F005
:10830000D9FFFEE7284F03203C4F0320034A044BCC
:1083100012681B68C0E90023704700BF284F032084
:108320003C4F0320F8B568B30D4641B3044600F056
:108330006BFE2B68154A581C11681BD0D4E90060ED
:10834000DFF84CC0DCF80070BE4208D0884206D886
:10835000002301242B6000F065FE2046F8BD0F1AB3
:10836000BB42F5D95B1ADCF80010126803442B609D
:10837000C4E90012002400F055FE2046F8BD00F0CC
:1083800099FFFEE700F096FFFEE700BF3C4F032099
:10839000284F03200122014B1A6070472C4F032005
:1083A00070B50D461646002833D0044604F1340259
:1083B000C5E90042E26A052B2A61226BEA61626C20
:1083C000AA60E26C6A61626DAA6128D01F4A1268D5
:1083D000A24221D0032B2B7326D000F015FE1C4B9C
:1083E000A26A9A4204BF01232B7300F01BFE76B1F0
:1083F000266B3378A52B27D13346184613F8011F77
:10840000A529FAD0C6F101060644C6F38F062E84CC
:1084100070BD0E4A1468C9E700232B73E7E72046B6
:10842000FFF710FD2873E2E70A4B1A6801321A6061
:10843000A26A0AB102222A731B6813B900F03AFF3C
:10844000FEE7FFF715FBC8E70026E0E7145403201A
:10845000704F0320184F03204B682DE9F0475E68EA
:1084600001F108094E4508BFCE680D469046044606
:108470000027D6F80CA000E06E68706821468145A0
:10848000686008BFE8684346C66808BF68600122A4
:108490003046FFF785FFB24507F1010704F12404D8
:1084A000EAD13846BDE8F0872DE9F047334F3B6805
:1084B00001333B60324B1B688B425CD80025DFF8F0
:1084C000D4A09046814638242A46AAF24C4600E0C1
:1084D0009A46013C04EB840356F82330501909EB0B
:1084E00080004BB101225146FFF7B6FF054405EB72
:1084F000C500EA0009EB8000B245AAF11403E7D1F8
:10850000204B19680B683BB10222FFF7A5FF054419
:1085100005EBC50009EB80001B4B19680B683BB1EC
:108520000222FFF799FF054405EBC50009EB800027
:1085300016490B683BB10422FFF78EFF054405EB9B
:10854000C50009EB800012490B681BB10322FFF73D
:1085500083FF0544B8F1000F03D0E8F755FAC8F8D7
:1085600000003B6813B900F0A5FEFEE7FFF780FAB4
:108570002846BDE8F0870025F3E700BF184F032029
:10858000404F0320884F0320844F03205C4F03207B
:10859000444F032000540320014B1868704700BF6C
:1085A00014540320054B1B6833B1054B1868B0FA0F
:1085B00080F040094000704701207047344F03208D
:1085C000184F0320F8B50446C8B11F4DC36A2A6886
:1085D000D26A934214D28269002A04DB2A68D26AE2
:1085E000C2F138028261194E626903EB830306EB24
:1085F00083039A420CD02B68DB6AE3620120F8BD4A
:108600002B68C06CDB6A98422CBF00200120F8BDAB
:10861000271D3846FEF72AFA2B680D4ADB6A1168D7
:10862000E3628B4288BF136003EB8303980006EB81
:10863000830359683258A1608D680132E5606F602C
:108640008F6063613250D9E714540320B44F032084
:10865000384F032098B1204B70B51B680446834205
:1086600002D000F027FEFEE71B6D53B1C16AC26C59
:10867000013B9142036500D033B1002070BD002062
:10868000704700F017FEFEE7051D2846FEF7EEF9DD
:10869000E36C124AC3F13800A06101201168E36263
:1086A0008B4288BF13600E4A03EB83034FEA830EAD
:1086B00002EB8303D3F804C052F80E10C4F808C0CC
:1086C000DCF808600144E6607560CCF8085063612E
:1086D00042F80E1070BD00BF14540320384F032021
:1086E000B44F032080B1036D70B504464BB1C06C2C
:1086F000E26A814238BF01468A4201D0012B04D090
:1087000070BD00F0D7FDFEE770471A4B1B68A3420F
:108710002CD0A369E162002BA8BFC1F13801164D2E
:10872000A8BFA16102EB8202616905EB8203994255
:10873000E6D1261D3046FEF799F9104AE36A116822
:108740008B4288BF136003EB8303980005EB830320
:1087500059682A58A160D1F808C00132C4F80CC089
:10876000CCF804608E6063612A5070BD00F0A2FDF9
:10877000FEE700BF14540320B44F0320384F0320FA
:10878000044B1A681AB119680A6D01320A65186833
:10879000704700BF1454032070B510B100F08AFD7B
:1087A000FEE7174D0E46144600F02EFC2B68D3F85A
:1087B000A43023B901212B6883F8A810CCB900F0AC
:1087C00031FC00F021FC2B68D3F8A44024B15EB149
:1087D00000222B68C3F8A42000222B6883F8A8206D
:1087E00000F020FC204670BD2B68621EC3F8A42058
:1087F000F2E72046FEF778FF00F0FAFBDFE700BF64
:1088000014540320F8B510B100F054FDFEE7224ED9
:108810001D460C46174600F0F7FB336893F8A83066
:10882000022B0CD001213268D2F8A43023EA0403D1
:10883000C2F8A430336883F8A810069BFBB900F097
:10884000F1FB00F0E1FB1DB13368D3F8A4302B60DD
:10885000336893F8A830022B08D000240022336834
:1088600083F8A82000F0DEFB2046F8BD3268012422
:10887000D2F8A43023EA0703C2F8A430EEE7184682
:10888000FEF732FF00F0B4FB00F0CCFB00F0BCFBC5
:10889000002DD9D1DCE700BF1454032070B531BBE3
:1088A0000446B0B11D46164600F0AEFB049B1BB15A
:1088B000D4F8A430049A1360022294F8A83084F803
:1088C000A820DBB2042D5AD8DFE805F00A1A1408F4
:1088D000060000F0EFFCFEE7022B4ED0C4F8A460C7
:1088E000012B13D0012400F09DFB204670BD00F049
:1088F000E1FCFEE7D4F8A4200132C4F8A420EFE79D
:10890000D4F8A4203243C4F8A420E9E76369D4E989
:1089100002128A60A0685968251D5060A94208BFEC
:10892000E2681A4908BF5A601A68013A1A60E36A95
:108930000A689342164A88BF0B6003EB83039E00CC
:1089400002EB830358689159A060D0F808C0013148
:10895000C4F80CC0CCF8045085606361A36A9151DF
:1089600013B100F0A7FCFEE70A4BE26A1B68DB6A62
:108970009A42B7D900F03CFBB4E70024B3E7064ABB
:108980001268002AACD000F095FCFEE7384F0320B7
:10899000B44F0320145403203C4F032070B5A0B300
:1089A000C9B91D460446164600F02AFC00F082FCB8
:1089B000049B1BB1D4F8A430049A1360022294F8EB
:1089C000A83084F8A820DBB2042D72D8DFE805F0C7
:1089D0000A171108060000F06DFCFEE7022B66D0B6
:1089E000C4F8A460012B13D0012400F06FFC2046D2
:1089F00070BDD4F8A4200132C4F8A420F2E7D4F862
:108A0000A4203243C4F8A420ECE700F053FCFEE7B6
:108A1000A36A13B100F04EFCFEE7294B1B68DBB1E3
:108A2000284B5A681968E26195680131196004F1B0
:108A30001801256269609160A362234BE26A1B689A
:108A4000DB6A9A42D0D9059B13B10123059A1360C2
:108A500001221E4B1A60C7E76369D4E902128A60DB
:108A6000A168261D51605A68B24204BFE2685A608C
:108A70001A68013A1A60164AE36A11688B4288BF85
:108A80001360144A03EB830302EB830CDCF80450FD
:108A90009B00D158A560D5F808E00131C4F80CE07E
:108AA000CEF80460AE60C4F814C0D150C5E700240D
:108AB0009BE7094A1268002A94D000F0FBFBFEE70E
:108AC000184F0320704F0320145403202C4F032011
:108AD000384F0320B44F03203C4F0320F8B5002843
:108AE0003BD0B9B90446154600F08AFB00F0E2FB22
:108AF000022394F8A82084F8A830D4F8A430012ADE
:108B000003F10103C4F8A43023D1A36A2BB100F010
:108B1000D1FBFEE700F0CEFBFEE7274B1B68FBB165
:108B2000264B5A681968E26196680131196004F1B0
:108B30001801266271609160A362214BE26A1B6892
:108B4000DB6A9A4205D90DB101232B6001221D4B2E
:108B50001A60BDE8F84000F0B9BB00F0ABFBFEE7DF
:108B60006369D4E902128A60A16804F1040E5160BD
:108B70005A68724504BFE2685A601A68013A1A607E
:108B8000114AE36A11688B4288BF13600F4A03EBF6
:108B900083039E0002EB8303D3F804C09159C4F809
:108BA00008C0DCF808700131E760C7F804E0CCF8D1
:108BB00008E063619151C0E7184F0320704F032014
:108BC000145403202C4F0320384F0320B44F0320AC
:108BD00038B599B9044670B100F016FA94F8A83087
:108BE000022B05BF00230125002584F8A83000F0E2
:108BF00019FA284638BD034B1C68EDE700F05AFB14
:108C0000FEE700BF14540320F0B5124C83B000F00F
:108C1000FBF9256825B103B0BDE8F04000F002BAC9
:108C20000D4E0E4F3046FDF7EBFE3846FDF7E8FEE1
:108C30000B490C4B00950A201F600E600A4B102157
:108C40000A4AFDF7E5FF20600028E4D00849FEF756
:108C50000FFAE0E710550320305503201C55032080
:108C6000185503201455032018540320685403207A
:108C700054DD01082DE9F047DFF884900546D9F866
:108C800000300F46DB68DC6804F104084046FDF75D
:108C9000EDFE94F828305A070ED423F0010384F82F
:108CA00028302046236ABDE8F047184793421BD876
:108CB0002046236A98473546A3697A1BEE182CBFD5
:108CC00001210021B74266602461EFD2AF4201D298
:108CD0000029EDD0D9F800004146FDF7AFFE20464F
:108CE000236ABDE8F0471847044B41461868FDF772
:108CF000A5FE2046236ABDE8F04718471455032017
:108D0000185503202DE9F047894D8A4E8A4F8B4C28
:108D100084B02B68D3F80090B9F1000F40F0D480F4
:108D2000FFF78EF9FFF7A2F93368804698423DD3EA
:108D30003B6830601A68B2FA82F252092068A9EBE7
:108D40000801FEF7BFF9FFF783F9002800F0CD8096
:108D5000002269462068FEF751F80028D9D0009B10
:108D60000298002BC0F2A880DDF80880D8F81430F3
:108D70001BB108F10400FDF779FEFFF777F93368BE
:108D80008146984224D3009BC6F80090013B082BF3
:108D9000DED8DFE803F02525816988252581690073
:108DA000DB684FF0FF311868FFF764FF2B681A6823
:108DB000002AF5D13A68C6F800802A603B60FFF7C8
:108DC00047F9C5E7DB684FF0FF311868FFF752FF3E
:108DD0002B681A68002AF5D13A683B602A60D2E70E
:108DE00098F82810019AD8F8180041F0010C1318CF
:108DF00088F828C02CBF4FF0010C4FF0000C4B45F9
:108E0000C8F80430C8F8108072D8A9EB020290426A
:108E10003CD84A0711D421F0010188F828104046B7
:108E2000D8F82030984793E7904277D84046D8F852
:108E3000203098475346D8F8180010EB030A2CBF8F
:108E400001210021D145A9EB0302C8F804A0C8F80C
:108E50001080E9D2994501D20029E7D0286808F1AD
:108E60000401FDF7EBFDDAE798F82820019B42F0BA
:108E7000010288F82820C8F81830002B54D04B4441
:108E80004B45C8F80430C8F8108036D8386808F167
:108E90000401FDF7D3FD5BE798F8283023F00103C8
:108EA00088F8283054E798F828309A0732D523F00C
:108EB000010388F828304BE7019B03999847009BF2
:108EC000002BFFF645AF4FE7DB68D3F80090FFF7C4
:108ED000B7F8FFF7CBF8336880469842FFF466AFE7
:108EE000814530600FD9002228E700F081F82FE794
:108EF0004A4502D9BCF1000F8BD0286808F1040163
:108F0000FDF79CFD24E7FFF7A3F841464846FFF72D
:108F1000B1FE1DE7404600F0E5FA19E7386808F1B0
:108F20000401FDF78BFD7AE700F0C4F9FEE700BF0E
:108F3000185503200855032014550320105503200D
:108F400010B588B0FFF760FE0F4B1B68CBB1002453
:108F500007AA06A905A8CDE90544FDF743FD0222AD
:108F60002346059C00920294069C08490848079AEB
:108F70000194FEF731FE074B186010B1012008B0D4
:108F800010BD00F097F9FEE7105503205CDD0108E5
:108F9000058D01080C550320002200B5074B83B056
:108FA00001921B68013302D000F084F9FEE700F063
:108FB00081F9019B002BFCD003B000BD68020320A7
:108FC0004FF0E0220023072010B4074C1361936197
:108FD000236806495DF8044BA1FB03139B09013B81
:108FE00053611061704700BF94010320D34D62109C
:108FF0004FF0E0234FF08052C3F8042DBFF34F8FA2
:10900000BFF36F8F704700BF08B500F053F9044AF3
:10901000136801331360BFF34F8FBFF36F8F08BD29
:109020006802032008B5084B1A684AB11A68013A69
:109030001A60186800B108BDBDE8084000F046B9E4
:1090400000F038F9FEE700BF6802032010B500F019
:1090500031F90446FFF716F828B14FF0E0234FF03E
:109060008052C3F8042D2046BDE8104000F02EB910
:1090700008B5836913F8023C662B02D000F01AF998
:10908000FEE74FF0E023D3F8882D42F47002C3F8D6
:10909000882DD3F8342F42F04042C3F8342FBDE876
:1090A000084000F0D5B800BF2DE9F04F4FF0113E59
:1090B0004FF0807440E909E34FF0073340F8044C67
:1090C000164C40F8343C40E903424FF005334FF072
:1090D00006324FF0123B40E90F324FF0033A4FF0A7
:1090E00002394FF001384FF010374FF009364FF08A
:1090F00008354FF004346FF0430340E905AB40E915
:10910000078940E90B6740F8305C40F8404C40F874
:10911000443C40F8481DBDE8F08F00BF998F01081E
:1091200000204FF0E0234FF07F4130B585B0029032
:10913000D3F81C0D2F4A0190C3F81C1DD3F81C3D19
:109140001B0E8DF803309DF8033003F0A00313705D
:10915000002B41D09DF80330DB4313F0A00F0BD060
:1091600000F0A8F8FEE7029B013302939DF803305C
:109170005B00DBB28DF803309DF803301B06F2D4A0
:10918000029B082B2BD0029AC2F10702120202F4B2
:10919000E0624FF0E023002501991748174C026068
:1091A000C3F81C1DD3F8202D42F47F02C3F8202DF4
:1091B000D3F8202D42F07F42C3F8202DFFF700FFA7
:1091C000256000F065F8FEF76DFF03952368013315
:1091D00007D000F06FF8FEE700F06CF8FEE7002221
:1091E000D7E700F067F8039B002BFCD0002005B008
:1091F00030BD00BF485503204455032068020320BA
:1092000008B5EFF305830F2B05D90B490B4A5B5CBF
:1092100012789A420DD84FF0E023094AD3F80C3D5A
:10922000126803F4E063934200D808BD00F042F8EE
:10923000FEE700F03FF8FEE7F0E300E048550320CA
:109240004455032000000000000000000000000062
:109250000B4A1168086806C881F30B88022181F364
:109260001488203080F30988BFF36F8F4FF000001F
:1092700080F31188104700BFAFF30080AFF3008088
:109280001454032000000000000000000000000053
:1092900007480068006880F3088862B661B6BFF3CB
:1092A0004F8FBFF36F8F66DF00BF00BFAFF300804B
:1092B00008ED00E0EFF311804FF0A00181F3118879
:1092C000BFF34F8FBFF36F8F704700BF80F31188DC
:1092D000BFF34F8FBFF36F8F704700BF00000000D8
:1092E000EFF309801EF0100F08BF20ED108AEFF396
:1092F0000B82734620E9FC0F114A116808604FF099
:10930000A00080F31188BFF34F8FBFF36F8FFEF77C
:10931000C9FE4FF0000080F31188094A11680868FF
:10932000B0E8FC0F13F0100F08BFB0EC108A82F306
:109330000B8880F309881847AFF30080AFF30080F3
:109340001454032000000000000000000000000092
:109350001EF0040F0CBFEFF30880EFF309800449FF
:10936000084700BFAFF30080AFF30080AFF3008089
:109370007190010810B4154B1A461B688342FBD349
:109380005468416802EB040C604513D04418A342B2
:1093900006D00360824218BF10605DF8044B70472E
:1093A0000B4C2468A342F4D0D3E900342144036079
:1093B0004160EFE72144501883425160EDD10448E9
:1093C00000688342E9D01046EEE700BF60550320F5
:1093D0005C550320F8B53D4E0446FEF731FE336878
:1093E000002B52D0631E0A332ED814F0070304F169
:1093F000080121D1002927DB354F3D688D4223D359
:10940000344B18461C6803E0236823B120461C46F1
:1094100062688A42F8D33368A34215D0236806688D
:109420000360531A102B06F1080617D9601842077B
:109430000FD0FFF73FFFFEE7A3F109028A4203D3F3
:109440001034E11A0029D7DCFEF702FE0026304670
:10945000F8BD43606160FFF78DFF626800201E4B1E
:10946000AD1A196842F000428D421C4938BF1D6098
:109470000B686260013320600B603D60FEF7E8FD21
:109480007307E4D0FFF716FFFEE7154A510719D01E
:10949000D11D21F0070102F5C052531A0A460020DF
:1094A0000B44083B23F007030A4D9A1AC5E9001044
:1094B0003360C3E90000C1E900320749044B0A6088
:1094C0001A608FE711464FF4C053E8E75C5503205C
:1094D0005855032060550320545503205055032050
:1094E0006855032070B150F8043C10B5002B0446B9
:1094F00005DA50F8082C32B1FFF7DCFEFEE7FFF783
:10950000D9FEFEE7704723F0004340F8043CFEF725
:1095100097FD094A54F8043C1168A4F108000B4473
:109520001360FFF727FFBDE81040044A13680133BA
:109530001360FEF78DBD00BF585503204C55032026
:1095400008B5012213491448FCF7E6FC78B9134921
:109550001148FCF7F7FC90B9002211490E48FCF7BE
:1095600077FC98B90C48FCF703FD58B908BDE7F73C
:1095700009FE0A490848FCF7E5FC0028ECD0E7F7AB
:1095800001FEE9E7BDE80840E7F7FCBDE7F7FAFDB3
:10959000E8E700BFB4020320686D0320C001032088
:1095A0006C02032000207047212819D0222810B512
:1095B0000AD0202806D1124B0C6888888A791C6052
:1095C00098809A71002010BD498811F0010110D0D7
:1095D0000C4B1B68002BF5D000210B489847F1E796
:1095E000074B18689A889B7908608A8000208B71E5
:1095F0007047064B1B68002BE4D003489847E1E70F
:109600004070032068410320686D032064410320FB
:109610000B4B1B6893B1002100B583B0186801AAF9
:109620000191FFF75BFA019B2BB14FF0E0234FF064
:109630008052C3F8042D002003B000BD0020704705
:109640004C7003202DE9F04700240A6882B0019491
:109650002AB30F46804642F20206314DDFF8D4901D
:109660000AE00021D9F80030298013B12D4898472D
:109670003A680134A24212D92B88B342F1D818F8C3
:1096800004100A29F5D00029F3D00D290FD0264A5D
:109690000134D1543A680133A2422B80ECD8042122
:1096A0002048FCF71FFC002002B0BDE8F087013B1A
:1096B0009BB2B34210D8DFF880A0DAF800305BB17B
:1096C0001868FDF715FE2B880233984207D2174A17
:1096D0009368013393603A6800232B80C9E7DAF876
:1096E0000030022218680E490023FDF7BDFEDAF8AB
:1096F000002000230C4910682A88FDF7B5FE0C4BAA
:1097000000211B6801AA1868FFF7E8F9019B2BB13B
:109710004FF0E0234FF08052C3F8042D3A68DBE7A6
:1097200048700320686D0320BC4F02208401032091
:10973000507003206C4103205470032008B54FF48F
:109740000062002305490648FCF78CFB002205490E
:109750000348FCF795FB002008BD00BFC06F022046
:10976000686D0320C077022030B4044B044C054DD3
:1097700020602A60196030BC704700BF5070032021
:10978000547003204C700320054BD3F8BC322BB12E
:10979000D3F83402003818BF012070470120704709
:1097A000686D0320054810B5D0F8BC42842100F054
:1097B00087F914B10023C4F8343210BD686D03205A
:1097C00038B50A4CD4F8BC3213B1D3F834520DB1C9
:1097D000012038BD2B460A4601462046FCF742FBD5
:1097E00029462046BDE83840FCF756BB686D03208B
:1097F000122301480B807047A00203200423014874
:109800000B8070479C02032008B50A4602480349B2
:10981000FCF770FF014808BD64DD010858700320A3
:1098200008B50A4602480349FCF764FF014808BD31
:1098300080DD01085870032008B50A460248034934
:10984000FCF758FF014808BD98DD01085870032057
:1098500008B50A4602480349FCF74CFF014808BD19
:10986000A4DD01085870032010B51A241A48D0F856
:109870009035D0F898250C809B1801D1174810BD61
:10988000164A00241146D0F8940502F1100E4FEA52
:10989000137CB3F1204F34BF0CF1300C0CF1370CBA
:1098A00081F802C0CC7002318E454FEA0313EED12D
:1098B0004FF0000C0A49030FB0F1204F34BF303392
:1098C0003733937482F813C0023291424FEA00108A
:1098D000F1D1024810BD00BF0000FA0B8002032046
:1098E0008802032038B50446D0F8D80204F526755E
:1098F000294600F2AA20FCF7E5FE2946D4F8D80252
:10990000BDE83840FCF746BB01EB810300EBC30325
:10991000D3F86421D0F8D802FCF774BB01EB8103C3
:1099200000EBC3035A6AD0F8D802FCF79FBB00BF14
:10993000D0F8D802FCF73EBC10B543790446022BA0
:1099400001D0E7F71FFCD4F8D8020121FCF716FC80
:10995000D4F8D802BDE81040FCF7E4BB10B50446CB
:10996000D0F8D802FCF70EFC637A23B1024A1369DF
:1099700043F00603136110BD00ED00E010B5437A1B
:1099800004462BB9D4F8D802BDE81040FCF706BC59
:10999000064A136923F006031361E7F73DF8D4F88C
:1099A000D802BDE81040FCF7F9BB00BF00ED00E0B5
:1099B00038B52E4D0446C5F8D802C0F8CC52F8F799
:1099C0005FF840F20521022200232948A98028607F
:1099D0002846C5F80720EB72F7F76EF8002842D149
:1099E00000222D791146EB00D4F8CC02F7F7D0FF16
:1099F0004023002203EBC5038021D4F8CC02F7F703
:109A0000C7FF8023002203EBC5038421D4F8CC02D6
:109A1000F7F7BEFFC023002203EBC5030421D4F8EF
:109A2000CC02F7F7B5FF4FF48073002203EBC503B8
:109A30008321D4F8CC02F7F7ABFF4FF484730022F4
:109A400003EBC5038121D4F8CC02F7F7A1FF4FF453
:109A5000A47300220221D4F8CC0203EBC503F7F76C
:109A600097FF002038BDE7F78DFBB9E78021032081
:109A700000D4004008B5D0F8CC02F7F76BF818B165
:109A800002280CBF0120032008BD00BF944608B582
:109A90001A46D0F8CC026346F7F748FE18B1022800
:109AA0000CBF0120032008BD08B5D0F8CC02F7F7A1
:109AB00075FE18B102280CBF0120032008BD00BFAD
:109AC00008B5D0F8CC02F7F745FF18B102280CBF53
:109AD0000120032008BD00BF08B5D0F8CC02F7F77D
:109AE000C9FE18B102280CBF0120032008BD00BF29
:109AF00008B5D0F8CC02F7F7F5FE18B102280CBF74
:109B00000120032008BD00BF0A06D0F8CC3206D4DD
:109B100001EB810103EBC10393F85201704701F09F
:109B20007F0101EB810103EBC103987C704700BF0B
:109B300008B5D0F8CC02F7F7E5FD18B102280CBF44
:109B40000120032008BD00BF08B5D0F8CC02F7F70C
:109B500075FE18B102280CBF0120032008BD00BF0C
:109B600008B5D0F8CC02F7F747FE18B102280CBFB1
:109B70000120032008BD00BFD0F8CC02F7F754BE87
:109B80000048704758720320704700BF024B0146DF
:109B9000186800F02DB800BFD0020320024B014628
:109BA000186800F061B900BFD002032070B50F4EF5
:109BB0000C460546316811B900F00CF930602146B9
:109BC000284600F007F9431C03D14FF0FF3420462C
:109BD00070BDC41C24F00304A042F8D0211A28460A
:109BE00000F0F8F80130F2D1EFE700BFAC740320C9
:109BF0002DE9F843CD1C064625F0030508350C2D4C
:109C000038BF0C25002D01DBA94204D90C23336099
:109C10000020BDE8F883DFF8D48000F069F8D8F8B8
:109C200000301C4644BB29463046FFF7BFFF431CAB
:109C3000044658D1D8F800402746002F43D1002CC5
:109C40004BD023683946304604EB030900F0C2F8D4
:109C5000814542D1216830466D1A2946FFF7A6FF9B
:109C600001303AD023682B442360D8F800305A687A
:109C700062BBC8F800700FE02268521B20D40B2A88
:109C800017D96119A342256018BF5960636808BFDE
:109C9000C8F8001062514B60304600F02FF804F114
:109CA0000B00231D20F00700C21A1CBF1B1AA35073
:109CB000AFE76268A3420CBFC8F800205A60EBE728
:109CC00023466468AEE73C467F68B6E71A465B68A1
:109CD000A342FBD100235360DEE70C233046336000
:109CE00000F00CF894E70560D6E700BFB0740320DD
:109CF000014800F0A9B800BFF0750320014800F04A
:109D0000A4B800BFF075032002440346934200D17B
:109D1000704703F8011BF9E72D4B1B68834270B5B0
:109D2000044653D0C3691BB3DB6863B10025E36904
:109D3000DB685959B1B90435802DF8D1E369204663
:109D4000D96800F091F8E369196811B1204600F074
:109D50008BF8E3699D685DB1294620462D6800F0C7
:109D600083F8F8E70E68204600F07EF83146E1E718
:109D7000616911B1204600F077F8E16911B1204620
:109D800000F072F8216B11B1204600F06DF8616BA4
:109D900011B1204600F068F8A16B11B1204600F027
:109DA00063F8A16C11B1204600F05EF8616C11B14E
:109DB000204600F059F8E16A11B1204600F054F84D
:109DC000236A1BB12046BDE87040184770BD00BF34
:109DD000D002032038B50023054D044608462B6009
:109DE000F4F70EFE431C02D12B6803B1236038BD8B
:109DF000EC750320014B1868704700BFD0020320A8
:109E000070B50D4B00260D4D5B1B9C10A64209D171
:109E10000B4D00F073F80B4B00265B1B9C10A64209
:109E200005D170BD55F8043B01369847EEE755F86B
:109E3000043B01369847F2E7D4090208D409020826
:109E4000D4090208D8090208704770470A44431E23
:109E5000914200D1704710B511F8014B914203F8BF
:109E6000014FF9D110BD000038B50546002941D099
:109E700051F8043C0C1F002BB8BFE418FFF738FF63
:109E80001D4A136833B9636014602846BDE8384042
:109E9000FFF734BFA34208D9206821188B4201BFC5
:109EA00019685B6809182160EDE71A465B680BB119
:109EB000A342FAD911685018A0420BD1206801447E
:109EC000501811608342E0D118685B680844536001
:109ED0001060DAE702D90C232B60D6E7206821183E
:109EE0008B4202BF19685B680918636008BF216074
:109EF0005460CAE738BD00BFB0740320F8B500BF96
:109F0000F8BC08BC9E467047F8B500BFF8BC08BC5A
:109F10009E467047000000005FF800F02103032018
:109F2000289F01080B001000000000000000000046
:109F30000000000000000000000000000000000021
:109F4000000000000000000000000C000C000C00ED
:109F50000C000C000C000C000C0000000C000000B9
:109F60000000000000000000000000001DC01DC037
:109F70000880088008800000000000000000000049
:109F8000000000000000000000000D800D800D802A
:109F90000D803FC01B003FC01B001B001B001B00AF
:109FA000000000000000000004001F8031803180AC
:109FB00038001E000F000380318031803F00040014
:109FC000040000000000000000001800240024002D
:109FD00018C007801E00318002400240018000004E
:109FE0000000000000000000000000000F0018004A
:109FF000180018000C001D80370033001D80000081
:10A000000000000000000000000000000700070042
:10A01000020002000200000000000000000000003A
:10A020000000000000000000000003000300060024
:10A030000E000C000C000C000C000E0006000300CB
:10A0400003000000000000000000180018000C00D1
:10A050000600060006000600060006000C001C00B4
:10A0600018000000000000000000060006003FC0CD
:10A070003FC00F001F80198000000000000000009A
:10A0800000000000000000000000000000000400CC
:10A09000040004003F8004000400040000000000ED
:10A0A00000000000000000000000000000000000B0
:10A0B00000000000000000000000060004000C008A
:10A0C0000800080000000000000000000000000080
:10A0D000000000003F8000000000000000000000C1
:10A0E0000000000000000000000000000000000070
:10A0F000000000000000000000000C000C00000048
:10A10000000000000000000000C000C001800180CD
:10A110000300030006000C000C00180018003000BB
:10A12000300000000000000000000E001B00318025
:10A13000318031803180318031801B000E00000081
:10A140000000000000000000000006003E000600C5
:10A150000600060006000600060006003FC00000DC
:10A16000000000000000000000000F001980318096
:10A170003180030006000C00180030003F80000012
:10A18000000000000000000000003F00618001802E
:10A1900003001F0003800180018061803F000000F8
:10A1A00000000000000000000000070007000F0092
:10A1B0000B001B00130033003F8003000F800000E2
:10A1C000000000000000000000001F8018001800C0
:10A1D00018001F0011800180018021801F000000F5
:10A1E0000000000000000000000007801C001800B4
:10A1F0003000370039803180318019800F00000035
:10A20000000000000000000000007F004300030089
:10A2100006000600060006000C000C000C00000002
:10A22000000000000000000000001F0031803180AD
:10A2300031801F0031803180318031801F0000006B
:10A24000000000000000000000001E00330031800C
:10A25000318033801D800180030007003C00000036
:10A2600000000000000000000000000000000000EE
:10A270000C000C000000000000000C000C000000AE
:10A2800000000000000000000000000000000000CE
:10A2900003000300000000000000060004000800A6
:10A2A00008000000000000000000000000C00300E3
:10A2B00004001800600018000400030000C0000043
:10A2C000000000000000000000000000000000008E
:10A2D00000007FC000007FC0000000000000000000
:10A2E00000000000000000000000000060001800F6
:10A2F0000400030000C00300040018006000000018
:10A300000000000000000000000000001F0031807D
:10A310003180018007000C000C0000000C000000E0
:10A32000000000000000000000000E0011002100ED
:10A3300021002700290029002700200011000E001D
:10A340000000000000000000000000003F000F00BF
:10A350000900198019801F8030C030C079E00000EA
:10A360000000000000000000000000007F003180BD
:10A37000318031803F003180318031807F000000AA
:10A380000000000000000000000000001F4030C07E
:10A390006040600060006000604030801F0000008E
:10A3A0000000000000000000000000007F0031807D
:10A3B00030C030C030C030C030C031807F000000BD
:10A3C0000000000000000000000000007F803080DE
:10A3D000308032003E003200308030807F800000CC
:10A3E0000000000000000000000000007FC03040BE
:10A3F000304032003E003200300030007C0000006F
:10A400000000000000000000000000001E803180FD
:10A4100060806000600067C0618031801F000000C4
:10A420000000000000000000000000007BC0318040
:10A43000318031803F803180318031807BC00000AD
:10A440000000000000000000000000003FC0060007
:10A450000600060006000600060006003FC00000D9
:10A460000000000000000000000000001FC003000A
:10A470000300030003006300630063003E0000006C
:10A480000000000000000000000000007BC03180E0
:10A49000330036003C003E003300318079C00000BC
:10A4A0000000000000000000000000007E00180016
:10A4B0001800180018001840184018407FC000000D
:10A4C000000000000000000000000000E0E060C0AC
:10A4D00071C07BC06AC06EC064C060C0FBE0000099
:10A4E00000000000000000000000000073C0318088
:10A4F00039803D803580378033803180798000001D
:10A500000000000000000000000000001F0031807B
:10A5100060C060C060C060C060C031801F000000CB
:10A520000000000000000000000000007F003180FB
:10A530003180318031803F00300030007E000000EB
:10A540000000000000000000000000001F0031803B
:10A5500060C060C060C060C060C031801F000CC0BF
:10A560001F80000000000000000000007F0031801C
:10A57000318031803E003300318031807CE000004A
:10A580000000000000000000000000001F8031807B
:10A59000318038001F000380318031803F0000008F
:10A5A0000000000000000000000000007F804C80E0
:10A5B0004C804C800C000C000C000C003F00000094
:10A5C0000000000000000000000000007BC031809F
:10A5D0003180318031803180318031801F00000036
:10A5E0000000000000000000000000007BC031807F
:10A5F00031801B001B001B000A000E000E00000033
:10A60000000000000000000000000000FBE060C04F
:10A6100064C06EC06EC02A803B803B8031800000E9
:10A620000000000000000000000000007BC031803E
:10A630001B000E000E000E001B0031807BC00000CE
:10A6400000000000000000000000000079E030C0C1
:10A6500019800F0006000600060006001F8000009B
:10A660000000000000000000000000003F8021808A
:10A670002300060004000C00188030803F8000009A
:10A680000000000000000000000007800600060037
:10A69000060006000600060006000600060006008A
:10A6A0000780000000000000300030001800180093
:10A6B0000C000C000600030003000180018000C0B4
:10A6C00000C000000000000000001E0006000600A0
:10A6D000060006000600060006000600060006004A
:10A6E0001E0000000000000004000A000A00110023
:10A6F000208020800000000000000000000000001A
:10A700000000000000000000000000000000000049
:10A710000000000000000000000000000000000039
:10A72000000000000000FFE008000400020000003C
:10A730000000000000000000000000000000000019
:10A740000000000000000000000000000000000009
:10A750001F00018001801F80318033801DC00000F8
:10A760000000000000000000000070003000300019
:10A770003700398030C030C030C0398077000000E9
:10A7800000000000000000000000000000000000C9
:10A790001E80318060806000608031801F0000007A
:10A7A0000000000000000000000003800180018024
:10A7B0001D80338061806180618033801DC0000016
:10A7C0000000000000000000000000000000000089
:10A7D0001F00318060C07FC0600030C01F8000005B
:10A7E0000000000000000000000007E00C000C006A
:10A7F0003F800C000C000C000C000C003F8000009F
:10A800000000000000000000000000000000000048
:10A810001DC0338061806180618033801D80018034
:10A8200001801F00000000000000700030003000B8
:10A830003700398031803180318031807BC0000029
:10A8400000000000000000000000060006000000FC
:10A850001E00060006000600060006003FC00000BD
:10A8600000000000000000000000060006000000DC
:10A870003F00030003000300030003000300030084
:10A8800003003E00000000000000700030003000B7
:10A89000378036003C003C003600330077C00000B3
:10A8A000000000000000000000001E00060006007E
:10A8B0000600060006000600060006003FC0000075
:10A8C0000000000000000000000000000000000088
:10A8D0007F8036C036C036C036C036C076E0000055
:10A8E0000000000000000000000000000000000068
:10A8F0007700398031803180318031807BC0000029
:10A900000000000000000000000000000000000047
:10A910001F00318060C060C060C031801F00000037
:10A920000000000000000000000000000000000027
:10A930007700398030C030C030C0398037003000F7
:10A9400030007C000000000000000000000000005B
:10A950001DC0338061806180618033801D800180F3
:10A96000018007C00000000000000000000000009F
:10A970007B801CC018001800180018007F00000021
:10A9800000000000000000000000000000000000C7
:10A990001F8031803C001F00038031803F00000099
:10A9A000000000000000000000001800180018005F
:10A9B0007F00180018001800180018800F00000011
:10A9C0000000000000000000000000000000000087
:10A9D0007380318031803180318033801DC0000030
:10A9E0000000000000000000000000000000000067
:10A9F0007BC0318031801B001B000E000E00000068
:10AA00000000000000000000000000000000000046
:10AA1000F1E060C064C06EC03B803B8031800000CC
:10AA20000000000000000000000000000000000026
:10AA30007BC01B000E000E000E001B007BC0000040
:10AA40000000000000000000000000000000000006
:10AA500079E030C0198019800B000F000600060055
:10AA60000C003E000000000000000000000000009C
:10AA70003F80218003000E00180030803F800000DE
:10AA80000000000000000000000006000C000C00A8
:10AA90000C000C000C0018000C000C000C000C004A
:10AAA000060000000000000000000600060006008E
:10AAB0000600060006000600060006000600060066
:10AAC000060000000000000000000C000600060068
:10AAD0000600060006000300060006000600060049
:10AAE0000C0000000000000000000000000000005A
:10AAF0000000180024800300000000000000000097
:10AB000000000000000000004572726F7220707239
:10AB10006F63657373696E67205553422042756693
:10AB20006665722E0D0000000700000052414D4E78
:10AB30005F54785461736B320000000052414D4EF7
:10AB40005F52785461736B320000000052414D4EE9
:10AB50005F53656E645553420000000052414D4EF4
:10AB60005F4469616754580052414D4E5F446961CA
:10AB70006752580052414D4E5F4572726F72546178
:10AB8000736B000052414D4E5F506572696F64698E
:10AB90006300000052414D4E5F53656E6443414E69
:10ABA0000000000052414D4E5F5265636569766555
:10ABB00043414E0052414D4E5F5265636569766573
:10ABC000555342004572726F722067656E657261FF
:10ABD00074696E6720657870656374656420626966
:10ABE0007473747265616D0D000000004672616DD2
:10ABF0006520746F6F2073686F72740D0000000021
:10AC00004E6F7420612076616C696420534F460D4D
:10AC100000000000534F462020202020202020202C
:10AC20007C20300D000000004944202020202020FE
:10AC3000202020207C200000202830780000000008
:10AC40005254522F53525220202020207C200000AA
:10AC50000D000000494445202020202020202020F5
:10AC60007C2000004672616D6520746F6F207368F0
:10AC70006F72742E0D00000049445F455854202027
:10AC8000202020207C200000525452202020202010
:10AC9000202020207C200000723120202020202035
:10ACA000202020207C200000723020202020202026
:10ACB000202020207C200000444C43202020202005
:10ACC000202020207C2000004672616D6520746F7A
:10ACD0006F2073686F727420666F7220646C632ECD
:10ACE0000D0000004441544120202020202020203D
:10ACF0007C200000435243202020202020202020C0
:10AD00007C20000029200000435243204F4B0D00BF
:10AD1000435243204241440D000000005441494C3D
:10AD200020202020202020207C20000074726967D1
:10AD3000000000006E6F77007472696767657200CB
:10AD4000616E790069646C65000000005761726E85
:10AD5000696E673A2043414E204944203E203746E1
:10AD6000462C20656E61626C696E6720657874653B
:10AD70006E6465640D0000007072657363616C65DC
:10AD8000720000006269745F7175616E7461000029
:10AD900073616D706C696E675F7175616E7461006F
:10ADA000657874656E646564000000003000000022
:10ADB0004572726F723A20747269676765722072A9
:10ADC0006571756972657320657874656E64656414
:10ADD0002049440D00000000310000007274720030
:10ADE00074696D656F7574000D74696D656F757448
:10ADF0002000000020286D737E290D0074726967A1
:10AE00002000000020286E6F772900002028616E46
:10AE100079290000202869646C6529000D65787423
:10AE2000656E6465642000000D727472200000007D
:10AE30000D0D43414E2054696D696E672073657432
:10AE400074696E67733A0D7072657363616C6572D5
:10AE5000200000000D6269745F7175616E7461207D
:10AE6000000000000D73616D706C696E675F717535
:10AE7000616E74612000000054696D656F75742007
:10AE800076616C756520746F6F2073686F72742EB5
:10AE90000D000000547269676765722054696D6522
:10AEA0006F75742E0D0000004572726F723A207437
:10AEB000726967676572206E6F7420636F6D706171
:10AEC0007469626C6520776974682074686973209E
:10AED0006D6F64756C652E0D000000004572726F19
:10AEE000723A20547269676765722054696D656FA4
:10AEF00075742E0D00000000436F756C64206E6F3A
:10AF0000742064657465637420454F460D0000002D
:10AF100042697420737472696E6720746F6F207356
:10AF2000686F72740D0000002028526177290D00AF
:10AF3000424144205354554646494E470D000000B7
:10AF40002028446573747566666564290D0D0000DC
:10AF50005761726E696E673A20796F752073686FFA
:10AF6000756C642075736520746865202769646C4E
:10AF7000652720747269676765722E0D00000000F6
:10AF8000496E76616C696420747269676765722EB8
:10AF90000D000000547269676765722074696D6501
:10AFA0006F75742E0D000000333130313032323481
:10AFB0003031000033313031303232343030000043
:10AFC000436F6D6D616E6420746F6F206C6F6E6780
:10AFD0002E0D00000D3E0D00200000004E6F20637E
:10AFE0006F6D6D616E6420666F756E642E2054798E
:10AFF0007065202268656C702220666F722068651B
:10B000006C702E0D0000000068656C700000000080
:10B0100048656C700000000048454C50000000007E
:10B020006D616E007468656D650000002D2D2D2D1D
:10B030002D2D2D2D2D2D2D2D2D2D2D2D2D2D2D2D40
:10B040002D2D2D2D2D2D2D2D2D2D2D2D2D2D2D2D30
:10B050002D2D2D2D2D2D2D2D2D2D2D2D2D2D2D2D20
:10B060002D2D2D2D2D2D2D2D2D0D000020202020BE
:10B0700020202020202020202020202020202020D0
:10B08000202052414D4E20436F6D6D616E6420480B
:10B09000656C700D00000000436F6D6D616E643A69
:10B0A000207468656D650D00446573637269707422
:10B0B000696F6E3A0D000000202020205365742037
:10B0C00074686520636F6C6F72207468656D6520AD
:10B0D000666F722074686520646576696365204CCC
:10B0E00043442073637265656E2E0D00557361676E
:10B0F000653A0D00202020207468656D65203C7441
:10B1000068656D655F6E756D6265723E0D0000006D
:10B110004F7074696F6E733A0D000000202020207C
:10B120003C7468656D655F6E756D6265723E20206A
:10B1300020546865207468656D65206E756D626564
:10B140007220746F206265207365742C2072616EAA
:10B1500067696E672066726F6D203120746F2037CB
:10B160002E0D00004578616D706C65733A0D00001E
:10B17000202020202D20546F207365742074686572
:10B1800020646576696365204C434420736372656F
:10B19000656E207468656D6520746F207468656DD8
:10B1A00065206E756D62657220332C20656E746546
:10B1B000723A0D002020202020207468656D6520E3
:10B1C000330D0000656E61626C650000436F6D6D4C
:10B1D000616E643A20656E61626C650D000000006E
:10B1E00020202020456E61626C65207468652070A7
:10B1F0006F77657220737570706C79206F6620614F
:10B200006E6F74686572204543552028422C204398
:10B210002C206F722044292E0D00000020202020B9
:10B22000656E61626C65203C4543553E0D00000033
:10B23000202020203C4543553E2020205468652096
:10B2400045435520746F20626520656E61626C65B0
:10B25000642C206964656E7469666965642062792E
:10B260002061206C65747465722028422C20432C68
:10B27000206F722044292E0D000000002020202085
:10B280002D20546F20656E61626C6520454355200A
:10B29000422C207573653A0D00000000202020200C
:10B2A0002020656E61626C6520420D002020202008
:10B2B0002D20546F20656E61626C652045435520DA
:10B2C000432C207573653A0D0000000020202020DB
:10B2D0002020656E61626C6520430D0020202020D7
:10B2E0002D20546F20656E61626C652045435520AA
:10B2F000442C207573653A0D0000000020202020AA
:10B300002020656E61626C6520440D0020202020A5
:10B310002D20546F20656E61626C65204543552079
:10B32000422C20432C2044206174206F6E63652CD6
:10B33000207573653A0D0000202020202020656EC6
:10B3400061626C65204243440D00000064697361D2
:10B35000626C6500436F6D6D616E643A2064697361
:10B3600061626C650D00000020202020446973613B
:10B37000626C652074686520706F776572207375E4
:10B3800070706C79206F6620616E6F7468657220D2
:10B390004543552028422C20432C206F72204429FD
:10B3A0002E0D00002020202064697361626C6520EE
:10B3B0003C4543553E0D0000202020203C45435590
:10B3C0003E2020205468652045435520746F20623C
:10B3D000652064697361626C65642C206964656EC4
:10B3E0007469666965642062792061206C65747493
:10B3F00065722028422C20432C206F722044292E75
:10B400000D000000202020202D20546F206469733F
:10B4100061626C652045435520422C207573653A66
:10B420000D00000020202020202064697361626CE0
:10B430006520420D00000000202020202D20546FA8
:10B440002064697361626C652045435520432C205C
:10B450007573653A0D0000002020202020206469CB
:10B460007361626C6520430D0000000020202020E5
:10B470002D20546F2064697361626C6520454355CB
:10B4800020442C207573653A0D00000020202020F8
:10B49000202064697361626C6520440D0000000027
:10B4A000202020202D20546F2064697361626C6518
:10B4B0002045435520422C20432C204420617420F9
:10B4C0006F6E63652C207573653A0D002020202077
:10B4D000202064697361626C65204243440D000062
:10B4E0004E6F2068656C70207061676520666F75AF
:10B4F0006E6420666F72207468697320636F6D6D6F
:10B50000616E642E0D000000456E64206F6620633E
:10B510006F6D6D616E642068656C70207061676529
:10B520002E2054797065202268656C70222077691E
:10B5300074686F757420617267756D656E742066CE
:10B540006F72207468652067656E6572616C206833
:10B55000656C7020706167652E0D0000546869731A
:10B5600020696E7465726661636520616C6C6F77CB
:10B570007320796F7520746F20696E7465726163D2
:10B5800074207769746820766172696F75732052D0
:10B59000414D4E2066756E6374696F6E7320616EE7
:10B5A0006420636F6E74726F6C20746865206465CC
:10B5B000766963652773206F7065726174696F6E59
:10B5C00073207468726F75676820612073657420DA
:10B5D0006F6620636F6D6D616E64732E0D547970AC
:10B5E000652027622720746F20676F206261636B7C
:10B5F00020746F20736C63616E206D6F64652E0024
:10B60000436F6D6D616E64733A0D00002020202041
:10B610002D20617361703A20496D6D6564696174B4
:10B62000656C79206F7665727772697465206461E4
:10B630007461206F662043414E206672616D6573B0
:10B640002077697468207370656369666965642032
:10B6500043414E2049442E2055736167653A20616D
:10B66000736170203C63616E5F69645F6865783EFA
:10B67000205B646174615F6865785D2E0D00000079
:10B68000202020202D2063616E3A20757064617443
:10B69000652045435520412043414E207365747415
:10B6A000696E67733A207072657363616C65722CA2
:10B6B0002074736567312C2074736567322C207396
:10B6C0006A772C206175746F72657472792C20749E
:10B6D00072616E736D697470617573652C2061752C
:10B6E000746F7265636F7665722C2061636B2E20B8
:10B6F0004578616D706C653A202763616E206163E7
:10B700006B2030272E0D0000202020202D20636C80
:10B710006561723A20436C6561727320796F75724E
:10B720002073657269616C207465726D696E616CFD
:10B730002E0D0000202020202D2064697361626C92
:10B74000653A2044697361626C6520746865207095
:10B750006F77657220737570706C7920666F7220D8
:10B76000616E6F74686572204543552E2055736174
:10B7700067653A2064697361626C65203C45435596
:10B780003E2E0D00202020202D20656E61626C650C
:10B790003A20456E61626C652074686520706F7731
:10B7A000657220737570706C7920666F7220616E9F
:10B7B0006F74686572204543552E20557361676527
:10B7C0003A20656E61626C65203C4543553E2E0D06
:10B7D00000000000202020202D20657869743A2088
:10B7E00045786974207468697320646562756720A0
:10B7F000696E7465726661636520616E642072654E
:10B800007665727420746F20736C63616E206D6F47
:10B8100064652E2055736167653A20657869742EDA
:10B820000D000000202020202D20666C6F6F643AF0
:10B8300020666C6F6F64206275732077697468206E
:10B8400070726F76696465642043414E2066726150
:10B850006D652E2055736167653A20666C6F6F6465
:10B86000203C63616E5F69645F6865783E205B645D
:10B870006174615F6865785D2E0D000020202020D6
:10B880002D2068656C703A20446973706C61792072
:10B8900067656E6572616C2068656C702C206F72D4
:10B8A0002068656C7020666F72206120737065631C
:10B8B0006966696320636F6D6D616E64207768658A
:10B8C0006E20617661696C61626C652E20557361D2
:10B8D00067653A2068656C70203C636F6D6D616EC2
:10B8E000643E2E0D00000000202020202D20623A12
:10B8F00020416C69617320666F7220746865202234
:10B90000657869742220636F6D6D616E642E0D0021
:10B91000202020202D20717569743A20416C6961C6
:10B920007320666F722074686520226578697422BE
:10B9300020636F6D6D616E642E0D0000202020204D
:10B940002D2072616E646F6D697A653A2052616E66
:10B95000646F6D697A6520626F6F742064656C61D5
:10B96000797320746F2070726576656E742045431C
:10B9700055206265696E672073796E6368726F6EB9
:10B98000697A65642E2055736167653A2072616E2D
:10B99000646F6D697A652E0D000000002020202064
:10B9A0002D2073696C656E63652F74616C6B203C30
:10B9B0004543553E3A205573652055445320746FD6
:10B9C0002061736B2045435520746F2073746F7032
:10B9D000207472616E736D697474696E672070652E
:10B9E00072696F646963616C6C7920286275742078
:10B9F0006B656570206C697374656E696E67292E5E
:10BA00000D000000202020202D2072657365742019
:10BA10003C4543553E3A20506F7765722D52657311
:10BA2000657420746865206465766963652E2055A9
:10BA3000736167653A207265736574206F72207256
:10BA400065736574203C4543553E2E0D0000000093
:10BA5000202020202D20726573657463616E203C68
:10BA60004543553E3A2053616D6520617320616204
:10BA70006F766520627574206F6E6C7920666F72C8
:10BA80002043414E207065726970686572616C7305
:10BA90002E0D0000202020202D20736C63616E3A53
:10BAA00020416C69617320666F7220746865202282
:10BAB000657869742220636F6D6D616E642E0D0070
:10BAC000202020202D20756473203C4543553E20C6
:10BAD0003C7061796C6F61643E3A20436F6D6D61BB
:10BAE0006E6420746F20717569636B6C7920736567
:10BAF0006E64206120756473207061796C6F61647D
:10BB00002028757020746F20372062797465732047
:10BB10006F6E6C79292E0D00202020202D20746856
:10BB2000656D653A205365742074686520636F6C99
:10BB30006F72207468656D6520666F72204543558D
:10BB400020412773204C43442073637265656E2E39
:10BB50002055736167653A207468656D65203C7493
:10BB600068656D65206E756D6265723E2E0D000014
:10BB7000202020202D20747261666669636D6F64D9
:10BB8000653A20537769746368207468652043417F
:10BB90004E20747261666669632070726F66696CAC
:10BBA00065206C697665206F6E20616C6C20454362
:10BBB00055732E2055736167653A2074726166660D
:10BBC00069636D6F6465205B3C64656661756C7468
:10BBD0007C6A313933393E5D2E0D00002020202053
:10BBE0002D20706C61793A20506C6179206120675A
:10BBF000616D65206F6E2045435520412773204CB1
:10BC000043442073637265656E2E205573616765CA
:10BC10003A20706C6179203C67616D65206E756DAE
:10BC20006265723E2E0D0000202020202D207374AE
:10BC30006F703A2053746F7020616E79206F6E6759
:10BC40006F696E672067616D652E2055736167654A
:10BC50003A2073746F702E0D00000000436F6D6DFD
:10BC6000616E647320617265206361736520736522
:10BC70006E7369746976652E0D000000496E7661F9
:10BC80006C6964206E756D626572206F66206172EA
:10BC900067756D656E74732E205479706520226807
:10BCA000656C702064697361626C652220666F72D6
:10BCB0002068656C70207573696E6720746869739D
:10BCC00020636F6D6D616E642E0D000043616E6EBA
:10BCD0006F742064697361626C652045435520412F
:10BCE0002E20547970652022726573657422207449
:10BCF0006F2072657365742069742028616C6F6EA3
:10BD0000672077697468206F7468657220454355B1
:10BD100073292E0D0000000053657474696E67204E
:10BD2000454355204220706F77657220737570709F
:10BD30006C7920746F204F46462E0D005365747445
:10BD4000696E6720454355204320706F77657220E8
:10BD5000737570706C7920746F204F46462E0D00FD
:10BD600053657474696E6720454355204420706F95
:10BD700077657220737570706C7920746F204F46F0
:10BD8000462E0D00496E76616C6964204543552E40
:10BD9000204D75737420626520412C20422C204375
:10BDA0002C206F7220442E0D00000000496E766139
:10BDB0006C6964206E756D626572206F66206172B9
:10BDC00067756D656E74732E2054797065202268D6
:10BDD000656C7020656E61626C652220666F7220F2
:10BDE00068656C70207573696E672074686973206C
:10BDF000636F6D6D616E642E0D000000454355202C
:10BE00004120697320616C7761797320656E61628E
:10BE10006C65642E0D00000053657474696E6720B4
:10BE2000454355204220706F77657220737570709E
:10BE30006C7920746F204F4E2E0D00005365747482
:10BE4000696E6720454355204320706F77657220E7
:10BE5000737570706C7920746F204F4E2E0D00003A
:10BE600053657474696E6720454355204420706F94
:10BE700077657220737570706C7920746F204F4EE7
:10BE80002E0D00006173617000000000617361702D
:10BE9000206D6F64756C652073746F707065642EAF
:10BEA0000D00000055736167653A20617361702071
:10BEB0003C63616E5F69645F6865783E205B6461C6
:10BEC00074615F6865785D0D00000000496E766101
:10BED0006C69642043414E20494420286D75737479
:10BEE000206265203C3D203078374646292E0D00E3
:10BEF00061736170206672616D6520757064617434
:10BF000065642028444C433D30292E0D000000007C
:10BF1000496E76616C69642064617461206669654C
:10BF20006C642E0D00000000617361702073706FEF
:10BF30006F66696E67206F6E676F696E6720287322
:10BF4000637265656E2077696C6C20667265657AD0
:10BF500065290D00666C6F6F64000000466C6F6FA2
:10BF600064696E67206D6F64756C652073746F70A3
:10BF70007065642E0D00000055736167653A206698
:10BF80006C6F6F64203C63616E5F69645F686578A5
:10BF90003E205B646174615F6865785D0D00000040
:10BFA000496E76616C69642043414E2049442028E3
:10BFB0006D757374206265207374616E6461726460
:10BFC0002031312D626974292E0D0000466C6F6F8F
:10BFD00064206672616D65207570646174656420AB
:10BFE00028444C433D30292E0D000000466C6F6FF5
:10BFF00064206F6E676F696E672028736372656572
:10C000006E2077696C6C20667265657A65292E0DE5
:10C010000000000063616E0055736167653A20633C
:10C02000616E203C706172616D3E203C76616C7582
:10C03000653E0D0043414E207072657363616C650F
:10C040007220757064617465642E0D007473656789
:10C050003100000043414E20545345473120757054
:10C0600064617465642E0D007473656732000000AE
:10C0700043414E20545345473220757064617465C6
:10C08000642E0D00736A770043414E20534A5720B7
:10C09000757064617465642E0D0000006175746FC5
:10C0A000726574727900000043414E207472616EB3
:10C0B000736D697373696F6E206175746F726574E7
:10C0C000727920757064617465642E0D0000000043
:10C0D0007472616E736D69747061757365000000D0
:10C0E00043414E205472616E736D69745061757373
:10C0F0006520757064617465642E0D006175746FE0
:10C100007265636F766572004275734F6666206173
:10C1100075746F207265636F7665727920757064CF
:10C12000617465642E0D000061636B004C6973746B
:10C13000656E2D6F6E6C79206D6F646520286E6F53
:10C140002041434B292E0D004E6F726D616C206DA6
:10C150006F64652028772F2041434B292E0D000066
:10C16000556E6B6E6F776E2043414E207061726129
:10C170006D657465722E0D0075647300557361678B
:10C18000653A20756473203C427C437C447C2A3EA3
:10C19000203C6865785F7061796C6F61643E2E2029
:10C1A000557365202A20666F722062726F61646326
:10C1B0006173742E0D0000002A0000004200000090
:10C1C0004300000044000000410000004572726F0F
:10C1D000723A2055736520736C63616E20746F2012
:10C1E00073656E642055445320636F6D6D616E649A
:10C1F0007320746F2045435520412E0D0000000030
:10C20000496E76616C6964204543552E20557365EF
:10C2100020422C20432C20442C206F72202A2E0DEB
:10C2200000000000496E76616C6964207061796C71
:10C230006F61642E204D75737420626520312D3737
:10C24000206279746573206865782E0D0000000007
:10C25000554453205061796C6F61642073656E742E
:10C260002E0D000073696C656E6365005573616720
:10C27000653A2073696C656E6365203C427C437C43
:10C28000447C2A3E0D00000053696C656E63696E44
:10C290006720616C6C2045435573202862726F6182
:10C2A0006463617374292E0D000000003331303156
:10C2B0003032303000000000454355204120646F8B
:10C2C0006573206E6F7420737570706F7274207454
:10C2D00068697320636F6D6D616E642E0D000000E0
:10C2E00053696C656E63696E672045435520422E25
:10C2F0000D00000053696C656E63696E67204543ED
:10C300005520432E0D00000053696C656E63696E05
:10C31000672045435520442E0D00000074616C6B6E
:10C320000000000055736167653A2074616C6B20F2
:10C330003C427C437C447C2A3E0D00005265737471
:10C340006F72696E6720636F6D6D756E696361747E
:10C35000696F6E20666F7220616C6C204543557367
:10C360002E0D00003331303230323030000000000A
:10C37000526573746F72696E672045435520422081
:10C38000636F6D6D756E69636174696F6E2E0D00FC
:10C39000526573746F72696E672045435520432060
:10C3A000636F6D6D756E69636174696F6E2E0D00DC
:10C3B000526573746F72696E67204543552044203F
:10C3C000636F6D6D756E69636174696F6E2E0D00BC
:10C3D000747261666669636D6F6465004163746958
:10C3E00076652074726166666963206D6F6465208E
:10C3F000284543552041293A206A313933392E0DD9
:10C40000000000004163746976652074726166669D
:10C410006963206D6F646520284543552041293AA2
:10C420002064656661756C742E0D0000646566613C
:10C43000756C74006A31393339000000496E7661D9
:10C440006C6964206D6F64652E2055736167653A71
:10C4500020747261666669636D6F6465203C646513
:10C460006661756C747C6A313933393E2E0D00007B
:10C470005377697463686564207472616666696382
:10C48000206D6F6465206F6E20616C6C2045435594
:10C49000732E0D0072616E646F6D697A6500000025
:10C4A000546F6F206D616E7920617267756D656E76
:10C4B00074732E2055736167653A2072616E646FE4
:10C4C0006D697A652E0D000052616E646F6D697A38
:10C4D000696E6720626F6F742064656C6179732088
:10C4E000666F722045435520422F432F442E204E25
:10C4F0006F7465207468617420626F6F74206F724E
:10C5000064657220697320616C7761797320746847
:10C51000652073616D652028422D3E432D3E4429E0
:10C520002E0D0000726573657463616E000000007B
:10C5300055736167653A20726573657463616E2037
:10C540003C427C437C443E0D000000005265736514
:10C550007474696E672043414E205065726970683B
:10C560006572616C206F662045435520422E0D0098
:10C5700033313031303232330000000052657365A0
:10C580007474696E672043414E205065726970680B
:10C590006572616C206F662045435520432E0D0067
:10C5A000526573657474696E672043414E2050650F
:10C5B000726970686572616C206F66204543552012
:10C5C000442E0D00496E76616C6964204543552EFA
:10C5D0002055736520422C20432C206F7220442E5E
:10C5E0000D0000006262000062697462616E6700A3
:10C5F000496E76616C6964206E756D626572206F3C
:10C600006620617267756D656E74732E2054797043
:10C6100065202262697462616E672068656C7022B1
:10C6200020666F722068656C702E0D00426974621E
:10C63000616E6720636F6D6D616E64733A0D206289
:10C64000622072656164202020202020202020208C
:10C65000202D205265616420616E642070617273C8
:10C6600065206F6E652043414E206672616D6520C6
:10C67000286D69676874206F63636173696F6E61A9
:10C680006C6C79206C6F73652073796E6320616EBA
:10C6900064207361792062616420435243290D2034
:10C6A0006262206A616D202020202020202020202E
:10C6B00020202D204A616D207468652043414E2062
:10C6C00062757320627920616C7465726E61746941
:10C6D0006E67203020616E64203120756E74696C45
:10C6E0002074696D656F7574202869676E6F726557
:10C6F000732074726967676572290D206262206217
:10C7000075736C6F616420202020202020202D2054
:10C710004D6561737572652043414E2062757320CB
:10C720006C6F61640D2062622064756D7020202042
:10C7300020202020202020202D2044756D702043B3
:10C74000414E2062757320626974730D206262200D
:10C7500064656E79203C6E3E202020202020202D14
:10C760002053656E64206F6E6520646F6D696E6125
:10C770006E7420616674657220362B6E207265635C
:10C78000657373697665206269747320286C6F6FB6
:10C79000707320756E74696C2074696D656F757443
:10C7A0003B207365652062656C6F77290D2062629E
:10C7B0002064656E796F6E6365203C6E3E2020209C
:10C7C0002D2053616D652061732064656E792C2086
:10C7D000627574206578656375746564206F6E6337
:10C7E00065207768696C65207265636F7264696E35
:10C7F000672E0D2062622073656E64203C6D736746
:10C800003E20202020202D2053656E642072617709
:10C810002062697473747265616D20286F6E636540
:10C8200029207768656E2074726967676572656430
:10C830002028737461727473206F6E206E65787433
:10C84000206269742061667465722074726967671A
:10C85000657220636F6E646974696F6E20646574BD
:10C860006563746564292E0D206262206C6F6F70A1
:10C870006F662020202020202020202D2053656E50
:10C88000642061206C6F6F70206F66206F76657218
:10C890006C6F6164206672616D657320616674659A
:10C8A000722074726967676572206D657373616762
:10C8B000652028756E74696C2074696D656F757478
:10C8C000290D20626220736574203C703E203C7606
:10C8D0003E202020202D2053657420706172616DF0
:10C8E000657465722E205365652027626220736827
:10C8F0006F772720666F72206C6973742E0D20622B
:10C90000622073686F7720202020202020202020A4
:10C91000202D2053686F7720636F6E66696775728C
:10C920006174696F6E0D0D484F5720544F20555359
:10C9300045202873656520646F63756D656E74614D
:10C9400074696F6E20666F722064657461696C73C0
:10C95000290D0D466972737420736574206120740B
:10C9600072696767657220287370656369666963B9
:10C970002043414E204944202F27616E79272F27DD
:10C9800069646C65272F276E6F77272920616E6495
:10C990002074696D656F75742076616C756520779C
:10C9A000697468207468652073657420636F6D6DA9
:10C9B000616E642E0D4578616D706C65733A276207
:10C9C0006220736574207472696720303234272CBA
:10C9D0002027626220736574207472696720616E1B
:10C9E00079272C20276262207365742074696D6535
:10C9F0006F75742035303030272E0D436F6D6D61AB
:10CA00006E64732077696C6C2072657475726E2029
:10CA10007768656E207468657920737563636565F2
:10CA200064206F72207768656E2074686579207461
:10CA3000696D656F75742028747269676765722007
:10CA400074696D656F7574206F7220656E64206FF8
:10CA500066206C6F6F70292E0D0D436F6D6D616ECA
:10CA60006473202764656E792720616E64202764D3
:10CA7000656E795F6F6E6365272074617267657498
:10CA800020746865206269742070726F76696465CD
:10CA90006420696E20617267756D656E743A206EF0
:10CAA0003D30202D3E20454F4631202872782F748E
:10CAB00078206572726F72292C206E3D31202D3ED8
:10CAC00020454F463020287478206572726F722995
:10CAD0002C206E3D32202D3E204946533220284FD7
:10CAE00046292C206E3D33202D3E204946533120CF
:10CAF000284F46292C206E3D342D3E204946533088
:10CB000020284F4B292E0D45435520442773206381
:10CB10006865636B20656E67696E65204C454420CF
:10CB20006C6967687473207570206F6E2043414E86
:10CB3000206572726F7220616E6420626C696E6B28
:10CB400073206F6E20627573206F66662E20596F9A
:10CB5000752063616E2072657365742045435520AE
:10CB60004427732063616E2077697468202772659B
:10CB700073657463616E2044272028666F7220629B
:10CB80007573206F66662C20757365202772657338
:10CB90006574204427292E0D45435573206861761E
:10CBA0006520617572657472616E736D6974204F72
:10CBB0004E2062792064656661756C742120796FFE
:10CBC000752063616E2064697361626C65206974AD
:10CBD0002077697468205544532C20652E672E2CCD
:10CBE00020277564732044203331303130323232A3
:10CBF000303030303030272E202866697273742030
:10CC0000303020666F72206275736F6666206175C2
:10CC1000746F7265636F7665722C207365636F6ED7
:10CC20006420303020666F72206175746F207265E9
:10CC30007472616E736D69742C206C617374203032
:10CC40003020666F72207472616E736D697420702B
:10CC500061757365292E0D0D0D5761726E696E67D2
:10CC60003A2043414E2074696D696E67207061728D
:10CC7000616D657465727320617265206E6F7420DA
:10CC8000636865636B6564202D206D6F64756C65EA
:10CC9000206D61792068616E67206966207468651F
:10CCA000792061726520696E76616C69642E0D432E
:10CCB0006F6D6D616E64732073756368206173209E
:10CCC0006275736C6F6164206F722072656164209D
:10CCD000617373756D65206E6F206572726F72730C
:10CCE000206F6E207468652043414E206275732E5C
:10CCF0000D00000072656164000000006A616D0053
:10CD00004A616D6D696E672E2E2E0000446F6E6550
:10CD1000210D00006275736C6F6164004D65617375
:10CD20007572696E6720627573206C6F61642E2E58
:10CD30002E0D000064756D700000000044756D706C
:10CD4000696E672062757320626974732E2E2E0DD2
:10CD50000000000064656E79000000004572726F8B
:10CD6000723A2064656E79207265717569726573B7
:10CD7000203120706172616D657465722E0D000046
:10CD800044656E79696E672E2E2E0D00446F6E65B8
:10CD90002E0D0000496E76616C6964206E756D62BF
:10CDA00065722E0D0000000064656E796F6E63651C
:10CDB000000000004572726F723A2064656E796FF0
:10CDC0006E636520726571756972657320312070BC
:10CDD0006172616D657465722E0D000073656E641D
:10CDE0000000000053656E64696E672E2E2E0D00E4
:10CDF000496E76616C6964206E756D626572206F34
:10CE00006620617267756D656E74730D00000000B9
:10CE10006C6F6F706F6600004C6F6F70696E67208B
:10CE20004F7665726C6F6164204672616D65732E1A
:10CE30002E2E0D00736574004572726F722073653B
:10CE40007474696E6720706172616D657465722EAD
:10CE50000D00000073686F7700000000496E766176
:10CE60006C69642062697462616E6720636F6D6DC6
:10CE7000616E642E20547970652027626974626146
:10CE80006E672068656C702720666F722068656C1D
:10CE9000702E0D00496E76616C6964206E756D624E
:10CEA0006572206F6620617267756D656E74732E92
:10CEB0002054797065202268656C70207468656DF7
:10CEC000652220666F722068656C70207573696ECC
:10CED00067207468697320636F6D6D616E642E0DD9
:10CEE00000000000557064617465642E0D00000040
:10CEF0003200000033000000340000003500000064
:10CF000036000000370000005468656D65206E75BE
:10CF10006D626572206E6F7420666F756E642E2070
:10CF2000547279206265747765656E203120616E78
:10CF30006420372E0D0000006200000065786974DF
:10CF4000000000007175697400000000736C63617B
:10CF50006E000000726573657400000052657365B1
:10CF60007474696E672E2052656D656D62657220FE
:10CF7000746F2066697273742073656E64207468C0
:10CF8000652022232220636F6D6D616E6420746FB3
:10CF9000207265656E746572207468697320696EAD
:10CFA000746572666163652E0D000000546F6F201A
:10CFB0006D616E7920706172616D65746572732E3A
:10CFC00020557365202772657365742720746F2060
:10CFD0007265736574207468652077686F6C65206E
:10CFE000626F6172642C206F722070726F76696458
:10CFF0006520422F432F4420617320617267756D55
:10D00000656E742E20466F72206578616D706C6558
:10D010002C20757365202772657365742042272064
:10D02000746F2072657365742045435520422E004D
:10D030005573652027726573657427207769746856
:10D04000206E6F20706172616D65746572732074FB
:10D050006F20726573657420454355204120286117
:10D060006E64206F7468657220454355732077693C
:10D070007468206974292E0D0000000052657365E4
:10D080007474696E672045435520422E0D000000E0
:10D09000526573657474696E672045435520432E4D
:10D0A0000D000000526573657474696E6720454316
:10D0B0005520442E0D000000636C65617200000075
:10D0C0000D0D0D0D0D0D0D0D0D0D0D0D0D0D0D0D90
:10D0D0000D0D0D0D0D0D0D0D0D0D0D0D0D0D0D0D80
:10D0E0000D0D0D0D0D0D0D0D0D0D0D0D0D0D0D0D70
:10D0F0000D0D0D0D0D0D0D0D0D0D0D0D0D0D0D0D60
:10D100000D0D0D0D0D0D0D0D0D0D0D0D0D0D0D0D4F
:10D110000D0D0D0D0D0D0D0D0D0D0D0D0D0D0D0D3F
:10D120000D0D0D0D0D0D0D0D0D0D0D0D0D0D0D0D2F
:10D130000D0D0D0D0D0D0D0D0D0D0000706C6179B7
:10D1400000000000496E76616C6964206E756D6246
:10D150006572206F6620617267756D656E74732EDF
:10D160000D0000005374617274696E672067616D11
:10D170006520312E0D0000005374617274696E6772
:10D180002067616D6520322E0D00000053746172BE
:10D1900074696E672067616D6520332E0D00000095
:10D1A00047616D65206E756D626572206E6F7420CB
:10D1B000666F756E642E205472792062657477658F
:10D1C000656E203120616E6420332E0D000000005A
:10D1D00073746F700000000053746F7070696E6735
:10D1E0002067616D652E0D004E6F206F6E676F6951
:10D1F0006E672067616D652E0D000000556E6B6EC9
:10D200006F776E20636F6D6D616E643A2000000071
:10D210000D54797065202268656C702220666F72EB
:10D220002068656C702E2052656D656D6265722098
:10D2300074686520696E74657266616365206973E0
:10D2400020636173652073656E7369746976652EFA
:10D250000D0000000D3E00003F3F3F3F3F0000003B
:10D26000563120534C43414E2052344D4E2028001D
:10D27000563120534C43414E2052414D4E20280000
:10D2800053657020323220323032360032303A323A
:10D29000313A30300000000057656C636F6D6520D7
:10D2A000746F2052414D4E20434C492E20547970CA
:10D2B00065202768656C702720666F722068656C32
:10D2C000702E0D3E0000000068747470733A2F2FAA
:10D2D00072616D6E2E727466642E696F2F0D000080
:10D2E000710000007A5A00006420526573657474FE
:10D2F000696E670D00000000546F6F206D616E79DC
:10D30000207461736B730D00537461747320636FC9
:10D310006D70757465642066726F6D20626F6F74D6
:10D320002073746174652E20557365207269676877
:10D33000746D6F73742076616C75657320746F20E3
:10D34000636F6D707574652064656C7461732E0D08
:10D35000000000004E6F095461736B204E616D65D3
:10D360000953746174650955736167650953746184
:10D37000636B09002028756C546F74616C52756E74
:10D3800054696D65290D00003A0900000909000083
:10D39000090000002500000052756E6E696E67007E
:10D3A0005265616479000000426C6F636B0000009D
:10D3B00053757370656E640044656C6574656400D4
:10D3C000496E76616C696400F0909090F020602066
:10D3D0002070F010F080F0F010F010F09090F0104D
:10D3E00010F080F010F0F080F090F0F0102040404D
:10D3F000F090F090F0F090F010F0F090F09090E05D
:10D4000090E090E0F0808080F0E0909090E0F080FC
:10D41000F080F0F080F080803C7EE7C3C3C3C3E7B8
:10D420007E3C1838581818181818183C3E7FC30648
:10D430000C183060FFFF3C7EC3030E0E03C37E3C1E
:10D44000060E1E3666C6FFFF0606FFFFC0C0FCFEC6
:10D4500003C37E3C3E7CC0C0FCFEC3C37E3CFFFFDA
:10D4600003060C18306060603C7EC3C37E7EC3C37D
:10D470007E3C3C7EC3C37F3F03033E7C0000000034
:10D48000490000004500000064202D2D2D2D2D2D7C
:10D490002D2D2D2D2D2D2D2D2D2D2D2D2D2D2D2DBC
:10D4A0002D2D2D2D2D2D2D2D2D2D2D2D2D2D2D2DAC
:10D4B0002D2D2D2D2D2D2D2D2D2D200D000000007D
:10D4C00064204552524F522021205265676973747F
:10D4D0006572732064756D7065642062656C6F772A
:10D4E0000D00000048414C5F464443414E5F4552A9
:10D4F000524F525F54494D454F5554200000000093
:10D5000048414C5F464443414E5F4552524F525F43
:10D510004E4F545F494E495449414C495A45442065
:10D520000000000048414C5F464443414E5F455275
:10D53000524F525F4E4F545F5245414459200000B4
:10D5400048414C5F464443414E5F4552524F525F03
:10D550004E4F545F53544152544544200000000044
:10D5600048414C5F464443414E5F4552524F525FE3
:10D570004E4F545F535550504F5254454420000075
:10D5800048414C5F464443414E5F4552524F525FC3
:10D59000504152414D20000048414C5F46444341B8
:10D5A0004E5F4552524F525F50454E44494E4720C0
:10D5B0000000000048414C5F464443414E5F4552E5
:10D5C000524F525F52414D5F4143434553532000F8
:10D5D00048414C5F464443414E5F4552524F525F73
:10D5E0004649464F5F454D505459200048414C5FD5
:10D5F000464443414E5F4552524F525F4649464F63
:10D600005F46554C4C20000048414C5F4644434126
:10D610004E5F4552524F525F4C4F475F4F564552F7
:10D62000464C4F572000000048414C5F4644434160
:10D630004E5F4552524F525F52414D5F5744472013
:10D6400000000000642048414C5F464443414E5F67
:10D650004552524F525F50524F544F434F4C5F41CF
:10D66000524254202D3E2000464443414E5F5052CA
:10D670004F544F434F4C5F4552524F525F53545596
:10D6800046462000464443414E5F50524F544F435C
:10D690004F4C5F4552524F525F464F524D20000053
:10D6A000464443414E5F50524F544F434F4C5F45A9
:10D6B00052524F525F41434B2000000046444341C9
:10D6C0004E5F50524F544F434F4C5F4552524F5252
:10D6D0005F42495431200000464443414E5F50525E
:10D6E0004F544F434F4C5F4552524F525F42495443
:10D6F00030200000464443414E5F50524F544F4348
:10D700004F4C5F4552524F525F435243200000003E
:10D71000464443414E5F50524F544F434F4C5F4538
:10D7200052524F525F4E4F5F4348414E4745200093
:10D73000642048414C5F464443414E5F4552524F3E
:10D74000525F50524F544F434F4C5F44415441201D
:10D750002D3E2000642048414C5F464443414E5FCB
:10D760004552524F525F52414D5F574447200D0082
:10D7700064205458204552524F52533A203078007A
:10D78000206672616D657329205258204552524FB0
:10D7900052533A203078000020455252204C4F47D7
:10D7A0003A2030780000000020434F4D503A20309E
:10D7B00078000000642021205258204572726F7258
:10D7C00020686173207265616368656420657272A8
:10D7D0006F722070617373697665206C6576656C15
:10D7E000206F662031323820210D000064204375FF
:10D7F0007272656E742053746174653A2000000083
:10D800004E6F64652069732073796E6368726F6E02
:10D81000697A696E67206F6E2043414E20636F6D99
:10D820006D756E69636174696F6E00004E6F64653B
:10D83000206973206E65697468657220726563651E
:10D8400069766572206E6F72207472616E736D6995
:10D8500074746572000000004E6F64652069732067
:10D860006F7065726174696E6720617320726563A1
:10D8700065697665720000004E6F646520697320EB
:10D880006F7065726174696E672061732074726174
:10D890006E736D697474657200000000496E766184
:10D8A0006C696420636F6D6D756E69636174696F17
:10D8B0006E2073746174650064205468652046446A
:10D8C00043414E20697320696E204572726F725F0A
:10D8D000506173736976652073746174650D00001F
:10D8E00064204174206C65617374206F6E65206FD5
:10D8F0006620746865206572726F7220636F756E42
:10D900007465727320686173207265616368656411
:10D9100020746865204572726F725F5761726E691C
:10D920006E67206C696D6974206F662039360D0052
:10D93000642054686520464443414E206973206941
:10D940006E204275735F4F66662073746174650D57
:10D950000000000064204C61737420726563656987
:10D960007665642043414E204644206D65737361A3
:10D970006765206861642069747320455349206697
:10D980006C6167207365740D0000000064204C61B9
:10D9900073742072656365697665642043414E2027
:10D9A0004644206D65737361676520686164206912
:10D9B00074732042525320666C6167207365740D46
:10D9C0000000000064204E6577206D657373616709
:10D9D000652072656365697665642073696E636549
:10D9E000206C6173742070726F746F636F6C20733E
:10D9F00074617475730D0000642050726F746F63EE
:10DA00006F6C20657863657074696F6E20657665EC
:10DA10006E74206F636375727265640D00000000A0
:10DA2000642043414E20425553204F4B0D000000CF
:10DA30006420427566666572206F76657272756ED7
:10DA4000207265706F72746564206F6E2043414E62
:10DA500020526563657074696F6E0D0064204572B5
:10DA6000726F72207265706F7274656420627920C3
:10DA7000555342206D6F64756C6520286F76657212
:10DA8000666C6F773F29200D0000000064202D2D6B
:10DA90002D2D2D2D2D2D2D2D2D2D2D2D2D2D2D2DB6
:10DAA0002D2D2D2D2D2D2D2D2D2D2D2D2D2D2D2DA6
:10DAB0002D2D2D2D2D2D2D2D2D2D2D2D2D2D200DC3
:10DAC0000D00000043414C4942524154494F4E2001
:10DAD00049443000454355412D496E666F74616974
:10DAE0006E6D656E7400000052582044554D500014
:10DAF00020204F4E0000000053544F500000000003
:10DB00004F766572666C6F772020202020202020C1
:10DB1000202020200000000043414E205258204D7C
:10DB20004F4E49544F5200004F5646005475726E86
:10DB3000204B657920746F20717569742E00000088
:10DB4000557365204252414B4520746F20636F6EC0
:10DB500074726F6C0D67616D652073706565642EFE
:10DB600000000000434849502D38000044616E6DAC
:10DB7000616B750043617665204578706C6F7265E6
:10DB8000720000004F63746F70656700636F6E67AB
:10DB9000726174732120796F7527766520737563C0
:10DBA0006365737366756C6C7920777269747465DC
:10DBB0006E20612074657874207669612055445325
:10DBC0002068657265277320796F757220666C61B5
:10DBD00067202D3E20000000524F4F54434F4E20EF
:10DBE00032300000434152204841434B494E4700E8
:10DBF00056494C4C414745002055736520454355D7
:10DC00002043205368696674200D746F20636F6E23
:10DC100074726F6C2073637265656E005354415467
:10DC20005300000043414E20525820203A203078C3
:10DC30000000000043414E20545820203A20307804
:10DC40000000000043414E20455252203A203078D7
:10DC50000000000043414E204F5646203A0000008D
:10DC600043414E20425553203A0000005553422074
:10DC7000455252203A2030780000000043444320AF
:10DC80004F5646203A203078000000005359535434
:10DC900049434B203A20307800000000594553009A
:10DCA0004E4F20004F4646004F4E20005544532013
:10DCB00044524157000000005573652055445320DD
:10DCC0005365727669636520746F0A6472617720A8
:10DCD000616E20696D61676520686572652E000060
:10DCE00072616D6E2E72656164746865646F6373D2
:10DCF0002E696F005354454552204252414B2041FA
:10DD000043434C005550000044570000525400005B
:10DD10004C5400004D4400002020000053420000FD
:10DD2000434C00004C420000484200004143430085
:10DD300049474E003F3F3F0032303A32313A3032AD
:10DD40000000000052414D4E0000000049444C4587
:10DD500000000000546D725100000000546D7220EC
:10DD600053766300546F796F7461204D6F746F72D6
:10DD700020436F72706F726174696F6E00000000F3
:10DD800052414D4E20436F6D706F7369746520442E
:10DD900065766963650000004D444320436F6E66FD
:10DDA000696700004D444320496E74657266616383
:10DDB000650000002CAB010800000000000000001E
:10DDC0000000000000000000000400002A00000025
:10DDD00000000000000000003CAB01080000000053
:10DDE000000000000000000000000000000800002B
:10DDF0002900000000000000000000004CAB0108FA
:10DE00000000000000000000000000000000000012
:10DE100000040000300000000000000000000000CE
:10DE20005CAB0108000000005C050320AC000000B2
:10DE300008060320000400000F000000000000009E
:10DE40000000000068AB0108000000000C0A03207D
:10DE5000AC000000B80A032000040000100000001D
:10DE6000000000000000000074AB0108000000008A
:10DE7000BC0E0320AC000000680F0320000400006B
:10DE800031000000000000000000000084AB010829
:10DE9000000000006C130320AC00000018140320E5
:10DEA000000400002000000000000000000000004E
:10DEB00094AB0108000000001C180320AC00000017
:10DEC000C818032000040000280000000000000023
:10DED00000000000A4AB010800000000CC1C0320DF
:10DEE000AC000000781D03200004000018000000B2
:10DEF0000000000000000000B4AB010800000000BA
:10DF0000000000000000000000000000000400000D
:10DF100018000000000000000000000000010100E7
:10DF200001010000293300089D3100086133000819
:10DF3000B93100088D330008E9310008E5360008E2
:10DF400011370008A533000801320008BD3300086E
:10DF500019320008D53300083132000801340008B6
:10DF6000B935000800000000D13500081934000858
:10DF7000593200083D340008693200085134000865
:10DF8000753200088534000899320008A934000869
:10DF9000A9320008C9340008E9350008F93400083E
:10DFA0007D3600084535000815360008B9320008EE
:10DFB000D532000841370008213800085D370008D5
:10DFC0004D3800087937000879380008953700087F
:10DFD000A5380008B1370008D1380008CD3700084F
:10DFE000FD3800088131000885310008000000007C
:10DFF00001330008D1360008C1360008D5360008C4
:10E00000C5360008E9370008293900080538000836
:10E0100055390008D9360008C9360008DD36000831
:10E02000CD3600088931000891310008E13600083A
:10E030007936000898D30108A0D30108A8D30108B5
:10E04000B0D30108B8D30108C0D30108B80D00004F
:10E050001C16220A6280222800EE60AD6191A28C1B
:10E06000F155A2B4F155601261D0A2C8F155601209
:10E0700061D2A2CCF15500EE650064013401124476
:10E0800022A0F06530FF1242450000EE60006400FF
:10E0900012448504228CF065830022C880308054AD
:10E0A0006E098E054F01126A70F68300650122B475
:10E0B000F055229022B8803012728300650022B49D
:10E0C000F05522CC3401128235001280229022B801
:10E0D00022A4805080443000122C00EE000000EE9C
:10E0E000A28CF1656F0181F480F4A28CF15500EEF1
:10E0F000000000EEA2A0F1656F0181F480F4A2A0FF
:10E10000F15500EE000000EEA2B4F1656F0181F45C
:10E1100080F4A2B4F15500EE000000EE000000EE25
:10E1200072FBF0296F01D2F500EE610062806E0093
:10E13000AD91F11E7101F06522D07E013E0612E024
:10E1400000EEF11E7101F06540FF6000F029D3453B
:10E150007E0100EE635D64046E006100AD8873FBB8
:10E1600022F23E06130C6F0061246204AF9A2EE97E
:10E170003FFF131C00EE635D64046E006100AD9907
:10E1800073FB22F23E03132E6F0061246204AF93EF
:10E190002EE93FFF133E00EE635D64046E006100F4
:10E1A000000073FB22F23E0513506F0061246204ED
:10E1B000AF9F2EE93FFF136000EEADA0F065610157
:10E1C0006201AD086E00D1227E0171033E0A138404
:10E1D000610172035E00137600EEADA0F065239836
:10E1E00070FFADA0F05500EE61016201AD08400185
:10E1F00013B46E0171033E0A13AE610172037E0116
:10E200005E0013A4D12200EEADA0F065301413C25D
:10E2100013C47001ADA0F055239800EE7504750489
:10E22000350013E6ADA3F06523EC700440286000D0
:10E2300023ECADA3F05500EEADA3F065AD77623FE2
:10E2400024A2D12100EEAD0B60086108D018602037
:10E250006100D0186058AD13D01871086070D018E4
:10E260006058AD3BD0186020AD33D0186008AD1BAE
:10E270007008D0183018142060587008D018306812
:10E28000142A602061007008D01830501436AD2B6D
:10E29000607061087108D01831381444AD236008EB
:10E2A00061087108D01831381452248E00EEAD4B3D
:10E2B00060006138D0186078D018AD5B6108D01864
:10E2C0006000D018AD537108D01831301476610851
:10E2D00060787108D0183130148224CC00EEAD4340
:10E2E0006117623A6E00D1267E0171133E051496C5
:10E2F00000EEB4A4610D00EE612000EE613300EE8B
:10E30000614600EE615900EE616C00EE615900EE6D
:10E31000614600EE613300EE612000EEADA4F065D1
:10E32000400014E46100623EAD6370FF72FED122D2
:10E33000300014DA00EEADA4F0657001ADA4F05524
:10E340006100820E6F3E82F7AD63301B1520802086
:10E350006E0082007202252A7E0126F03E09150217
:10E360006001ADA4F0557202AD63D12223B800EE76
:10E37000D12200EEAD636178620AD1287208D128FB
:10E380007208D1287208D1287208D1287208D128C1
:10E390007208D12400EEADA5F0653034157C810003
:10E3A000ADA7F065300015766E006F00612F620436
:10E3B000AF8C2EE93FFF15607E0126E43E10155A12
:10E3C000ADA76001F0558010701400EE7001ADA58E
:10E3D000F055617882006F3E82F7AD63D12100EE87
:10E3E0006E006F0061256204AF822EE93FFF159831
:10E3F0007E0126E43E10159200EED34100EE650842
:10E40000800E4F0125AA730275FF350015B000EE8E
:10E41000000000EEA5C0F1658F2081F480F4A5C056
:10E42000F15500EE000000000000800E800E800E0E
:10E430002EA7A5C0F155660067006800690063104B
:10E44000641025C0F0656AE06B1F8A028B023A20D7
:10E450001636F0658200AD0A802036061616660074
:10E46000770173A0740A37041620670074DA780104
:10E470004000162825AE162A731076017BFF3B005C
:10E480001608620225C43A40164E89B0899E620180
:10E4900025C4A5D4F155620225C4A5D6F1553A602C
:10E4A000165CF16583048414620325C43A801670F7
:10E4B000660067006800690063106410620125C48B
:10E4C0003AA0167E8CB0620125C4A5D8F1553AC099
:10E4D00016967CFF4C001692A5D8F165A5C0F155A3
:10E4E0001696620125C4490016B06F018F923F0055
:10E4F00016A6A5D416A8A5D6F165A5C0F15579FF35
:10E5000025C0F065300015F600EE6F3CFF15FF07E3
:10E510006004E0A16F006007E0A16F006009E0A166
:10E520006F006005E0A16F006008E0A16F003F0090
:10E5300016BE00EE6F02FF15FF073F0016E800EE63
:10E540006F01FF15FF073F0016F400EE6E3D8E775A
:10E550004F011726AD78F5552766279027A2802012
:10E5600028362872AD78F56577FF6D0169048886D5
:10E570004C0178801728299200EE24E67301254685
:10E580006FF08F323F00254670026FF880F27008FE
:10E5900084043F011752749CADA6F0657001ADA6CE
:10E5A000F055AD78F555276627A22826283628721B
:10E5B000AD78F56500EEAD0A806081706200D01123
:10E5C0003F00178AD01172014201700142027101AD
:10E5D000420370FFD0114F0017748E2682E300EEC5
:10E5E000D011AD9CF16586008710F1658A008B1013
:10E5F00000EE3C0017D6380078FF3D0017B280903F
:10E6000017B66000809561008E008E873F01710112
:10E6100083068E308E873F01710483868E008E378D
:10E620003F0171021824380078013D001802600093
:10E63000808561008E008E953F01710183968E303A
:10E640008E073F01710483068E908E373F01710261
:10E65000182461008E908E853F016101839673803E
:10E660008E308E853F017104838673808E908E3547
:10E670003F01710200EE60008EAE4F0170018EBE50
:10E680004F01700200EE6E006F038F0392006E0167
:10E6900092F06E013E0018686E028E223E00185CF9
:10E6A0006E028E0260024E00600418666E028E02D8
:10E6B00060044E006002186A60018102310061014D
:10E6C00000EE2C146F0032001888310018844C00C2
:10E6D0006F0218884D006F013201189A31001896A8
:10E6E0004C016F02189A4D006F01320218AC3100D4
:10E6F00018A84C006F0218AC4D016F01320318BE10
:10E70000310018BA4C016F0218BE4D016F014F0065
:10E7100018CC4F0129924F02298800EE8E268EF3E5
:10E72000300118EA3E0018DC298829928F808890F1
:10E7300089F08FC08CD08DF018EC28F02C1400EEEE
:10E740008300808680068196811680064C0170E0E9
:10E7500081164D0171E082164D0172803E0119163D
:10E7600088108824191C680088158825330419240A
:10E7700088051926880482064C0172803E011936EC
:10E7800089008924193C69008905892533041944C5
:10E79000891419468915888E3F01195A888E4F00B1
:10E7A0006804480068046F011962888E4F0168FC94
:10E7B0006F008CF0899E3F01197A899E4800680499
:10E7C0003F00197869046F011984899E3F011984FB
:10E7D00069FC6F008DF000EE6F0089F76F018DF31B
:10E7E00000EE6F0088F76F018CF300EE808081905F
:10E7F000703D7103D01500EEADA1F1658800891060
:10E80000AD70603C6103D017AD6B299C63006FF065
:10E8100085F223CC4500AD6B299C6007E0A178FF11
:10E820006009E0A178016005E0A179FF6008E0A13E
:10E8300079016006E0A1630148637801489E78FF92
:10E84000497F7901499F79FF299C26E4430019C239
:10E85000299C238AAD70603C6103D017ADA18080F4
:10E860008190F1556300649CADA66000F05500EE08
:10E8700029A8663F67056A806B80AD08D672608004
:10E88000610188048CF08C1389048DF08D13888EBF
:10E89000888E888E899E899E899E23CEAD9C8060BD
:10E8A0008170F15580A081B0F1556E0389E43F017C
:10E8B0001A6C3D011A6A6D001A6C69FC3C011A7CE5
:10E8C0006E008E858AE54F0076FF1A808A8486F472
:10E8D0003D011A906E008E958BE54F0077FF1A94DC
:10E8E0008B9487F46E0C8E774F011AD03D011AC0BD
:10E8F0006E238E674F011AAC670B29886E5B8E659D
:10E900004F011AB8670B298837031AC06703298893
:10E9100036231AC84C012992365B1AD04C00299232
:10E920003C011ADE360B1ADC660B29921AE63673A6
:10E930001AE666732992ADA7F06540001AFE6102DF
:10E940008013ADA7F055AF07617A620AD125AD9C5F
:10E95000F165AD08D0126004E09E1B10673E6600B2
:10E96000373E1B161B36D6723F011B362C14D6724F
:10E97000807070046E3A8E054F011B3026FC1B32EE
:10E98000272AAD08D67226F0373E1A4AADA3F065A5
:10E9900024A271FC81676E0E8E174F011B5223B8A3
:10E9A0002590AD99F333F2658F20820080F0AD9908
:10E9B000F2557464AD89F433F2658F20820080F0E3
:10E9C000AD89F155ADA6F065AD8B40001B8CF033E1
:10E9D000F2658F20820080F0AD8BF25560FFF0551C
:10E9E00060AD6188A2A0F15522022C14ADA7F0659C
:10E9F0008A004A001BE84A011BB2AF07617A620A2B
:10EA0000D125ADA76000F05546001BDE600024A2B2
:10EA10008E607E048E1560F8611370088E154F01AC
:10EA20001BCA2DA8A2A0F155A350F1551BE06A0006
:10EA3000ADA56000F0552524232626BA23262304FD
:10EA400026BA23044A001C0A6A002202234826F040
:10EA5000234826F07A013A1E1BFCADA0F065300079
:10EA60001A2000EE00EE66016F00610B620AAFA58E
:10EA70002EE93FFF1C1EA2026410600061006208C4
:10EA80006E0074FF34001C40C40F7403A20AF41E0D
:10EA9000D018F21E70087E013E081C4036011C642E
:10EAA00060006111620F6E00D01FF21E70087E01BF
:10EAB0003E081C5861006007E0A161016009E0A107
:10EAC00061016005E0A161016008E0A161016006EB
:10EAD000E0A1610126E441001C2A00FF220A00E0B7
:10EAE0006107ADEAF0658006820680178025ADA03B
:10EAF000F05523F6245EADEAF06525DA22DA236AC2
:10EB0000ADA56000F05523E82A20ADEAF06570015C
:10EB1000ADEAF05530081C8E2CCC1C1800E000FE2D
:10EB20006F0061026212AFAD2EE93FFF1CD6633267
:10EB300064196E006100AD9173FB22F23E071CE682
:10EB40006000610062006300AD91F355F355ADEADA
:10EB5000F055ADA4F05500EEC0C080FF80BFA0A06E
:10EB6000A0A0A0FF01FD0505050505FF00FF0000B1
:10EB7000000000A0A0A0A0A0A0A0A005050505057C
:10EB8000050505A020E000000000000504070000C6
:10EB9000000000307878FCFCFCFCFC5A4242424207
:10EBA000427E005A42424242424242007E42424239
:10EBB0004242423C3C3C3C3C3C3C3C2020F8202037
:10EBC000BDC3DBDBC37E3CFE000000000000000094
:10EBD000000000000000000000FFFFFFFFFFFFFF3C
:10EBE000FF00000000000000000000000000000026
:10EBF0000080880000000000BDAA60AD61E500EE65
:10EC0000010260AD61E000EE030360AD61DA00EE89
:10EC1000040560AD61DA00EE060760AD61E000EE6C
:10EC2000080960AD61E500EE0A0B0806070203FF64
:10EC300000000806FF00000801FF002644261126F8
:10EC40004426AA00385560000338AA00A221FF24F8
:10EC50000021FFC02C00A221FF240021FFC0600181
:10EC600000A2220022552200C038AA00A53844C0C4
:10EC7000002C556001002C662C002C9900A53888CA
:10EC8000600100C00038E0600300380760FD003814
:10EC90003860030038C10060010043210721C043F0
:10ECA000217F21FC4321DB21B643213221984321DE
:10ECB0001F21F043217F21FC43217F21FC4321269A
:10ECC00021C843213F21F843217F21FC43211F21FB
:10ECD000F0432104214043213F21F843213F21F803
:10ECE00043217F21FC260043217F21FC43211F215A
:10ECF000F04321D2219600BEA960AD61EB00EE0188
:10ED00000260AD61F400EE030360AD61FC00EE044F
:10ED10000560AE611C00EE060760AE612100EE08E2
:10ED20000960AE612D00EE080960AE613500EE0AA3
:10ED30000B60AE614700EE00EEFF1EF06530FF1E77
:10ED4000F76FFF00EE1F05AF0CF01E80F0D1258F8E
:10ED50000071067F0100EEF080F0808090A0C0A0DE
:10ED60009078807008F0F820202020885020408083
:10ED7000F088F088F080808850205088F888F880EB
:10ED8000F080808080F88888F88888888870F0888B
:10ED90008888F088F09088D8A8888850502078809B
:10EDA000808078809888708888887088889878F8BB
:10EDB00080F080F8202020F8102040F8202020C08B
:10EDC00088C8A8988888A8A8505050005000000013
:10EDD00000002236535371141D2525FF22533D5345
:10EDE000366CFF050A36531D00FF1B0A361DFF1443
:10EDF0004A642D05FF4A420A4A165346FF225764C9
:10EE00001D2505424A3653FF2705000014E2E000A5
:10EE1000807900600C0C3E0C9BFD20631C0C3E0CAA
:10EE2000FBCD70E71C1E230CF3FDF8CF1E1F210C39
:10EE3000C3FDD8CD1E9B211CE3CDDDDD9EBF2198F7
:10EE4000F38DCDD99F3F23F8F99DCDD9DB713FF0EC
:10EE500098F9CDD9D9603C0000F800000000001EF0
:10EE60001010101E101010EAAAAAAAEEEA8A8E8AC2
:10EE7000EAAEA84C484EE484E420E4FF0000000021
:10EE8000000000A0A0000050500000606000600082
:10EE90006000C0A060003050600000050F000060FE
:10EEA00000600060A0C0006050300060600000C0E2
:10EEB000C00000303000C060C00060600000C0C012
:10EEC000000030300000A040A000000060600000A2
:10EED000C0C00000303000E06A386B0BA203DAB12A
:10EEE000F0657AF84AF87B014AF86A383B1512D285
:10EEF0006405E4A100EE6407E4A100EE6408E4A167
:10EF000000EE6409E4A100EEA2026000C11F71F6E8
:10EF10006F0B8F174F0012E4710A623C402012E41D
:10EF2000D012D2123F0112E4700472FC131000E000
:10EF3000631F653FA265601A610ED0157008A26A52
:10EF4000D015A00060036101622066206420820465
:10EF50008605841587208B102366876023668B4087
:10EF60002366872023667001710140207001805262
:10EF7000133C8B3287526C006F158F774F007C01EA
:10EF80006F298F754F007C016F0A8FB74F007C018E
:10EF90006F138FB54F007C016F008FC54F00D7B442
:10EFA00000EE00E0A25B6019610DD015A260700850
:10EFB000D015F00AF00A00EE60FF2420A29E833EE6
:10EFC000833EF31ED45400EE8C00800E8AF086043B
:10EFD00080C08AF288F088A588A584848C10811E60
:10EFE0008AF0871481C08AF28DF08DA58DA585D415
:10EFF0006FFA8F073F0013F280243F008025838043
:10F000006F018F854F0063026F018FD54F006D0236
:10F010008DDE8DDE83D16F3E8F453F00141623AC0D
:10F02000141E6F1D8F554F0023AC00EEABB8FB1EB6
:10F03000F75500EE6B00ABB8FB1EF76540FF143EC2
:10F04000A272833E833EF31ED4547B083B00142AF5
:10F0500000EE6B00ABB8FB1EF76530FF23BC30FF42
:10F0600024207B083B00144800EEAB54F755A28ED9
:10F07000F065ABB8F01EF765680030FF1480A28E13
:10F08000F0658A007008A28EF0556801AB54F765F0
:10F090006300ABB8FA1E00EEFF073F00148C6F014F
:10F0A000FF1500EEA28FF16583168206A2AAD23365
:10F0B0006205E29E14B071FF410161026207E29EA7
:10F0C00014BC70FF400160026209E29E14C8700126
:10F0D000402360226208E29E14D47101413A6139F2
:10F0E000A28FF15583168206A2AAD23300EE22CA5D
:10F0F00069006000A2ADF0556B00A26FF765ABB878
:10F10000F7557B013B2014F400E0A2536039610005
:10F11000D01871086F208F174F001504A28FF1656A
:10F1200083168206A2AAD233242824984F011534CC
:10F1300024468D90255C4DFF25387901248C151CC3
:10F14000239614E2A2ADF0657001A2ADF055623DC8
:10F15000610180063F00155A40011556710470FF89
:10F16000154CA2BAD21300EEA2ADF0656F0180F289
:10F170003001156E4D8C69FE1574A2ADF065B715A2
:10F1800000EEF755A27ED45400EE600780D230071F
:10F190001596CC1F245E6202C03F70AA643785C0FA
:10F1A00025761574600380D2300315CCCC1F245E05
:10F1B000380115B6C07F707F643985C06123620055
:10F1C0002576CC1F245E380115CCC07F707F643952
:10F1D00085C0619B620025761574000000CE32D296
:10F1E0002ED62ADA26DE22E21EE61AEA16EE12F2FF
:10F1F0000EF60AFA06FE02FA82F686F28AEE8EEA27
:10F2000092E696E29ADE9EDAA2D6A6D2AACEAEA563
:10F21000CEFD33A5CEF265320016254001710A40BD
:10F22000027114811EF11EF165245E643C65102597
:10F23000761574600F80D2300F1655CC1F643C8554
:10F24000C060966100245E62082576245E62042513
:10F2500076642D604B245E61872576245E610A25E5
:10F26000761574CC1F245E643285C060E66100258B
:10F2700076245E64362576245E643A257600EE6058
:10F280001F80D2301F1691CC1F245E642385C0607E
:10F2900042610C62022576245E618225764D40260D
:10F2A000574D8026574DC026571574600780D230C1
:10F2B0000716C3602080D2400016B5651C61A016F9
:10F2C000B96500611EC41F741F60BE245E257615DB
:10F2D00074600780D2300716E7601080D2651C6129
:10F2E000A0300016DD6500611E60006200C41F24AE
:10F2F0005E25761574600F80D2300F170F85D68586
:10F300005685566432605F61006205245E25766131
:10F3100014245E25766194245E25761574232214C8
:10F32000E2157E1598160316271673169F16C51636
:10F33000E9171100E30C00001EA52020200020F09A
:10F3400010700040E090E0909090E090E090E080BD
:10F3500080D0B0B09090909060609090906090D08D
:10F36000B090909050204000000000006090F0901D
:10F3700090F09090F080E080808080F080E080F0DD
:10F38000404040F0204080F0202020C060908090DD
:10F39000609090B07080B09070806010E090A0C0DD
:10F3A000A09090B0B0D0F04040404090907010E0FD
:10F3B000000000000000000000000000000000004D
:10F3C000000000000000000000000000000000003D
:10F3D000000000000000000000000000000000002D
:10F3E000000000000000000000000000000000001D
:10F3F000000000000000000000000000000000000D
:10F4000000000000000000000000000000000000FC
:10F41000000000000000000007E000000000000005
:10F4200008180000000000001004000000000000A8
:10F430002002000000000000200200000000000088
:10F440002821000000000000400100000000000032
:10F4500040010000000000004001000000000FC05B
:10F460004F8100000000103046010000000020081D
:10F4700020020000000030E82002000000004F04DD
:10F48000100C0000000050841FF600000000400433
:10F490007709000000004F849790C0000000504C96
:10F4A0000EE020000000201E0C00100000007FFF76
:10F4B0000A41320C712D3A1F0A2D2D2D5E52351F37
:10F4C0001F3D052D2D2D2D2D2D2D2D2D241F0035CE
:10F4D0001F672D32101F1A6C2D2D2D2D00000000DE
:10F4E000000000000000000000700000003E0070FE
:10F4F0003C8C7F0001C18188428480E0020042048C
:10F500004284801004004402210480100800440159
:10F5100021050010100388011005071014070800CA
:10F5200090450FD0100C08609009067020180870E4
:10F53000900901A0201810B05419008028101090D4
:10F540004C1A07002010D0F0A8324660200F580057
:10F5500028B203902920D100243300103009D4723E
:10F5600017734010144398F8B66302101AA71B9A39
:10F570003361D0300D1E1F8D63C1FAD00FFC0D0713
:10F58000E181FF7004600002C0008C2000000000D8
:10F5900080000000000000000000000000FB379821
:10F5A00073CFBC0000FBF7D8FBEFBE0000C1E6D86C
:10F5B000DB6C360000F0C7D8DBEF3E0000C1E798F7
:10F5C000DBCC3C0000FBF61EFB6FB60000FB361EDA
:10F5D000736FB60000000000000000000004003D52
:10F5E00097FFFFFFFFFDFF9D4BFF8B472004005D52
:10F5F000CBFFD84F2604001D05FFDB5F2104001D53
:10F6000085FFDB4720847C1C05FFFFFF2084DA5D3B
:10F61000C5FF8B472094BCDDE5FF995B20B4E61D58
:10F62000E61FBA5B2094C2DDCFE78B4720857DDCE7
:10F630003FF9FFFF2FF5839FFFFEFFFF2005FF1F10
:10F64000FFFF7FFFFFFCFE1FFFF3BF07FFFCFE1F56
:10F65000FFEDDEFBA22DF80C07DDEDFD2AA807F774
:10F66000F9D9E37EAAABFFEC1ED6F3FEA225F80083
:10F6700006E71BFEFFFA07F80377C07E000BBFFE0C
:10F68000037BF8FCFFFB9FFF817CEDF8000BBFFFC5
:10F69000817F0E00FFFBAFF0617FEE60FFFBBA3FA2
:10F6A000F97FDC98FFFDBDFFFE3FDCF8FFFDBCFFEE
:10F6B000FFCFDCFC0001BD7FFFF1BCFCFFFDBDBF47
:10F6C000000E3CDC00011DC8FFFF8FDE00001DF3B3
:10F6D000FFFFF3BE000004FBFFFFFC7CF8711F1A64
:10F6E0002D3541320A2D2D2D2D322D0A1A17103DA0
:10F6F000412D45242D6C35412D0C455E6C32245234
:10F70000414D1A5E6C2D322D101A2452351F3A2DA0
:10F710005A1F3D0C052D351F671A5E413D415E5E47
:10F7200000523D45171045245A2D1F1A6C711F1A9F
:10F730002D4117410A5A412D2D6C1F2D0C3249497C
:10F740003D45245A2D5E1A243D455A356C322D27ED
:10F75000455E451F242D1F3A2D322D12710A321796
:10F76000450C052D325E41520A416C2D67323D3DFC
:10F77000055E1F17411F24412D3D413A6C6C3541F8
:10F78000450A2D5E631A3D3D2D35410A41052D5A2E
:10F790000A1F5E5E00711F1A2D171A5E6C2D2D2D2B
:10F7A0002D0A416C1A0A242D6C1F2D2D2D67354111
:10F7B0000A412D6C35455E2D2D323D3D2D10415AAF
:10F7C0003224322D0C41320C2D41240C052D241AEB
:10F7D0006C5E005E2467416700E0600061006200CB
:10F7E0006301D011F31E7201700840407101404066
:10F7F0006000312016AA00EE610262016300A000E1
:10F80000F31EF065A202F01ED1257105413E72067D
:10F81000413E61027301534016C600EE6080F01550
:10F82000F007300016E800EEA5A460046116D011C0
:10F830006034611DD01100EE60A36178A6C6F15559
:10F84000641326C000EE60A3618BA6C6F155640C5C
:10F8500026C000EE60A36197A6C6F155640D26C0D0
:10F8600000EE0000000000000000FFFFFFFFFFFFB0
:10F87000FFFF00FE55228800000000000011918B60
:10F880008FDFC3BDBDBDB9B9BDBD817E5A7E7E5A75
:10F890007E81E7E7C3818242DB93E7E7C381414290
:10F8A000DBC904010103010103000201010101019F
:10F8B0000103000201010101010100000202020234
:10F8C000010604010301030101010201010101011B
:10F8D0000105000101060101020200010202010509
:10F8E0000000030101010101010401010102020202
:10F8F00002020501010101010101020501010601E8
:10F9000001050101010103010103040106010101D7
:10F9100001050201020101010202000100050101CD
:10F9200000000501030003010104010101030101BD
:10F9300001020101010101010100020201060105AC
:10F94000020004010101010101010201010601059A
:10F950000105000101020101010100010100010591
:10F960000105000301050101010403010101010179
:10F970000102010101050201010005050106000166
:10F980000100030301040105030305050101010151
:10F990000505010101010101010102010106010149
:10F9A0000105A76A00EEA78A00EEA7AA00EEA7CA83
:10F9B00000EEA7EA00EEA80A00EEA82A00EEA84A88
:10F9C00000EE80EE800EB86A6800288AF81EF7659F
:10F9D000A3A4F81EF75578083820189200EE800E80
:10F9E000800E800EA72AF01E00EE6A0069008D10BE
:10F9F0008DD68DD68DD68C208CC68CC68CC600EE4E
:10FA0000289000E0610062006300A3A4F31EF0658B
:10FA1000400628B228A6D128730171084140720817
:10FA200041406100322018D200EE802E800E800E00
:10FA30008014A3A4F01E00EE28F2F06528A6811E13
:10FA4000811E811E822E822E822ED12800EE8130D0
:10FA5000824000EE29162900291628F28050F05520
:10FA60002916290000EE81D082C000EE83D084C028
:10FA700000EE292E816400EE292E72FF00EE292E61
:10FA8000720100EE292E290000EE294028F2F065CF
:10FA900000EE60004C0000EE295230056000400589
:10FAA000600100EE6700680788153F0100EE6803FB
:10FAB00088253F0100EE28F2F0654001670140040F
:10FAC000670100EE2934836429167201296C37011D
:10FAD000199E7401199000EE291628F2F065400471
:10FAE0006901294C292E28F26001F055294C8D30EE
:10FAF0008C40650685A4291C00EE6501293474FF3D
:10FB0000291C00EE650519C42934836474FF29A0FB
:10FB100000EE29408164296C370100EE29408164A0
:10FB200072FF296C370100EE29C229D029CC00EEE2
:10FB30002940296C370100EE29408164296C370186
:10FB400000EE29D000EE292E8164296C370119DAE4
:10FB5000292E816472FF296C370100EE29C2298C9D
:10FB600029A029CC00EE295A30001A0E292E8164D2
:10FB7000296C370119F8298C29A000EE66FF4A008C
:10FB80001A2E29346506291C6A0000EE66014A0116
:10FB90001A2E29346507291C6A0100EE293A296CBE
:10FBA000370100EE293474FF6501291C298C650595
:10FBB000291C00EE66014A0066FF295A30001A64CB
:10FBC000293A28F2F065300500EE2952300100EEA6
:10FBD000293483646501291C293474FF6505291CB7
:10FBE00000EE00A378FD5528C8FB0A4B0428C84B3B
:10FBF000072A444B092A544B062A7C49001AB16053
:10FC000020F01800E0AAAAF0657001AAAAF055A396
:10FC100078FD6500EE00400000002040000040201C
:10FC2000000000000060F0F060006060007040F0D4
:10FC3000500102040810204080030607040E060746
:10FC40000403030C0407050704070609040A040B50
:10FC5000030503050305030503000201050A060762
:10FC6000070809030C0C0C0C0E030402010908061A
:10FC7000070A090A0B0D0E0F0D0002010A0D0305FC
:10FC8000060809040B0B0B0B0B0003020001050611
:10FC9000070504080B0D0D030F28EB0A7A02EF2865
:10FCA0002A6A4A5A427A0A6E2808084A08FF405EC1
:10FCB00052427E40CF084A080800705050D7545432
:10FCC00054545454D514147C00282828EB0A6A0A8A
:10FCD0003A223A2A2E2038082808081C7F5CC908D6
:10FCE0001C601C08081C601C08100003F310101096
:10FCF000DFD01616101010101000024A6670787CC3
:10FD0000FF7C7870664A0200000076525A0400397F
:10FD1000FB3900045A52760000107E087E107E08DF
:10FD20007E107E087E107E10100808D852D0103841
:10FD30002B3A1202C24E781018105410FF047C4067
:10FD40007C041C1000286C743800F2EA0202C30A1A
:10FD5000FA02FAA28A22F29A380808083E22FB2206
:10FD60003E08080808080808080808083E22FB2280
:10FD70003E0808080808080A080808083E22FB226E
:10FD80003E080808080A080A080808083E22FB225C
:10FD90003E08080A080A080A083D0600EE34070073
:10FDA000EE65FC00EE00E06100640083DE833E83CC
:10FDB0003E833EAB61F31EF41EF065850062002CAD
:10FDC00061AADDC00CF01E85563F00AAEDD1247259
:10FDD0000432201C897104740134101C7B6AFF6991
:10FDE000FFA278FD1EF065300000EE80DEAB01F072
:10FDF0001EF1658A008910800E800E811E811EAA68
:10FE0000EDD014AAF5D01400EE80CE800E81BE8114
:10FE10001EAAF1D01400EE88C087B000EE5CA000EE
:10FE2000EE5B9000EE660100EEAB6180DE800E803E
:10FE30000E800EF01E630F82C08232F21EF06581CA
:10FE400000AAF9630782B08232F21EF06580126F59
:10FE50000130002CE5300000EE8C808B706F0000CC
:10FE6000EEFD1EF06590D000EE8D002C6D00EE7C56
:10FE7000FF2CF14F0000EE3CFF00EEAB516C0F1D6C
:10FE8000297C012CF14F0000EE3C1000EE6C00AB21
:10FE9000311D297BFF2CF14F0000EE3BFF00EE6B84
:10FEA00007AB211D297B012CF14F0000EE3B080020
:10FEB000EE6B00AB411D2942071D3742091D494227
:10FEC000051D5B42081D6D00EE600CF05500E06002
:10FED000A561A5A6C6F155642426C0F00A00EEABC4
:10FEE000A92D9100EEABAE2D9100EE00E060A56172
:10FEF000C9A6C6F155642026C0F00A00EE00E060F5
:10FF0000A66115A6C6F155642426C0F00A00EE00CD
:10FF1000E060A66139A6C6F155642426C0F00A0047
:10FF2000EE00E060A6618AA6C6F155641126C0F015
:10FF30000A00EE00E060A6619BA6C6F155640526A6
:10FF4000C0F00A00EE00EE6E002AAB00EE6E012A51
:10FF5000AB00EE6E022AAB00EE6E032AAB00EE6E33
:10FF6000042AAB00EE6E052AAB00EE6E062AAB004B
:10FF7000EE6E072AAB00E060A561E9A6C6F1556404
:10FF80002C26C0F00AA4A426A01E511E391DB31EA3
:10FF9000151E0F1DAD1DD71E1B1DA71E211E331DB7
:10FFA000E900EE1DC51E271DFB1E2DAAAAF0653017
:10FFB0000700EE7001AAAAF05500E060A6615DA6F8
:10FFC000C6F155642D26C0F00AAB316000F0550033
:10FFD000EEA278FD1E6001F05580DEBE53A27826A9
:10FFE000A0270026E4270026F0270E26E4270E2669
:10FFF000F0271C26E4271CA3A426A0F00A6C0A6B99
:020000040802F0
:10000000042C6D2CD1F20A2CD12CDF66002D7F360A
:10001000002E992E7336002C6D1ECB0000000000C0
:10002000963007772C610EEEBA51099919C46D0705
:100030008FF46A7035A563E9A395649E3288DB0E60
:10004000A4B8DC791EE9D5E088D9D2972B4CB60943
:10005000BD7CB17E072DB8E7911DBF906410B71D20
:10006000F220B06A4871B9F3DE41BE847DD4DA1A59
:10007000EBE4DD6D51B5D4F4C785D38356986C138A
:10008000C0A86B647AF962FDECC9658A4F5C011403
:10009000D96C0663633D0FFAF50D088DC8206E3BE1
:1000A0005E10694CE44160D5727167A2D1E4033CF3
:1000B00047D4044BFD850DD26BB50AA5FAA8B5351A
:1000C0006C98B242D6C9BBDB40F9BCACE36CD83209
:1000D000755CDF45CF0DD6DC593DD1ABAC30D926B0
:1000E0003A00DE518051D7C81661D0BFB5F4B421B3
:1000F00023C4B3569995BACF0FA5BDB89EB80228B0
:100100000888055FB2D90CC624E90BB1877C6F2F34
:10011000114C6858AB1D61C13D2D66B69041DC762F
:100120000671DB01BC20D2982A10D5EF8985B17108
:100130001FB5B606A5E4BF9F33D4B8E8A2C90778B7
:1001400034F9000F8EA8099618980EE1BB0D6A7F4E
:100150002D3D6D08976C6491015C63E6F4516B6B07
:1001600062616C1CD83065854E0062F2ED95066CBC
:100170007BA5011BC1F4088257C40FF5C6D9B06531
:1001800050E9B712EAB8BE8B7C88B9FCDF1DDD628E
:10019000492DDA15F37CD38C654CD4FB5861B24DF4
:1001A000CE51B53A7400BCA3E230BBD441A5DF4ABE
:1001B000D795D83D6DC4D1A4FBF4D6D36AE9694381
:1001C000FCD96E34468867ADD0B860DA732D04442C
:1001D000E51D03335F4C0AAAC97C0DDD3C71055057
:1001E000AA41022710100BBE86200CC925B56857FE
:1001F000B3856F2009D466B99FE461CE0EF9DE5E47
:1002000098C9D9292298D0B0B4A8D7C7173DB359F7
:10021000810DB42E3B5CBDB7AD6CBAC02083B8ED88
:10022000B6B3BF9A0CE2B6039AD2B1743947D5EA95
:10023000AF77D29D1526DB048316DC73120B63E3C4
:10024000843B64943E6A6D0DA85A6A7A0BCF0EE423
:100250009DFF099327AE000AB19E077D44930FF0DE
:10026000D2A3088768F2011EFEC206695D5762F7D5
:10027000CB67658071366C19E7066B6E761BD4FE12
:10028000E02BD3895A7ADA10CC4ADD676FDFB9F9EF
:10029000F9EFBE8E43BEB717D58EB060E8A3D6D6B1
:1002A0007E93D1A1C4C2D83852F2DF4FF167BBD1DF
:1002B0006757BCA6DD06B53F4B36B248DA2B0DD8E2
:1002C0004C1B0AAFF64A0336607A0441C3EF60DF85
:1002D00055DF67A8EF8E6E3179BE69468CB361CB6E
:1002E0001A8366BCA0D26F2536E2685295770CCC93
:1002F00003470BBBB91602222F260555BE3BBAC5D4
:10030000280BBDB2925AB42B046AB35CA7FFD7C2C4
:1003100031CFD0B58B9ED92C1DAEDE5BB0C2649BB5
:1003200026F263EC9CA36A750A936D02A906099CE8
:100330003F360EEB8567077213570005824ABF955B
:10034000147AB8E2AE2BB17B381BB60C9B8ED292DE
:100350000DBED5E5B7EFDC7C21DFDB0BD4D2D38635
:1003600042E2D4F1F8B3DD686E83DA1FCD16BE81A8
:100370005B26B9F6E177B06F7747B718E65A088879
:10038000706A0FFFCA3B06665C0B0111FF9E658F0A
:1003900069AE62F8D3FF6B6145CF6C1678E20AA0B4
:1003A000EED20DD75483044EC2B30339612667A73A
:1003B000F71660D04D476949DB776E3E4A6AD1AE89
:1003C000DC5AD6D9660BDF40F03BD83753AEBCA918
:1003D000C59EBBDE7FCFB247E9FFB5301CF2BDBD85
:1003E0008AC2BACA3093B353A6A3B4240536D0BA8E
:1003F0009306D7CD2957DE54BF67D9232E7A66B32B
:10040000B84A61C4021B685D942B6F2A37BE0BB4D7
:10041000A18E0CC31BDF055A8DEF022D5CCF6AA2A3
:10042000719743897AE35D9560E9599C7BE258A412
:1004300052414D4E2A4543555F412A303030312AD2
:10044000554E4954312A0000100220000FA000012F
:10045000FF070000FF070000FF070000FF07000084
:10046000FF070000FF070000FF070000FF07000074
:10047000FF070000FF070000F0070000F007000082
:1004800000000000240000003900000062000000AD
:10049000770000009800000050010000A701000054
:1004A000B8010000BB010000D301000050050000AE
:1004B000E00700000000000000FFFF0000FFFF0059
:1004C00000FFFF0000FFFF0000FFFF0000FFFF0034
:1004D00000FFFF0000FFFF0000FFFF0000FFFF0024
:1004E00000F0FF0000F0FF00000000005A01F018CB
:1004F0005A03F0181309F0180305F0185AD4FD1820
:100500004741FE0C05CCFD0C21D4FD182100FF183D
:100510000DFAFE180000551800007E1800000000BB
:10052000E0000320F4000320AC000320940003202B
:1005300008010320C00003201C01032039322C21B4
:100540000F1E09051E6B6F0A161B03050A0D1427E3
:1005500024DF010880060208070000007805020871
:1005600010000100ACDF010860070208070000006E
:10057000F80502081100000001F000000100000071
:10058000000400000000000003F000000300000071
:10059000000000000200000004F000000400000061
:1005A00009F000000600000005F00000080000004F
:1005B0000001000007000000FAFE00000D0000002E
:1005C000F1FE00000C000000CCFD00000B0000005C
:1005D00041FE00000F00000000FF000010000000BE
:1005E00002FF0000FF00000000EF0000FF0000001D
:1005F000D4FD0000FF000000240000000100000006
:100600001A00000000000000390000000300000094
:100610002F00000002000000430000000400000062
:100620006200000006000000580000000500000005
:1006300077000000080000006D00000007000000C7
:100640009800000009000000A20000000A0000005D
:10065000D30100000D000000C90100000C000000E3
:10066000A70100000B000000B80100000E00000010
:10067000500100000F000000BB010000100000004E
:100680002A0B0404000000400000000000000000ED
:100690000800000014000000FFFFFFFF0000000042
:1006A0002A00000C000000400000000000000000D4
:1006B000080000000A000000FFFFFFFF020000002A
:1006C0002A04F00C000000400000000000000000C0
:1006D0000800000014000000FFFFFFFF04000000FE
:1006E0002A13EF0800000040000000000000000096
:1006F0000800000014000000FFFFFFFF05000000DD
:100700002A03010C0000004000000000000000006F
:100710000800000032000000FFFFFFFF070000009C
:100720002A5AEF18000000400000000000000000FE
:100730000800000064000000FFFFFFFF0A00000047
:100740002AF1FE1800000040000000000000000038
:100750000800000064000000FFFFFFFF0C00000025
:100760001A0000000000000000000000000000006F
:10077000080000000A000000100020000000000037
:100780002F0000000000000000000000000000003A
:10079000080000000A000000100020000200000015
:1007A0004300000000000000000000000000000006
:1007B000080000000A0000001000200004000000F3
:1007C00058000000000000000000000000000000D1
:1007D000080000000A0000001000200005000000D2
:1007E0006D0000000000000000000000000000009C
:1007F0000800000064000000100020000700000056
:10080000A200000000000000000000000000000046
:100810000800000064000000100020000A00000032
:10082000C9010000000000000000000000000000FE
:100830000800000064000000100020000C00000010
:100840000001020304050607080C101418203040AC
:1008500030313233343536373839414243444546F6
:100860000000000000000000000000000000000088
:100870000000000000000000000000000000000078
:100880000000000000000000000000000000000068
:10089000000102030405060708090000000000002B
:1008A000000A0B0C0D0E0F000000000000000000FD
:1008B0000000000000000000000000000000000038
:1008C000000A0B0C0D0E0F000000000000000000DD
:1008D0000000000000000000000000000000000018
:1008E0000000000000000000000000000000000008
:1008F00000000000000000000000000000000000F8
:1009000000000000000000000000000000000000E7
:1009100000000000000000000000000000000000D7
:1009200000000000000000000000000000000000C7
:1009300000000000000000000000000000000000B7
:1009400000000000000000000000000000000000A7
:100950000000000000000000000000000000000097
:10096000A0860100400D0300801A060000350C002F
:1009700040420F0080841E0000093D0000127A00F2
:100980000024F40000366E010048E801006CDC022F
:100990000000000000000000000000000000000057
:1009A000000000000102030400000000000000003D
:1009B00001020304060708090001020304050607F3
:0C09C000080C1014182030403700000014
:0809CC0074F8FD7F010000003A
:0409D40025020008F0
:0409D8000102000810
:1009DC00D0070000FFFFFFFF5000A0000100000047
:1009EC0000000000000000000000000000000000FB
:1009FC0000000000000000000000000000000000EB
:100A0C0000000000000000000000000002000000D8
:100A1C000100000000000000000000000000004089
:100A2C0000000000020000000100000000000000B7
:100A3C0000000000FFFF204003002E001800000003
:100A4C0000000000000000000000FF070100010092
:100A5C000000000000000000010000000000000089
:100A6C0000000101919F0008299C0008219C0008AE
:100A7C00D59F0008099A00080100000061A0000839
:100A8C0029A3000839A0000800000000B1A000084C
:100A9C00F9A5000831A6000800000000F9A700081D
:100AAC00000000006CDB010874DB010884DB01082A
:100ABC0031AC00085DAA00080000000041AA000843
:100ACC0000000000A1AD000859AC000800000000B7
:100ADC0045AC000800000000A5AD000891AE000870
:100AEC00000000000000000000000000C1AF000882
:100AFC001DB0000800000000000000000000000015
:100B0C000100200064050208E80700000000000056
:100B1C0000000000000000000000000000000000C9
:100B2C0000000000000000000000000000000000B9
:100B3C00E8070000000000000000000000000000BA
:100B4C000000000000000000000000000000000099
:100B5C000000000000010000000000000000000088
:100B6C000000000000093D0001000000080000002A
:100B7C000000000000000000000000000000000069
:100B8C000100000000000000000000002000000038
:100B9C00295E0108E55D0108B95D0108000000004F
:100BAC00715C0108415D0108E15C01080000000076
:100BBC000000000000000000A15C0108A15C01081D
:100BCC00A15C0108B15C0108C15C010812034D0075
:100BDC00530046005400310030003000200000006B
:100BEC0009024B0002010080FA080B00020202010C
:100BFC000209040000010202010005240010010595
:100C0C0024010001042402020524060001070583C7
:100C1C000308000809040100020A0000000705048B
:100C2C000240000007058402400000000A06000292
:100C3C000000004001000000AAAAAAAA3D970108E2
:100C4C00A5950108A995010845960108119601087A
:100C5C001A0300000000000000000000000000006B
:100C6C000000000000000000000000000403090464
:100C7C0012010002EF0201408304405700010102FF
:100C8C0003010000F1970108FD970108099801087C
:100C9C0021980108699801083998010851980108B0
:100CAC00D402032000000000B47403201C75032040
:100CBC00847503200000000000000000000000000C
:100CCC000000000000000000000000000000000018
:100CDC000000000000000000000000000000000008
:100CEC0000000000000000000000000000000000F8
:100CFC0070B58AB072B6AA244FF40055684600F05D
:100D0C0063F80621069BCDE9044543F08063284A2D
:100D1C0000910693936A002B03DA2649264B9160C7
:100D2C009360234B9A6A520003D52449244A1961D3
:100D3C001A61244C2378012B36D0012300264FF462
:100D4C007A702370666000F043F8054668B126702F
:100D5C00174B9A6A42F080429A629A6A42F00042B9
:100D6C009A6262B601200AB070BD114E049A336CBF
:100D7C004FF47A7023F0FF0313433364326C069BF9
:100D8C0022F0806203F0806313433364B36A43F44C
:100D9C000033B36200F01CF825700028D8D1B36A78
:100DAC0043F00063B362DCE702200AB070BD00BF01
:100DBC000020024023016745AB89EFCD3B2A19087F
:100DCC007F6E5D4CA00103205FF800F02DFE000843
:080DDC005FF800F0CDFA0008F9
:040000050800EB0DF7
:00000001FF
